"df [mm],""ex1 [mm]"",""ex2 [mm]"",""Phi [deg]"",""XPF1 [mm]"",""XPF2 [mm]"",""YG [mm]"",""Freq [GHz]"",""max(dB(GainTotal)) []"""
-2,0.5,1.5,0,9,8,5,0.6,-28.4961655522607
-2,0.5,1.5,0,9,8,5,0.7,-26.7210711026832
-2,0.5,1.5,0,9,8,5,0.8,-25.2884837701372
-2,0.5,1.5,0,9,8,5,0.9,-23.8400105882965
-2,0.5,1.5,0,9,8,5,1,-22.631888851164
-2,0.5,1.5,0,9,8,5,1.1,-21.5316226818206
-2,0.5,1.5,0,9,8,5,1.2,-20.3945552850955
-2,0.5,1.5,0,9,8,5,1.3,-19.526079087072
-2,0.5,1.5,0,9,8,5,1.4,-18.5707124710632
-2,0.5,1.5,0,9,8,5,1.5,-17.8411587705901
-2,0.5,1.5,0,9,8,5,1.6,-17.2548894878097
-2,0.5,1.5,0,9,8,5,1.7,-16.7618434215709
-2,0.5,1.5,0,9,8,5,1.8,-16.5150020009629
-2,0.5,1.5,0,9,8,5,1.9,-16.1164835125417
-2,0.5,1.5,0,9,8,5,2,-15.9047608281097
-2,0.5,1.5,0,9,8,5,2.1,-15.7453092233913
-2,0.5,1.5,0,9,8,5,2.2,-15.5957082294493
-2,0.5,1.5,0,9,8,5,2.3,-15.6261349261432
-2,0.5,1.5,0,9,8,5,2.4,-15.5747849157604
-2,0.5,1.5,0,9,8,5,2.5,-15.6622949068317
-2,0.5,1.5,0,9,8,5,2.6,-15.7160313924211
-2,0.5,1.5,0,9,8,5,2.7,-15.7496893620554
-2,0.5,1.5,0,9,8,5,2.8,-15.7936165547619
-2,0.5,1.5,0,9,8,5,2.9,-15.8462110730266
-2,0.5,1.5,0,9,8,5,3,-15.8381240223468
-2,0.5,1.5,0,9,8,5,3.1,-15.8499779424079
-2,0.5,1.5,0,9,8,5,3.2,-15.7507861507668
-2,0.5,1.5,0,9,8,5,3.3,-15.6333359137118
-2,0.5,1.5,0,9,8,5,3.4,-15.4364967243296
-2,0.5,1.5,0,9,8,5,3.5,-15.1741627591773
-2,0.5,1.5,0,9,8,5,3.6,-14.9298596744765
-2,0.5,1.5,0,9,8,5,3.7,-14.6255466958555
-2,0.5,1.5,0,9,8,5,3.8,-14.3285801191143
-2,0.5,1.5,0,9,8,5,3.9,-14.0027791430379
-2,0.5,1.5,0,9,8,5,4,-13.6483315047966
-2,0.5,1.5,0,9,8,5,4.1,-13.3035593084941
-2,0.5,1.5,0,9,8,5,4.2,-12.9681744935989
-2,0.5,1.5,0,9,8,5,4.3,-12.6566037133596
-2,0.5,1.5,0,9,8,5,4.4,-12.3687838873688
-2,0.5,1.5,0,9,8,5,4.5,-12.0962584956383
-2,0.5,1.5,0,9,8,5,4.6,-11.8559748987229
-2,0.5,1.5,0,9,8,5,4.7,-11.6396222496675
-2,0.5,1.5,0,9,8,5,4.8,-11.4348500284429
-2,0.5,1.5,0,9,8,5,4.9,-11.2552708229859
-2,0.5,1.5,0,9,8,5,5,-11.100769967683
-2,0.5,1.5,0,9,8,5,5.1,-10.9614609617274
-2,0.5,1.5,0,9,8,5,5.2,-10.8410152078091
-2,0.5,1.5,0,9,8,5,5.3,-10.733980973623
-2,0.5,1.5,0,9,8,5,5.4,-10.6362005976624
-2,0.5,1.5,0,9,8,5,5.5,-10.5491425960063
-2,0.5,1.5,0,9,8,5,5.6,-10.4562435462737
-2,0.5,1.5,0,9,8,5,5.7,-10.3657168234839
-2,0.5,1.5,0,9,8,5,5.8,-10.2761133384102
-2,0.5,1.5,0,9,8,5,5.9,-10.1893433393464
-2,0.5,1.5,0,9,8,5,6,-10.0973828413462
-2,0.5,1.5,0,9,8,5,6.1,-10.0125078852633
-2,0.5,1.5,0,9,8,5,6.2,-9.93300952178634
-2,0.5,1.5,0,9,8,5,6.3,-9.85310977777949
-2,0.5,1.5,0,9,8,5,6.4,-9.78474028761698
-2,0.5,1.5,0,9,8,5,6.5,-9.70949694851021
-2,0.5,1.5,0,9,8,5,6.6,-9.65666166582588
-2,0.5,1.5,0,9,8,5,6.7,-9.60570638985041
-2,0.5,1.5,0,9,8,5,6.8,-9.55406326023454
-2,0.5,1.5,0,9,8,5,6.9,-9.51555631192365
-2,0.5,1.5,0,9,8,5,7,-9.48764268109003
-2,0.5,1.5,0,9,8,5,7.1,-9.46799090509605
-2,0.5,1.5,0,9,8,5,7.2,-9.45042104377656
-2,0.5,1.5,0,9,8,5,7.3,-9.43645777711294
-2,0.5,1.5,0,9,8,5,7.4,-9.41435683994814
-2,0.5,1.5,0,9,8,5,7.5,-9.39395286794736
-2,0.5,1.5,0,9,8,5,7.6,-9.37445383168017
-2,0.5,1.5,0,9,8,5,7.7,-9.34103817773824
-2,0.5,1.5,0,9,8,5,7.8,-9.30113346156273
-2,0.5,1.5,0,9,8,5,7.9,-9.25552453777814
-2,0.5,1.5,0,9,8,5,8,-9.21197182204163
-2,0.5,1.5,0,9,8,5,8.1,-9.158200094431
-2,0.5,1.5,0,9,8,5,8.2,-9.10792103584251
-2,0.5,1.5,0,9,8,5,8.3,-9.06653230343708
-2,0.5,1.5,0,9,8,5,8.4,-9.02493664782017
-2,0.5,1.5,0,9,8,5,8.5,-8.9824519063113
-2,0.5,1.5,0,9,8,5,8.6,-8.95333974568043
-2,0.5,1.5,0,9,8,5,8.7,-8.9490983056496
-2,0.5,1.5,0,9,8,5,8.8,-8.96033575944094
-2,0.5,1.5,0,9,8,5,8.9,-8.9910217599671
-2,0.5,1.5,0,9,8,5,9,-9.0359277051938
-2,0.5,1.5,0,9,8,5,9.1,-9.09631726012828
-2,0.5,1.5,0,9,8,5,9.2,-9.17699041675832
-2,0.5,1.5,0,9,8,5,9.3,-9.26153714278859
-2,0.5,1.5,0,9,8,5,9.4,-9.35355628361359
-2,0.5,1.5,0,9,8,5,9.5,-9.44899705051888
-2,0.5,1.5,0,9,8,5,9.6,-9.54007397661108
-2,0.5,1.5,0,9,8,5,9.7,-9.62451671462915
-2,0.5,1.5,0,9,8,5,9.8,-9.71111876938367
-2,0.5,1.5,0,9,8,5,9.9,-9.79894020292098
-2,0.5,1.5,0,9,8,5,10,-9.88746820198159
-2,0.5,1.5,0,9,8,5,10.1,-9.98051084340484
-2,0.5,1.5,0,9,8,5,10.2,-10.0760594470866
-2,0.5,1.5,0,9,8,5,10.3,-10.166569154009
-2,0.5,1.5,0,9,8,5,10.4,-10.2267377876394
-2,0.5,1.5,0,9,8,5,10.5,-10.1846184895638
-2,0.5,1.5,0,9,8,5,10.6,-10.12201572375
2,0.5,1.5,0,9,8,5,0.6,-28.9224799321988
2,0.5,1.5,0,9,8,5,0.7,-27.2273119906935
2,0.5,1.5,0,9,8,5,0.8,-25.8799382525318
2,0.5,1.5,0,9,8,5,0.9,-24.5513460801272
2,0.5,1.5,0,9,8,5,1,-23.4631708464922
2,0.5,1.5,0,9,8,5,1.1,-22.4784280822941
2,0.5,1.5,0,9,8,5,1.2,-21.4619068132105
2,0.5,1.5,0,9,8,5,1.3,-20.7056345290096
2,0.5,1.5,0,9,8,5,1.4,-19.8496903099626
2,0.5,1.5,0,9,8,5,1.5,-19.2020968291023
2,0.5,1.5,0,9,8,5,1.6,-18.6792336208127
2,0.5,1.5,0,9,8,5,1.7,-18.2320390151129
2,0.5,1.5,0,9,8,5,1.8,-18.0101931826887
2,0.5,1.5,0,9,8,5,1.9,-17.6246563819421
2,0.5,1.5,0,9,8,5,2,-17.3966876959438
2,0.5,1.5,0,9,8,5,2.1,-17.2057309839428
2,0.5,1.5,0,9,8,5,2.2,-17.0149776108562
2,0.5,1.5,0,9,8,5,2.3,-16.9742633909752
2,0.5,1.5,0,9,8,5,2.4,-16.8705628006761
2,0.5,1.5,0,9,8,5,2.5,-16.8747166055907
2,0.5,1.5,0,9,8,5,2.6,-16.8579936009556
2,0.5,1.5,0,9,8,5,2.7,-16.8553911633093
2,0.5,1.5,0,9,8,5,2.8,-16.8793029699441
2,0.5,1.5,0,9,8,5,2.9,-16.9353600938192
2,0.5,1.5,0,9,8,5,3,-16.971235421238
2,0.5,1.5,0,9,8,5,3.1,-17.0181117227417
2,0.5,1.5,0,9,8,5,3.2,-17.0243763615317
2,0.5,1.5,0,9,8,5,3.3,-16.9935801252497
2,0.5,1.5,0,9,8,5,3.4,-16.9417781796145
2,0.5,1.5,0,9,8,5,3.5,-16.8182716799503
2,0.5,1.5,0,9,8,5,3.6,-16.6862660433165
2,0.5,1.5,0,9,8,5,3.7,-16.5091080261303
2,0.5,1.5,0,9,8,5,3.8,-16.3169209619257
2,0.5,1.5,0,9,8,5,3.9,-16.1074810310656
2,0.5,1.5,0,9,8,5,4,-15.8806142694598
2,0.5,1.5,0,9,8,5,4.1,-15.6435593622857
2,0.5,1.5,0,9,8,5,4.2,-15.4340955452176
2,0.5,1.5,0,9,8,5,4.3,-15.2425506706039
2,0.5,1.5,0,9,8,5,4.4,-15.0763957461541
2,0.5,1.5,0,9,8,5,4.5,-14.9228716168593
2,0.5,1.5,0,9,8,5,4.6,-14.7874078764987
2,0.5,1.5,0,9,8,5,4.7,-14.6707763796691
2,0.5,1.5,0,9,8,5,4.8,-14.5765791422338
2,0.5,1.5,0,9,8,5,4.9,-14.4855976477004
2,0.5,1.5,0,9,8,5,5,-14.4004322448218
2,0.5,1.5,0,9,8,5,5.1,-14.3276080280629
2,0.5,1.5,0,9,8,5,5.2,-14.2534044813494
2,0.5,1.5,0,9,8,5,5.3,-14.1734055957942
2,0.5,1.5,0,9,8,5,5.4,-14.0849254521696
2,0.5,1.5,0,9,8,5,5.5,-13.9777505309697
2,0.5,1.5,0,9,8,5,5.6,-13.8649336479755
2,0.5,1.5,0,9,8,5,5.7,-13.7359533821011
2,0.5,1.5,0,9,8,5,5.8,-13.6008198476116
2,0.5,1.5,0,9,8,5,5.9,-13.4566437634991
2,0.5,1.5,0,9,8,5,6,-13.3116713218552
2,0.5,1.5,0,9,8,5,6.1,-13.1743572787945
2,0.5,1.5,0,9,8,5,6.2,-13.0337144744632
2,0.5,1.5,0,9,8,5,6.3,-12.8974356813325
2,0.5,1.5,0,9,8,5,6.4,-12.7758094915379
2,0.5,1.5,0,9,8,5,6.5,-12.6628283082404
2,0.5,1.5,0,9,8,5,6.6,-12.5552524155485
2,0.5,1.5,0,9,8,5,6.7,-12.4537251577051
2,0.5,1.5,0,9,8,5,6.8,-12.3554532486382
2,0.5,1.5,0,9,8,5,6.9,-12.2607098376094
2,0.5,1.5,0,9,8,5,7,-12.1851425038775
2,0.5,1.5,0,9,8,5,7.1,-12.1134599678866
2,0.5,1.5,0,9,8,5,7.2,-12.0404412490422
2,0.5,1.5,0,9,8,5,7.3,-11.9744099018182
2,0.5,1.5,0,9,8,5,7.4,-11.9104194398296
2,0.5,1.5,0,9,8,5,7.5,-11.8556846361679
2,0.5,1.5,0,9,8,5,7.6,-11.7988441725694
2,0.5,1.5,0,9,8,5,7.7,-11.7414085271382
2,0.5,1.5,0,9,8,5,7.8,-11.6840215570496
2,0.5,1.5,0,9,8,5,7.9,-11.622666549296
2,0.5,1.5,0,9,8,5,8,-11.5625780407374
2,0.5,1.5,0,9,8,5,8.1,-11.4996564143963
2,0.5,1.5,0,9,8,5,8.2,-11.4383996675515
2,0.5,1.5,0,9,8,5,8.3,-11.3702227885798
2,0.5,1.5,0,9,8,5,8.4,-11.2970008447819
2,0.5,1.5,0,9,8,5,8.5,-11.2252039128773
2,0.5,1.5,0,9,8,5,8.6,-11.1585900684734
2,0.5,1.5,0,9,8,5,8.7,-11.1095729989795
2,0.5,1.5,0,9,8,5,8.8,-11.0519066143538
2,0.5,1.5,0,9,8,5,8.9,-10.9826181689349
2,0.5,1.5,0,9,8,5,9,-10.8925038012052
2,0.5,1.5,0,9,8,5,9.1,-10.7999176798362
2,0.5,1.5,0,9,8,5,9.2,-10.7083329111299
2,0.5,1.5,0,9,8,5,9.3,-10.610472414652
2,0.5,1.5,0,9,8,5,9.4,-10.5143485625353
2,0.5,1.5,0,9,8,5,9.5,-10.4412558918586
2,0.5,1.5,0,9,8,5,9.6,-10.3748477285157
2,0.5,1.5,0,9,8,5,9.7,-10.3063171837925
2,0.5,1.5,0,9,8,5,9.8,-10.241218670326
2,0.5,1.5,0,9,8,5,9.9,-10.153758315679
2,0.5,1.5,0,9,8,5,10,-10.0273306479782
2,0.5,1.5,0,9,8,5,10.1,-9.89694575474679
2,0.5,1.5,0,9,8,5,10.2,-9.77003529072724
2,0.5,1.5,0,9,8,5,10.3,-9.66403730442267
2,0.5,1.5,0,9,8,5,10.4,-9.56987922680219
2,0.5,1.5,0,9,8,5,10.5,-9.47402601410886
2,0.5,1.5,0,9,8,5,10.6,-9.38936725134465
-2,0.5,1.5,0,9,12,5,0.6,-28.6610829974925
-2,0.5,1.5,0,9,12,5,0.7,-26.9292019354391
-2,0.5,1.5,0,9,12,5,0.8,-25.5290130163152
-2,0.5,1.5,0,9,12,5,0.9,-24.1166024938731
-2,0.5,1.5,0,9,12,5,1,-22.9399767186232
-2,0.5,1.5,0,9,12,5,1.1,-21.8642919286509
-2,0.5,1.5,0,9,12,5,1.2,-20.7447892984746
-2,0.5,1.5,0,9,12,5,1.3,-19.8865418575827
-2,0.5,1.5,0,9,12,5,1.4,-18.934697365777
-2,0.5,1.5,0,9,12,5,1.5,-18.1990682385127
-2,0.5,1.5,0,9,12,5,1.6,-17.6056816362788
-2,0.5,1.5,0,9,12,5,1.7,-17.097910291638
-2,0.5,1.5,0,9,12,5,1.8,-16.8355519125708
-2,0.5,1.5,0,9,12,5,1.9,-16.4117764119662
-2,0.5,1.5,0,9,12,5,2,-16.1701199268839
-2,0.5,1.5,0,9,12,5,2.1,-15.9863391566082
-2,0.5,1.5,0,9,12,5,2.2,-15.8107586697929
-2,0.5,1.5,0,9,12,5,2.3,-15.8147577638653
-2,0.5,1.5,0,9,12,5,2.4,-15.7348277291184
-2,0.5,1.5,0,9,12,5,2.5,-15.7810494852998
-2,0.5,1.5,0,9,12,5,2.6,-15.786026414335
-2,0.5,1.5,0,9,12,5,2.7,-15.7794215721878
-2,0.5,1.5,0,9,12,5,2.8,-15.8092220489664
-2,0.5,1.5,0,9,12,5,2.9,-15.8303057483419
-2,0.5,1.5,0,9,12,5,3,-15.8027303978829
-2,0.5,1.5,0,9,12,5,3.1,-15.8046904997187
-2,0.5,1.5,0,9,12,5,3.2,-15.699627607945
-2,0.5,1.5,0,9,12,5,3.3,-15.58087453057
-2,0.5,1.5,0,9,12,5,3.4,-15.401438040681
-2,0.5,1.5,0,9,12,5,3.5,-15.1487572290432
-2,0.5,1.5,0,9,12,5,3.6,-14.9195168504287
-2,0.5,1.5,0,9,12,5,3.7,-14.6231323018416
-2,0.5,1.5,0,9,12,5,3.8,-14.3309938292398
-2,0.5,1.5,0,9,12,5,3.9,-14.0135615485928
-2,0.5,1.5,0,9,12,5,4,-13.6697315903068
-2,0.5,1.5,0,9,12,5,4.1,-13.3161493365091
-2,0.5,1.5,0,9,12,5,4.2,-12.985878203607
-2,0.5,1.5,0,9,12,5,4.3,-12.6689697972659
-2,0.5,1.5,0,9,12,5,4.4,-12.3775793844167
-2,0.5,1.5,0,9,12,5,4.5,-12.117034808659
-2,0.5,1.5,0,9,12,5,4.6,-11.8822639872306
-2,0.5,1.5,0,9,12,5,4.7,-11.6780795148557
-2,0.5,1.5,0,9,12,5,4.8,-11.4894850302494
-2,0.5,1.5,0,9,12,5,4.9,-11.3193060706485
-2,0.5,1.5,0,9,12,5,5,-11.1797563090655
-2,0.5,1.5,0,9,12,5,5.1,-11.0605079566486
-2,0.5,1.5,0,9,12,5,5.2,-10.960722038556
-2,0.5,1.5,0,9,12,5,5.3,-10.8633420685381
-2,0.5,1.5,0,9,12,5,5.4,-10.774359427147
-2,0.5,1.5,0,9,12,5,5.5,-10.6824320553481
-2,0.5,1.5,0,9,12,5,5.6,-10.5886112079964
-2,0.5,1.5,0,9,12,5,5.7,-10.4974113324755
-2,0.5,1.5,0,9,12,5,5.8,-10.4113853056549
-2,0.5,1.5,0,9,12,5,5.9,-10.3211284615697
-2,0.5,1.5,0,9,12,5,6,-10.2325051155291
-2,0.5,1.5,0,9,12,5,6.1,-10.150634529842
-2,0.5,1.5,0,9,12,5,6.2,-10.0740884048063
-2,0.5,1.5,0,9,12,5,6.3,-9.99816755906017
-2,0.5,1.5,0,9,12,5,6.4,-9.92121344421631
-2,0.5,1.5,0,9,12,5,6.5,-9.84574591292079
-2,0.5,1.5,0,9,12,5,6.6,-9.78275605201604
-2,0.5,1.5,0,9,12,5,6.7,-9.7333147506613
-2,0.5,1.5,0,9,12,5,6.8,-9.69579929781442
-2,0.5,1.5,0,9,12,5,6.9,-9.66120570857422
-2,0.5,1.5,0,9,12,5,7,-9.62285157325967
-2,0.5,1.5,0,9,12,5,7.1,-9.59104591172368
-2,0.5,1.5,0,9,12,5,7.2,-9.56741575457539
-2,0.5,1.5,0,9,12,5,7.3,-9.54974373387264
-2,0.5,1.5,0,9,12,5,7.4,-9.53210741644367
-2,0.5,1.5,0,9,12,5,7.5,-9.51911028613536
-2,0.5,1.5,0,9,12,5,7.6,-9.49848019734152
-2,0.5,1.5,0,9,12,5,7.7,-9.47819397032261
-2,0.5,1.5,0,9,12,5,7.8,-9.46153351879633
-2,0.5,1.5,0,9,12,5,7.9,-9.44947967018974
-2,0.5,1.5,0,9,12,5,8,-9.43364903002565
-2,0.5,1.5,0,9,12,5,8.1,-9.41613799309895
-2,0.5,1.5,0,9,12,5,8.2,-9.39296260770906
-2,0.5,1.5,0,9,12,5,8.3,-9.36955149823544
-2,0.5,1.5,0,9,12,5,8.4,-9.34541094908265
-2,0.5,1.5,0,9,12,5,8.5,-9.3240442762987
-2,0.5,1.5,0,9,12,5,8.6,-9.30860635832305
-2,0.5,1.5,0,9,12,5,8.7,-9.30564429881253
-2,0.5,1.5,0,9,12,5,8.8,-9.32093358298198
-2,0.5,1.5,0,9,12,5,8.9,-9.3516177162284
-2,0.5,1.5,0,9,12,5,9,-9.39227922047018
-2,0.5,1.5,0,9,12,5,9.1,-9.44251901586717
-2,0.5,1.5,0,9,12,5,9.2,-9.50538586380255
-2,0.5,1.5,0,9,12,5,9.3,-9.58382591860738
-2,0.5,1.5,0,9,12,5,9.4,-9.68315953190008
-2,0.5,1.5,0,9,12,5,9.5,-9.78312308696289
-2,0.5,1.5,0,9,12,5,9.6,-9.88926507716388
-2,0.5,1.5,0,9,12,5,9.7,-9.9997631140648
-2,0.5,1.5,0,9,12,5,9.8,-10.114028535963
-2,0.5,1.5,0,9,12,5,9.9,-10.2181478166788
-2,0.5,1.5,0,9,12,5,10,-10.312640507964
-2,0.5,1.5,0,9,12,5,10.1,-10.40797158586
-2,0.5,1.5,0,9,12,5,10.2,-10.4860582829164
-2,0.5,1.5,0,9,12,5,10.3,-10.5471445631562
-2,0.5,1.5,0,9,12,5,10.4,-10.5830613826302
-2,0.5,1.5,0,9,12,5,10.5,-10.5104772917324
-2,0.5,1.5,0,9,12,5,10.6,-10.4476257079276
2,0.5,1.5,0,9,12,5,0.6,-28.9410248013498
2,0.5,1.5,0,9,12,5,0.7,-27.2888788419028
2,0.5,1.5,0,9,12,5,0.8,-25.9899824089407
2,0.5,1.5,0,9,12,5,0.9,-24.7073551671898
2,0.5,1.5,0,9,12,5,1,-23.6665793207584
2,0.5,1.5,0,9,12,5,1.1,-22.7327789126041
2,0.5,1.5,0,9,12,5,1.2,-21.753961526377
2,0.5,1.5,0,9,12,5,1.3,-21.0372401226481
2,0.5,1.5,0,9,12,5,1.4,-20.2142914809088
2,0.5,1.5,0,9,12,5,1.5,-19.5898672512098
2,0.5,1.5,0,9,12,5,1.6,-19.0920853100078
2,0.5,1.5,0,9,12,5,1.7,-18.6552629766402
2,0.5,1.5,0,9,12,5,1.8,-18.4437068930458
2,0.5,1.5,0,9,12,5,1.9,-18.0562761045279
2,0.5,1.5,0,9,12,5,2,-17.822984775138
2,0.5,1.5,0,9,12,5,2.1,-17.6253471154664
2,0.5,1.5,0,9,12,5,2.2,-17.4146416731167
2,0.5,1.5,0,9,12,5,2.3,-17.3533381008072
2,0.5,1.5,0,9,12,5,2.4,-17.217434451574
2,0.5,1.5,0,9,12,5,2.5,-17.1857772408192
2,0.5,1.5,0,9,12,5,2.6,-17.1367527329923
2,0.5,1.5,0,9,12,5,2.7,-17.0881979626284
2,0.5,1.5,0,9,12,5,2.8,-17.0807421449456
2,0.5,1.5,0,9,12,5,2.9,-17.1017401310205
2,0.5,1.5,0,9,12,5,3,-17.0981601629867
2,0.5,1.5,0,9,12,5,3.1,-17.1208064335262
2,0.5,1.5,0,9,12,5,3.2,-17.1159767520883
2,0.5,1.5,0,9,12,5,3.3,-17.0731183059144
2,0.5,1.5,0,9,12,5,3.4,-17.0194470690929
2,0.5,1.5,0,9,12,5,3.5,-16.8891016707708
2,0.5,1.5,0,9,12,5,3.6,-16.7538239112247
2,0.5,1.5,0,9,12,5,3.7,-16.567323825669
2,0.5,1.5,0,9,12,5,3.8,-16.3494857997844
2,0.5,1.5,0,9,12,5,3.9,-16.1199597970047
2,0.5,1.5,0,9,12,5,4,-15.8725614676422
2,0.5,1.5,0,9,12,5,4.1,-15.6251491683721
2,0.5,1.5,0,9,12,5,4.2,-15.4018160629484
2,0.5,1.5,0,9,12,5,4.3,-15.1893227746561
2,0.5,1.5,0,9,12,5,4.4,-15.0000446622118
2,0.5,1.5,0,9,12,5,4.5,-14.8399529172354
2,0.5,1.5,0,9,12,5,4.6,-14.7008779859933
2,0.5,1.5,0,9,12,5,4.7,-14.5662373870531
2,0.5,1.5,0,9,12,5,4.8,-14.4523596804683
2,0.5,1.5,0,9,12,5,4.9,-14.3508397507635
2,0.5,1.5,0,9,12,5,5,-14.2731176548661
2,0.5,1.5,0,9,12,5,5.1,-14.2088142172871
2,0.5,1.5,0,9,12,5,5.2,-14.1418762418083
2,0.5,1.5,0,9,12,5,5.3,-14.0573081647614
2,0.5,1.5,0,9,12,5,5.4,-13.9586777823748
2,0.5,1.5,0,9,12,5,5.5,-13.8543828581986
2,0.5,1.5,0,9,12,5,5.6,-13.7402799695213
2,0.5,1.5,0,9,12,5,5.7,-13.6163715064329
2,0.5,1.5,0,9,12,5,5.8,-13.4853592168426
2,0.5,1.5,0,9,12,5,5.9,-13.3558491380926
2,0.5,1.5,0,9,12,5,6,-13.2177743564183
2,0.5,1.5,0,9,12,5,6.1,-13.0782627002592
2,0.5,1.5,0,9,12,5,6.2,-12.9477187910199
2,0.5,1.5,0,9,12,5,6.3,-12.8215949426205
2,0.5,1.5,0,9,12,5,6.4,-12.704705750051
2,0.5,1.5,0,9,12,5,6.5,-12.607232903241
2,0.5,1.5,0,9,12,5,6.6,-12.512767381227
2,0.5,1.5,0,9,12,5,6.7,-12.4188276557712
2,0.5,1.5,0,9,12,5,6.8,-12.3211350114077
2,0.5,1.5,0,9,12,5,6.9,-12.2354951655326
2,0.5,1.5,0,9,12,5,7,-12.1549842190488
2,0.5,1.5,0,9,12,5,7.1,-12.0810360745277
2,0.5,1.5,0,9,12,5,7.2,-12.0148627323701
2,0.5,1.5,0,9,12,5,7.3,-11.9540007314632
2,0.5,1.5,0,9,12,5,7.4,-11.8977385252358
2,0.5,1.5,0,9,12,5,7.5,-11.8459326857356
2,0.5,1.5,0,9,12,5,7.6,-11.7999683611635
2,0.5,1.5,0,9,12,5,7.7,-11.7560571487658
2,0.5,1.5,0,9,12,5,7.8,-11.71311934395
2,0.5,1.5,0,9,12,5,7.9,-11.6765451863384
2,0.5,1.5,0,9,12,5,8,-11.642871593215
2,0.5,1.5,0,9,12,5,8.1,-11.5959697332409
2,0.5,1.5,0,9,12,5,8.2,-11.5371334141118
2,0.5,1.5,0,9,12,5,8.3,-11.487924175667
2,0.5,1.5,0,9,12,5,8.4,-11.4443987454082
2,0.5,1.5,0,9,12,5,8.5,-11.394436634045
2,0.5,1.5,0,9,12,5,8.6,-11.327927600686
2,0.5,1.5,0,9,12,5,8.7,-11.2251182129759
2,0.5,1.5,0,9,12,5,8.8,-11.0811009624239
2,0.5,1.5,0,9,12,5,8.9,-10.9480320276167
2,0.5,1.5,0,9,12,5,9,-10.8170155647036
2,0.5,1.5,0,9,12,5,9.1,-10.6830899229493
2,0.5,1.5,0,9,12,5,9.2,-10.5712107382122
2,0.5,1.5,0,9,12,5,9.3,-10.4725130127921
2,0.5,1.5,0,9,12,5,9.4,-10.3709936150923
2,0.5,1.5,0,9,12,5,9.5,-10.2751429579402
2,0.5,1.5,0,9,12,5,9.6,-10.192220805533
2,0.5,1.5,0,9,12,5,9.7,-10.1173739682756
2,0.5,1.5,0,9,12,5,9.8,-10.0493080904607
2,0.5,1.5,0,9,12,5,9.9,-9.98813942242781
2,0.5,1.5,0,9,12,5,10,-9.93613611862213
2,0.5,1.5,0,9,12,5,10.1,-9.90585646972045
2,0.5,1.5,0,9,12,5,10.2,-9.88722032000826
2,0.5,1.5,0,9,12,5,10.3,-9.86915537392105
2,0.5,1.5,0,9,12,5,10.4,-9.85825173519864
2,0.5,1.5,0,9,12,5,10.5,-9.83411455823386
2,0.5,1.5,0,9,12,5,10.6,-9.79279864218195
-2,0.5,1.5,0,11,8,5,0.6,-28.7570524306462
-2,0.5,1.5,0,11,8,5,0.7,-26.9975576997025
-2,0.5,1.5,0,11,8,5,0.8,-25.5666927680958
-2,0.5,1.5,0,11,8,5,0.9,-24.1377562270429
-2,0.5,1.5,0,11,8,5,1,-22.9400813112508
-2,0.5,1.5,0,11,8,5,1.1,-21.8469814383193
-2,0.5,1.5,0,11,8,5,1.2,-20.7159284897607
-2,0.5,1.5,0,11,8,5,1.3,-19.8519837690126
-2,0.5,1.5,0,11,8,5,1.4,-18.8969207522823
-2,0.5,1.5,0,11,8,5,1.5,-18.1596509754064
-2,0.5,1.5,0,11,8,5,1.6,-17.5717103996541
-2,0.5,1.5,0,11,8,5,1.7,-17.0661952975376
-2,0.5,1.5,0,11,8,5,1.8,-16.8101628856197
-2,0.5,1.5,0,11,8,5,1.9,-16.3910961868119
-2,0.5,1.5,0,11,8,5,2,-16.1556044695525
-2,0.5,1.5,0,11,8,5,2.1,-15.9792754938224
-2,0.5,1.5,0,11,8,5,2.2,-15.8052827428738
-2,0.5,1.5,0,11,8,5,2.3,-15.813446168157
-2,0.5,1.5,0,11,8,5,2.4,-15.7338698024786
-2,0.5,1.5,0,11,8,5,2.5,-15.7919856569654
-2,0.5,1.5,0,11,8,5,2.6,-15.8080035054327
-2,0.5,1.5,0,11,8,5,2.7,-15.807398263934
-2,0.5,1.5,0,11,8,5,2.8,-15.8390942604128
-2,0.5,1.5,0,11,8,5,2.9,-15.8701142798838
-2,0.5,1.5,0,11,8,5,3,-15.8476207325951
-2,0.5,1.5,0,11,8,5,3.1,-15.8523582579085
-2,0.5,1.5,0,11,8,5,3.2,-15.7564088078869
-2,0.5,1.5,0,11,8,5,3.3,-15.6291886633835
-2,0.5,1.5,0,11,8,5,3.4,-15.4513519065671
-2,0.5,1.5,0,11,8,5,3.5,-15.1910426018526
-2,0.5,1.5,0,11,8,5,3.6,-14.9582148985338
-2,0.5,1.5,0,11,8,5,3.7,-14.6490308245671
-2,0.5,1.5,0,11,8,5,3.8,-14.3474439700564
-2,0.5,1.5,0,11,8,5,3.9,-14.0061262805395
-2,0.5,1.5,0,11,8,5,4,-13.6449362355059
-2,0.5,1.5,0,11,8,5,4.1,-13.320173945952
-2,0.5,1.5,0,11,8,5,4.2,-12.9907475308927
-2,0.5,1.5,0,11,8,5,4.3,-12.6810505387326
-2,0.5,1.5,0,11,8,5,4.4,-12.3956006607897
-2,0.5,1.5,0,11,8,5,4.5,-12.1206420104674
-2,0.5,1.5,0,11,8,5,4.6,-11.8745873399298
-2,0.5,1.5,0,11,8,5,4.7,-11.6678151918509
-2,0.5,1.5,0,11,8,5,4.8,-11.4762472469306
-2,0.5,1.5,0,11,8,5,4.9,-11.3083827707674
-2,0.5,1.5,0,11,8,5,5,-11.167542309867
-2,0.5,1.5,0,11,8,5,5.1,-11.0449951050395
-2,0.5,1.5,0,11,8,5,5.2,-10.9277194798451
-2,0.5,1.5,0,11,8,5,5.3,-10.8207003449361
-2,0.5,1.5,0,11,8,5,5.4,-10.72509532725
-2,0.5,1.5,0,11,8,5,5.5,-10.6256389647157
-2,0.5,1.5,0,11,8,5,5.6,-10.5283552978589
-2,0.5,1.5,0,11,8,5,5.7,-10.42880471716
-2,0.5,1.5,0,11,8,5,5.8,-10.3289163688049
-2,0.5,1.5,0,11,8,5,5.9,-10.2345280701377
-2,0.5,1.5,0,11,8,5,6,-10.1433846534799
-2,0.5,1.5,0,11,8,5,6.1,-10.0641661022605
-2,0.5,1.5,0,11,8,5,6.2,-9.98578967833147
-2,0.5,1.5,0,11,8,5,6.3,-9.90542173992949
-2,0.5,1.5,0,11,8,5,6.4,-9.83268258118254
-2,0.5,1.5,0,11,8,5,6.5,-9.77476641635781
-2,0.5,1.5,0,11,8,5,6.6,-9.71797946860754
-2,0.5,1.5,0,11,8,5,6.7,-9.6570480685391
-2,0.5,1.5,0,11,8,5,6.8,-9.6033600769488
-2,0.5,1.5,0,11,8,5,6.9,-9.57077647027035
-2,0.5,1.5,0,11,8,5,7,-9.53659479776896
-2,0.5,1.5,0,11,8,5,7.1,-9.51375914698528
-2,0.5,1.5,0,11,8,5,7.2,-9.49411649507088
-2,0.5,1.5,0,11,8,5,7.3,-9.48023488068977
-2,0.5,1.5,0,11,8,5,7.4,-9.48017484798622
-2,0.5,1.5,0,11,8,5,7.5,-9.4693603037412
-2,0.5,1.5,0,11,8,5,7.6,-9.45905049749702
-2,0.5,1.5,0,11,8,5,7.7,-9.44396802131016
-2,0.5,1.5,0,11,8,5,7.8,-9.4198982957232
-2,0.5,1.5,0,11,8,5,7.9,-9.39651586018103
-2,0.5,1.5,0,11,8,5,8,-9.37044993818119
-2,0.5,1.5,0,11,8,5,8.1,-9.352998087448
-2,0.5,1.5,0,11,8,5,8.2,-9.32850513569915
-2,0.5,1.5,0,11,8,5,8.3,-9.30065739999685
-2,0.5,1.5,0,11,8,5,8.4,-9.26854613354344
-2,0.5,1.5,0,11,8,5,8.5,-9.23739302047219
-2,0.5,1.5,0,11,8,5,8.6,-9.21845586017811
-2,0.5,1.5,0,11,8,5,8.7,-9.21185801096103
-2,0.5,1.5,0,11,8,5,8.8,-9.21288122599248
-2,0.5,1.5,0,11,8,5,8.9,-9.23703369684456
-2,0.5,1.5,0,11,8,5,9,-9.28014475693994
-2,0.5,1.5,0,11,8,5,9.1,-9.33762340115822
-2,0.5,1.5,0,11,8,5,9.2,-9.4088834711388
-2,0.5,1.5,0,11,8,5,9.3,-9.50493592184418
-2,0.5,1.5,0,11,8,5,9.4,-9.61359721889365
-2,0.5,1.5,0,11,8,5,9.5,-9.72989582400865
-2,0.5,1.5,0,11,8,5,9.6,-9.84772517631244
-2,0.5,1.5,0,11,8,5,9.7,-9.96292917314112
-2,0.5,1.5,0,11,8,5,9.8,-10.0919593255745
-2,0.5,1.5,0,11,8,5,9.9,-10.2260114465412
-2,0.5,1.5,0,11,8,5,10,-10.3510690078629
-2,0.5,1.5,0,11,8,5,10.1,-10.4619606184599
-2,0.5,1.5,0,11,8,5,10.2,-10.5523622737104
-2,0.5,1.5,0,11,8,5,10.3,-10.4970813308999
-2,0.5,1.5,0,11,8,5,10.4,-10.436423699271
-2,0.5,1.5,0,11,8,5,10.5,-10.3958219086209
-2,0.5,1.5,0,11,8,5,10.6,-10.350148779817
2,0.5,1.5,0,11,8,5,0.6,-29.0770813971417
2,0.5,1.5,0,11,8,5,0.7,-27.4089007570488
2,0.5,1.5,0,11,8,5,0.8,-26.110113923217
2,0.5,1.5,0,11,8,5,0.9,-24.8195089626248
2,0.5,1.5,0,11,8,5,1,-23.7704072464497
2,0.5,1.5,0,11,8,5,1.1,-22.8304866652578
2,0.5,1.5,0,11,8,5,1.2,-21.8435134149546
2,0.5,1.5,0,11,8,5,1.3,-21.1192473567756
2,0.5,1.5,0,11,8,5,1.4,-20.2883429171698
2,0.5,1.5,0,11,8,5,1.5,-19.6613885394049
2,0.5,1.5,0,11,8,5,1.6,-19.1588137307234
2,0.5,1.5,0,11,8,5,1.7,-18.721333685469
2,0.5,1.5,0,11,8,5,1.8,-18.5079127233058
2,0.5,1.5,0,11,8,5,1.9,-18.1214205676754
2,0.5,1.5,0,11,8,5,2,-17.8906555443442
2,0.5,1.5,0,11,8,5,2.1,-17.6935090256828
2,0.5,1.5,0,11,8,5,2.2,-17.4831569866364
2,0.5,1.5,0,11,8,5,2.3,-17.4206618394404
2,0.5,1.5,0,11,8,5,2.4,-17.2871106604799
2,0.5,1.5,0,11,8,5,2.5,-17.260857632699
2,0.5,1.5,0,11,8,5,2.6,-17.2133042052863
2,0.5,1.5,0,11,8,5,2.7,-17.1729450708394
2,0.5,1.5,0,11,8,5,2.8,-17.1660767778161
2,0.5,1.5,0,11,8,5,2.9,-17.1914468995751
2,0.5,1.5,0,11,8,5,3,-17.202477000713
2,0.5,1.5,0,11,8,5,3.1,-17.2434293414575
2,0.5,1.5,0,11,8,5,3.2,-17.2455422249574
2,0.5,1.5,0,11,8,5,3.3,-17.2129025581159
2,0.5,1.5,0,11,8,5,3.4,-17.1623093017092
2,0.5,1.5,0,11,8,5,3.5,-17.0370357066782
2,0.5,1.5,0,11,8,5,3.6,-16.9031128253667
2,0.5,1.5,0,11,8,5,3.7,-16.7211687603967
2,0.5,1.5,0,11,8,5,3.8,-16.5127820926469
2,0.5,1.5,0,11,8,5,3.9,-16.2952479929537
2,0.5,1.5,0,11,8,5,4,-16.0623496738353
2,0.5,1.5,0,11,8,5,4.1,-15.8171018825591
2,0.5,1.5,0,11,8,5,4.2,-15.590203410836
2,0.5,1.5,0,11,8,5,4.3,-15.3947218935801
2,0.5,1.5,0,11,8,5,4.4,-15.2190685799344
2,0.5,1.5,0,11,8,5,4.5,-15.0598933576827
2,0.5,1.5,0,11,8,5,4.6,-14.9105410361483
2,0.5,1.5,0,11,8,5,4.7,-14.7827083682296
2,0.5,1.5,0,11,8,5,4.8,-14.6811537890807
2,0.5,1.5,0,11,8,5,4.9,-14.5797450812419
2,0.5,1.5,0,11,8,5,5,-14.4912558650867
2,0.5,1.5,0,11,8,5,5.1,-14.407976254768
2,0.5,1.5,0,11,8,5,5.2,-14.3308653911649
2,0.5,1.5,0,11,8,5,5.3,-14.2514557539156
2,0.5,1.5,0,11,8,5,5.4,-14.161390066036
2,0.5,1.5,0,11,8,5,5.5,-14.0634994040946
2,0.5,1.5,0,11,8,5,5.6,-13.9523954735873
2,0.5,1.5,0,11,8,5,5.7,-13.8301033416758
2,0.5,1.5,0,11,8,5,5.8,-13.6909491469991
2,0.5,1.5,0,11,8,5,5.9,-13.5458092106414
2,0.5,1.5,0,11,8,5,6,-13.402300215711
2,0.5,1.5,0,11,8,5,6.1,-13.2632765380136
2,0.5,1.5,0,11,8,5,6.2,-13.1259876473697
2,0.5,1.5,0,11,8,5,6.3,-12.9928345012518
2,0.5,1.5,0,11,8,5,6.4,-12.8757002972656
2,0.5,1.5,0,11,8,5,6.5,-12.7786144861153
2,0.5,1.5,0,11,8,5,6.6,-12.6818853084472
2,0.5,1.5,0,11,8,5,6.7,-12.5864942860367
2,0.5,1.5,0,11,8,5,6.8,-12.5017234879128
2,0.5,1.5,0,11,8,5,6.9,-12.4247265678994
2,0.5,1.5,0,11,8,5,7,-12.3524030491593
2,0.5,1.5,0,11,8,5,7.1,-12.2758689534618
2,0.5,1.5,0,11,8,5,7.2,-12.2056568419829
2,0.5,1.5,0,11,8,5,7.3,-12.1375388260576
2,0.5,1.5,0,11,8,5,7.4,-12.0749535513617
2,0.5,1.5,0,11,8,5,7.5,-12.0112709879132
2,0.5,1.5,0,11,8,5,7.6,-11.9476632138746
2,0.5,1.5,0,11,8,5,7.7,-11.8822758480168
2,0.5,1.5,0,11,8,5,7.8,-11.8121250493788
2,0.5,1.5,0,11,8,5,7.9,-11.7353696206606
2,0.5,1.5,0,11,8,5,8,-11.6727364747817
2,0.5,1.5,0,11,8,5,8.1,-11.6164714596115
2,0.5,1.5,0,11,8,5,8.2,-11.5743177546863
2,0.5,1.5,0,11,8,5,8.3,-11.5388847160362
2,0.5,1.5,0,11,8,5,8.4,-11.5047290442234
2,0.5,1.5,0,11,8,5,8.5,-11.4558833446581
2,0.5,1.5,0,11,8,5,8.6,-11.4047040693236
2,0.5,1.5,0,11,8,5,8.7,-11.3245193119116
2,0.5,1.5,0,11,8,5,8.8,-11.1743691296566
2,0.5,1.5,0,11,8,5,8.9,-11.0189074500363
2,0.5,1.5,0,11,8,5,9,-10.8692854693897
2,0.5,1.5,0,11,8,5,9.1,-10.7145847648179
2,0.5,1.5,0,11,8,5,9.2,-10.5592003274018
2,0.5,1.5,0,11,8,5,9.3,-10.4181123010429
2,0.5,1.5,0,11,8,5,9.4,-10.2944403188526
2,0.5,1.5,0,11,8,5,9.5,-10.178824313931
2,0.5,1.5,0,11,8,5,9.6,-10.0829687849427
2,0.5,1.5,0,11,8,5,9.7,-9.99856334604007
2,0.5,1.5,0,11,8,5,9.8,-9.92076667433525
2,0.5,1.5,0,11,8,5,9.9,-9.86365817076648
2,0.5,1.5,0,11,8,5,10,-9.81760463242408
2,0.5,1.5,0,11,8,5,10.1,-9.77593189648489
2,0.5,1.5,0,11,8,5,10.2,-9.75350027265672
2,0.5,1.5,0,11,8,5,10.3,-9.74421428916951
2,0.5,1.5,0,11,8,5,10.4,-9.72960247957799
2,0.5,1.5,0,11,8,5,10.5,-9.70544493277905
2,0.5,1.5,0,11,8,5,10.6,-9.6614053454959
-2,0.5,1.5,0,11,12,5,0.6,-28.3974678175714
-2,0.5,1.5,0,11,12,5,0.7,-26.6320469426759
-2,0.5,1.5,0,11,12,5,0.8,-25.1986940505395
-2,0.5,1.5,0,11,12,5,0.9,-23.7663124477584
-2,0.5,1.5,0,11,12,5,1,-22.566195367322
-2,0.5,1.5,0,11,12,5,1.1,-21.4705787921683
-2,0.5,1.5,0,11,12,5,1.2,-20.3443530090918
-2,0.5,1.5,0,11,12,5,1.3,-19.4817717961593
-2,0.5,1.5,0,11,12,5,1.4,-18.5332904110411
-2,0.5,1.5,0,11,12,5,1.5,-17.8032056134679
-2,0.5,1.5,0,11,12,5,1.6,-17.2186912365059
-2,0.5,1.5,0,11,12,5,1.7,-16.7236794565524
-2,0.5,1.5,0,11,12,5,1.8,-16.4767239164029
-2,0.5,1.5,0,11,12,5,1.9,-16.0762233567787
-2,0.5,1.5,0,11,12,5,2,-15.8593067853608
-2,0.5,1.5,0,11,12,5,2.1,-15.699136435785
-2,0.5,1.5,0,11,12,5,2.2,-15.5514511673284
-2,0.5,1.5,0,11,12,5,2.3,-15.587184291485
-2,0.5,1.5,0,11,12,5,2.4,-15.5425286552326
-2,0.5,1.5,0,11,12,5,2.5,-15.631847869153
-2,0.5,1.5,0,11,12,5,2.6,-15.6799438092056
-2,0.5,1.5,0,11,12,5,2.7,-15.7136772179481
-2,0.5,1.5,0,11,12,5,2.8,-15.7782843857967
-2,0.5,1.5,0,11,12,5,2.9,-15.8268015330438
-2,0.5,1.5,0,11,12,5,3,-15.8180373204599
-2,0.5,1.5,0,11,12,5,3.1,-15.8235427766366
-2,0.5,1.5,0,11,12,5,3.2,-15.7104497876994
-2,0.5,1.5,0,11,12,5,3.3,-15.6011785952296
-2,0.5,1.5,0,11,12,5,3.4,-15.4120987512042
-2,0.5,1.5,0,11,12,5,3.5,-15.1416456772987
-2,0.5,1.5,0,11,12,5,3.6,-14.8890263179656
-2,0.5,1.5,0,11,12,5,3.7,-14.5896432570474
-2,0.5,1.5,0,11,12,5,3.8,-14.3009223177248
-2,0.5,1.5,0,11,12,5,3.9,-13.974092108975
-2,0.5,1.5,0,11,12,5,4,-13.6242940072686
-2,0.5,1.5,0,11,12,5,4.1,-13.2791744972239
-2,0.5,1.5,0,11,12,5,4.2,-12.9365722554104
-2,0.5,1.5,0,11,12,5,4.3,-12.6374766880099
-2,0.5,1.5,0,11,12,5,4.4,-12.3574001968509
-2,0.5,1.5,0,11,12,5,4.5,-12.0882626987345
-2,0.5,1.5,0,11,12,5,4.6,-11.8640499067481
-2,0.5,1.5,0,11,12,5,4.7,-11.6496324729963
-2,0.5,1.5,0,11,12,5,4.8,-11.4491727226117
-2,0.5,1.5,0,11,12,5,4.9,-11.2741279336776
-2,0.5,1.5,0,11,12,5,5,-11.1351554092427
-2,0.5,1.5,0,11,12,5,5.1,-11.0040215156309
-2,0.5,1.5,0,11,12,5,5.2,-10.8944915527802
-2,0.5,1.5,0,11,12,5,5.3,-10.7867386130957
-2,0.5,1.5,0,11,12,5,5.4,-10.6801040647851
-2,0.5,1.5,0,11,12,5,5.5,-10.5803771751739
-2,0.5,1.5,0,11,12,5,5.6,-10.4770919980832
-2,0.5,1.5,0,11,12,5,5.7,-10.3757833087674
-2,0.5,1.5,0,11,12,5,5.8,-10.2798360808382
-2,0.5,1.5,0,11,12,5,5.9,-10.1859866610032
-2,0.5,1.5,0,11,12,5,6,-10.1043923614466
-2,0.5,1.5,0,11,12,5,6.1,-10.0191520507573
-2,0.5,1.5,0,11,12,5,6.2,-9.93811181877463
-2,0.5,1.5,0,11,12,5,6.3,-9.86207737583831
-2,0.5,1.5,0,11,12,5,6.4,-9.79489713109188
-2,0.5,1.5,0,11,12,5,6.5,-9.74269183415557
-2,0.5,1.5,0,11,12,5,6.6,-9.68234997808088
-2,0.5,1.5,0,11,12,5,6.7,-9.62005381836057
-2,0.5,1.5,0,11,12,5,6.8,-9.56385014124851
-2,0.5,1.5,0,11,12,5,6.9,-9.52562347886526
-2,0.5,1.5,0,11,12,5,7,-9.48640944710541
-2,0.5,1.5,0,11,12,5,7.1,-9.45227474918888
-2,0.5,1.5,0,11,12,5,7.2,-9.41272213550667
-2,0.5,1.5,0,11,12,5,7.3,-9.38443128720551
-2,0.5,1.5,0,11,12,5,7.4,-9.36320558416428
-2,0.5,1.5,0,11,12,5,7.5,-9.35232217905358
-2,0.5,1.5,0,11,12,5,7.6,-9.34677119845822
-2,0.5,1.5,0,11,12,5,7.7,-9.34157141721196
-2,0.5,1.5,0,11,12,5,7.8,-9.33024810081109
-2,0.5,1.5,0,11,12,5,7.9,-9.30703899881008
-2,0.5,1.5,0,11,12,5,8,-9.27160705041654
-2,0.5,1.5,0,11,12,5,8.1,-9.23347836430254
-2,0.5,1.5,0,11,12,5,8.2,-9.18728955233812
-2,0.5,1.5,0,11,12,5,8.3,-9.15416446662004
-2,0.5,1.5,0,11,12,5,8.4,-9.11571433152806
-2,0.5,1.5,0,11,12,5,8.5,-9.06546923883954
-2,0.5,1.5,0,11,12,5,8.6,-9.03059818086733
-2,0.5,1.5,0,11,12,5,8.7,-9.00205188353145
-2,0.5,1.5,0,11,12,5,8.8,-8.99199261669896
-2,0.5,1.5,0,11,12,5,8.9,-9.01906982945083
-2,0.5,1.5,0,11,12,5,9,-9.06883507758617
-2,0.5,1.5,0,11,12,5,9.1,-9.13536874157061
-2,0.5,1.5,0,11,12,5,9.2,-9.23163888023538
-2,0.5,1.5,0,11,12,5,9.3,-9.34747735532862
-2,0.5,1.5,0,11,12,5,9.4,-9.47196219783455
-2,0.5,1.5,0,11,12,5,9.5,-9.60373684208704
-2,0.5,1.5,0,11,12,5,9.6,-9.74280649000549
-2,0.5,1.5,0,11,12,5,9.7,-9.84783610644227
-2,0.5,1.5,0,11,12,5,9.8,-9.91989024277824
-2,0.5,1.5,0,11,12,5,9.9,-9.96268791509049
-2,0.5,1.5,0,11,12,5,10,-9.97704554501754
-2,0.5,1.5,0,11,12,5,10.1,-9.96519869919349
-2,0.5,1.5,0,11,12,5,10.2,-9.94496306432769
-2,0.5,1.5,0,11,12,5,10.3,-9.92486234694935
-2,0.5,1.5,0,11,12,5,10.4,-9.89844672155942
-2,0.5,1.5,0,11,12,5,10.5,-9.86425660320693
-2,0.5,1.5,0,11,12,5,10.6,-9.82617025140216
2,0.5,1.5,0,11,12,5,0.6,-28.7111027330219
2,0.5,1.5,0,11,12,5,0.7,-27.0168757640227
2,0.5,1.5,0,11,12,5,0.8,-25.6751154153843
2,0.5,1.5,0,11,12,5,0.9,-24.3566727034655
2,0.5,1.5,0,11,12,5,1,-23.2764702906728
2,0.5,1.5,0,11,12,5,1.1,-22.3100736050324
2,0.5,1.5,0,11,12,5,1.2,-21.302290110805
2,0.5,1.5,0,11,12,5,1.3,-20.5570063071697
2,0.5,1.5,0,11,12,5,1.4,-19.7105256425102
2,0.5,1.5,0,11,12,5,1.5,-19.0662720870669
2,0.5,1.5,0,11,12,5,1.6,-18.5521797645954
2,0.5,1.5,0,11,12,5,1.7,-18.1052958051772
2,0.5,1.5,0,11,12,5,1.8,-17.8856068651799
2,0.5,1.5,0,11,12,5,1.9,-17.5006707976062
2,0.5,1.5,0,11,12,5,2,-17.2730743476834
2,0.5,1.5,0,11,12,5,2.1,-17.0893871805713
2,0.5,1.5,0,11,12,5,2.2,-16.9009495158332
2,0.5,1.5,0,11,12,5,2.3,-16.8628431041898
2,0.5,1.5,0,11,12,5,2.4,-16.7585951896341
2,0.5,1.5,0,11,12,5,2.5,-16.7650438356257
2,0.5,1.5,0,11,12,5,2.6,-16.7546043909618
2,0.5,1.5,0,11,12,5,2.7,-16.7407305704829
2,0.5,1.5,0,11,12,5,2.8,-16.7654348472262
2,0.5,1.5,0,11,12,5,2.9,-16.8156880042963
2,0.5,1.5,0,11,12,5,3,-16.8448477106823
2,0.5,1.5,0,11,12,5,3.1,-16.8894128024337
2,0.5,1.5,0,11,12,5,3.2,-16.8874435537343
2,0.5,1.5,0,11,12,5,3.3,-16.8486634728451
2,0.5,1.5,0,11,12,5,3.4,-16.7900873629798
2,0.5,1.5,0,11,12,5,3.5,-16.6559999821488
2,0.5,1.5,0,11,12,5,3.6,-16.5213633703823
2,0.5,1.5,0,11,12,5,3.7,-16.3300925400841
2,0.5,1.5,0,11,12,5,3.8,-16.1236531367499
2,0.5,1.5,0,11,12,5,3.9,-15.9075605646396
2,0.5,1.5,0,11,12,5,4,-15.6685930531187
2,0.5,1.5,0,11,12,5,4.1,-15.4321339558776
2,0.5,1.5,0,11,12,5,4.2,-15.2134083667359
2,0.5,1.5,0,11,12,5,4.3,-15.0124604491293
2,0.5,1.5,0,11,12,5,4.4,-14.834001179876
2,0.5,1.5,0,11,12,5,4.5,-14.6944533143102
2,0.5,1.5,0,11,12,5,4.6,-14.5662890344653
2,0.5,1.5,0,11,12,5,4.7,-14.4543000177329
2,0.5,1.5,0,11,12,5,4.8,-14.3458250523125
2,0.5,1.5,0,11,12,5,4.9,-14.2595877234977
2,0.5,1.5,0,11,12,5,5,-14.1911869107107
2,0.5,1.5,0,11,12,5,5.1,-14.1155893219516
2,0.5,1.5,0,11,12,5,5.2,-14.0424205381971
2,0.5,1.5,0,11,12,5,5.3,-13.963450935275
2,0.5,1.5,0,11,12,5,5.4,-13.8838758986133
2,0.5,1.5,0,11,12,5,5.5,-13.7846744543149
2,0.5,1.5,0,11,12,5,5.6,-13.6636266684954
2,0.5,1.5,0,11,12,5,5.7,-13.533643959732
2,0.5,1.5,0,11,12,5,5.8,-13.3849718852811
2,0.5,1.5,0,11,12,5,5.9,-13.2356219755641
2,0.5,1.5,0,11,12,5,6,-13.0928814943171
2,0.5,1.5,0,11,12,5,6.1,-12.9462970633092
2,0.5,1.5,0,11,12,5,6.2,-12.8055853737455
2,0.5,1.5,0,11,12,5,6.3,-12.6784505228745
2,0.5,1.5,0,11,12,5,6.4,-12.5645155671058
2,0.5,1.5,0,11,12,5,6.5,-12.4545436533
2,0.5,1.5,0,11,12,5,6.6,-12.3582271368398
2,0.5,1.5,0,11,12,5,6.7,-12.2677279891643
2,0.5,1.5,0,11,12,5,6.8,-12.1801645652874
2,0.5,1.5,0,11,12,5,6.9,-12.1068654306291
2,0.5,1.5,0,11,12,5,7,-12.0376041146216
2,0.5,1.5,0,11,12,5,7.1,-11.9626271632496
2,0.5,1.5,0,11,12,5,7.2,-11.8841109549161
2,0.5,1.5,0,11,12,5,7.3,-11.81455543064
2,0.5,1.5,0,11,12,5,7.4,-11.7433757472751
2,0.5,1.5,0,11,12,5,7.5,-11.6642215135605
2,0.5,1.5,0,11,12,5,7.6,-11.5954039796004
2,0.5,1.5,0,11,12,5,7.7,-11.5390269686342
2,0.5,1.5,0,11,12,5,7.8,-11.4873777544087
2,0.5,1.5,0,11,12,5,7.9,-11.4405548305305
2,0.5,1.5,0,11,12,5,8,-11.3885291189995
2,0.5,1.5,0,11,12,5,8.1,-11.3427139531913
2,0.5,1.5,0,11,12,5,8.2,-11.3001142411315
2,0.5,1.5,0,11,12,5,8.3,-11.2595897484641
2,0.5,1.5,0,11,12,5,8.4,-11.2161736447557
2,0.5,1.5,0,11,12,5,8.5,-11.1817816635462
2,0.5,1.5,0,11,12,5,8.6,-11.1501234026594
2,0.5,1.5,0,11,12,5,8.7,-11.0918379708893
2,0.5,1.5,0,11,12,5,8.8,-11.0100616880596
2,0.5,1.5,0,11,12,5,8.9,-10.9210463188858
2,0.5,1.5,0,11,12,5,9,-10.8253882045459
2,0.5,1.5,0,11,12,5,9.1,-10.730035565973
2,0.5,1.5,0,11,12,5,9.2,-10.6430210972935
2,0.5,1.5,0,11,12,5,9.3,-10.5556950714005
2,0.5,1.5,0,11,12,5,9.4,-10.4666763468831
2,0.5,1.5,0,11,12,5,9.5,-10.3771460715691
2,0.5,1.5,0,11,12,5,9.6,-10.2875665164489
2,0.5,1.5,0,11,12,5,9.7,-10.198675299611
2,0.5,1.5,0,11,12,5,9.8,-10.1133741521485
2,0.5,1.5,0,11,12,5,9.9,-10.0339230757131
2,0.5,1.5,0,11,12,5,10,-9.94985684727827
2,0.5,1.5,0,11,12,5,10.1,-9.85626162545352
2,0.5,1.5,0,11,12,5,10.2,-9.7669091952949
2,0.5,1.5,0,11,12,5,10.3,-9.6767622134638
2,0.5,1.5,0,11,12,5,10.4,-9.58429331905992
2,0.5,1.5,0,11,12,5,10.5,-9.49622161096848
2,0.5,1.5,0,11,12,5,10.6,-9.41263227942435
-2,0.5,1.5,0,9,8,15,0.6,-26.3644597316737
-2,0.5,1.5,0,9,8,15,0.7,-24.0615469943654
-2,0.5,1.5,0,9,8,15,0.8,-22.2081225756357
-2,0.5,1.5,0,9,8,15,0.9,-20.4245690885293
-2,0.5,1.5,0,9,8,15,1,-18.9759110795355
-2,0.5,1.5,0,9,8,15,1.1,-17.7152211353941
-2,0.5,1.5,0,9,8,15,1.2,-16.4811181520785
-2,0.5,1.5,0,9,8,15,1.3,-15.5712897820903
-2,0.5,1.5,0,9,8,15,1.4,-14.615554276755
-2,0.5,1.5,0,9,8,15,1.5,-13.9168921584948
-2,0.5,1.5,0,9,8,15,1.6,-13.4020496274036
-2,0.5,1.5,0,9,8,15,1.7,-13.0037059599709
-2,0.5,1.5,0,9,8,15,1.8,-12.9001996337285
-2,0.5,1.5,0,9,8,15,1.9,-12.6527814847436
-2,0.5,1.5,0,9,8,15,2,-12.613695658448
-2,0.5,1.5,0,9,8,15,2.1,-12.658924947793
-2,0.5,1.5,0,9,8,15,2.2,-12.7265509405645
-2,0.5,1.5,0,9,8,15,2.3,-13.0096896531619
-2,0.5,1.5,0,9,8,15,2.4,-13.2166178322004
-2,0.5,1.5,0,9,8,15,2.5,-13.5844923798057
-2,0.5,1.5,0,9,8,15,2.6,-13.9368297977095
-2,0.5,1.5,0,9,8,15,2.7,-14.2507439204884
-2,0.5,1.5,0,9,8,15,2.8,-14.6148602578119
-2,0.5,1.5,0,9,8,15,2.9,-14.9709810755459
-2,0.5,1.5,0,9,8,15,3,-15.2556763109611
-2,0.5,1.5,0,9,8,15,3.1,-15.5911837646973
-2,0.5,1.5,0,9,8,15,3.2,-15.7835723921452
-2,0.5,1.5,0,9,8,15,3.3,-15.9904943256074
-2,0.5,1.5,0,9,8,15,3.4,-16.1152258596602
-2,0.5,1.5,0,9,8,15,3.5,-16.1754760731352
-2,0.5,1.5,0,9,8,15,3.6,-16.2892923294915
-2,0.5,1.5,0,9,8,15,3.7,-16.3359427147098
-2,0.5,1.5,0,9,8,15,3.8,-16.4162797817892
-2,0.5,1.5,0,9,8,15,3.9,-16.4531174178987
-2,0.5,1.5,0,9,8,15,4,-16.4830062983071
-2,0.5,1.5,0,9,8,15,4.1,-16.5323056160178
-2,0.5,1.5,0,9,8,15,4.2,-16.5629067242005
-2,0.5,1.5,0,9,8,15,4.3,-16.6201654418931
-2,0.5,1.5,0,9,8,15,4.4,-16.6934693395035
-2,0.5,1.5,0,9,8,15,4.5,-16.7770807070598
-2,0.5,1.5,0,9,8,15,4.6,-16.885058445121
-2,0.5,1.5,0,9,8,15,4.7,-17.0011206265665
-2,0.5,1.5,0,9,8,15,4.8,-17.1316041700622
-2,0.5,1.5,0,9,8,15,4.9,-17.2848783500143
-2,0.5,1.5,0,9,8,15,5,-17.4734641959096
-2,0.5,1.5,0,9,8,15,5.1,-17.6582424919744
-2,0.5,1.5,0,9,8,15,5.2,-17.8215556115009
-2,0.5,1.5,0,9,8,15,5.3,-17.9849794162489
-2,0.5,1.5,0,9,8,15,5.4,-18.140871472956
-2,0.5,1.5,0,9,8,15,5.5,-18.2830944162328
-2,0.5,1.5,0,9,8,15,5.6,-18.4329228591259
-2,0.5,1.5,0,9,8,15,5.7,-18.5853058227199
-2,0.5,1.5,0,9,8,15,5.8,-18.7559496297074
-2,0.5,1.5,0,9,8,15,5.9,-18.9158830788594
-2,0.5,1.5,0,9,8,15,6,-19.0755169316419
-2,0.5,1.5,0,9,8,15,6.1,-19.2353389354596
-2,0.5,1.5,0,9,8,15,6.2,-19.3863045070569
-2,0.5,1.5,0,9,8,15,6.3,-19.4946412370918
-2,0.5,1.5,0,9,8,15,6.4,-19.5483566366797
-2,0.5,1.5,0,9,8,15,6.5,-19.5491470745416
-2,0.5,1.5,0,9,8,15,6.6,-19.51466832146
-2,0.5,1.5,0,9,8,15,6.7,-19.4487424243557
-2,0.5,1.5,0,9,8,15,6.8,-19.3479741439414
-2,0.5,1.5,0,9,8,15,6.9,-19.1967924709294
-2,0.5,1.5,0,9,8,15,7,-19.0312607983245
-2,0.5,1.5,0,9,8,15,7.1,-18.8677033149194
-2,0.5,1.5,0,9,8,15,7.2,-18.6823382992906
-2,0.5,1.5,0,9,8,15,7.3,-18.4860445476797
-2,0.5,1.5,0,9,8,15,7.4,-18.2881151559449
-2,0.5,1.5,0,9,8,15,7.5,-18.0361415386516
-2,0.5,1.5,0,9,8,15,7.6,-17.7643186346502
-2,0.5,1.5,0,9,8,15,7.7,-17.4764890411442
-2,0.5,1.5,0,9,8,15,7.8,-17.1759864593936
-2,0.5,1.5,0,9,8,15,7.9,-16.8758490218262
-2,0.5,1.5,0,9,8,15,8,-16.5704932460359
-2,0.5,1.5,0,9,8,15,8.1,-16.2668761867133
-2,0.5,1.5,0,9,8,15,8.2,-15.9744038060019
-2,0.5,1.5,0,9,8,15,8.3,-15.7124340855756
-2,0.5,1.5,0,9,8,15,8.4,-15.4437280393442
-2,0.5,1.5,0,9,8,15,8.5,-15.1750363897386
-2,0.5,1.5,0,9,8,15,8.6,-14.913197802686
-2,0.5,1.5,0,9,8,15,8.7,-14.6663519191568
-2,0.5,1.5,0,9,8,15,8.8,-14.4179702289258
-2,0.5,1.5,0,9,8,15,8.9,-14.1850912805657
-2,0.5,1.5,0,9,8,15,9,-13.9550669926554
-2,0.5,1.5,0,9,8,15,9.1,-13.7330862007299
-2,0.5,1.5,0,9,8,15,9.2,-13.5230959085695
-2,0.5,1.5,0,9,8,15,9.3,-13.3356542377049
-2,0.5,1.5,0,9,8,15,9.4,-13.1594436679073
-2,0.5,1.5,0,9,8,15,9.5,-12.9870691639925
-2,0.5,1.5,0,9,8,15,9.6,-12.8279285900918
-2,0.5,1.5,0,9,8,15,9.7,-12.6756669164008
-2,0.5,1.5,0,9,8,15,9.8,-12.5272671882162
-2,0.5,1.5,0,9,8,15,9.9,-12.3785173385147
-2,0.5,1.5,0,9,8,15,10,-12.2278398130802
-2,0.5,1.5,0,9,8,15,10.1,-12.0732775667638
-2,0.5,1.5,0,9,8,15,10.2,-11.9166040447318
-2,0.5,1.5,0,9,8,15,10.3,-11.7617191911409
-2,0.5,1.5,0,9,8,15,10.4,-11.5990663713792
-2,0.5,1.5,0,9,8,15,10.5,-11.4323494099971
-2,0.5,1.5,0,9,8,15,10.6,-11.2794973344943
2,0.5,1.5,0,9,8,15,0.6,-28.3372590934952
2,0.5,1.5,0,9,8,15,0.7,-26.0875743401548
2,0.5,1.5,0,9,8,15,0.8,-24.214735704199
2,0.5,1.5,0,9,8,15,0.9,-22.4216505603973
2,0.5,1.5,0,9,8,15,1,-20.9436470542706
2,0.5,1.5,0,9,8,15,1.1,-19.6249208069237
2,0.5,1.5,0,9,8,15,1.2,-18.3173901663645
2,0.5,1.5,0,9,8,15,1.3,-17.3271437152672
2,0.5,1.5,0,9,8,15,1.4,-16.2671197061966
2,0.5,1.5,0,9,8,15,1.5,-15.4595389186662
2,0.5,1.5,0,9,8,15,1.6,-14.8211512476337
2,0.5,1.5,0,9,8,15,1.7,-14.294241338035
2,0.5,1.5,0,9,8,15,1.8,-14.0465573446044
2,0.5,1.5,0,9,8,15,1.9,-13.6448554580488
2,0.5,1.5,0,9,8,15,2,-13.4451274433936
2,0.5,1.5,0,9,8,15,2.1,-13.3276462484729
2,0.5,1.5,0,9,8,15,2.2,-13.2251872837893
2,0.5,1.5,0,9,8,15,2.3,-13.3318745560409
2,0.5,1.5,0,9,8,15,2.4,-13.3668733653583
2,0.5,1.5,0,9,8,15,2.5,-13.5437191817562
2,0.5,1.5,0,9,8,15,2.6,-13.707771234602
2,0.5,1.5,0,9,8,15,2.7,-13.8422492097311
2,0.5,1.5,0,9,8,15,2.8,-14.024026097023
2,0.5,1.5,0,9,8,15,2.9,-14.1994463712599
2,0.5,1.5,0,9,8,15,3,-14.3101560370778
2,0.5,1.5,0,9,8,15,3.1,-14.466823866384
2,0.5,1.5,0,9,8,15,3.2,-14.4721646166411
2,0.5,1.5,0,9,8,15,3.3,-14.5126741635175
2,0.5,1.5,0,9,8,15,3.4,-14.4715280251738
2,0.5,1.5,0,9,8,15,3.5,-14.3499321381239
2,0.5,1.5,0,9,8,15,3.6,-14.2995422671531
2,0.5,1.5,0,9,8,15,3.7,-14.1651924108411
2,0.5,1.5,0,9,8,15,3.8,-14.0527320294368
2,0.5,1.5,0,9,8,15,3.9,-13.9110532939618
2,0.5,1.5,0,9,8,15,4,-13.7410638782622
2,0.5,1.5,0,9,8,15,4.1,-13.5879680098165
2,0.5,1.5,0,9,8,15,4.2,-13.4341664996294
2,0.5,1.5,0,9,8,15,4.3,-13.3002283581777
2,0.5,1.5,0,9,8,15,4.4,-13.1993153357115
2,0.5,1.5,0,9,8,15,4.5,-13.1023076865932
2,0.5,1.5,0,9,8,15,4.6,-13.027173811567
2,0.5,1.5,0,9,8,15,4.7,-12.9814366394402
2,0.5,1.5,0,9,8,15,4.8,-12.9535882875461
2,0.5,1.5,0,9,8,15,4.9,-12.9413695396168
2,0.5,1.5,0,9,8,15,5,-12.9619921341732
2,0.5,1.5,0,9,8,15,5.1,-13.0077581354821
2,0.5,1.5,0,9,8,15,5.2,-13.060758001548
2,0.5,1.5,0,9,8,15,5.3,-13.114794191823
2,0.5,1.5,0,9,8,15,5.4,-13.1757030496955
2,0.5,1.5,0,9,8,15,5.5,-13.2356076592515
2,0.5,1.5,0,9,8,15,5.6,-13.298236521344
2,0.5,1.5,0,9,8,15,5.7,-13.3689200303276
2,0.5,1.5,0,9,8,15,5.8,-13.4421013071258
2,0.5,1.5,0,9,8,15,5.9,-13.5174365167731
2,0.5,1.5,0,9,8,15,6,-13.5845913381848
2,0.5,1.5,0,9,8,15,6.1,-13.6527802044731
2,0.5,1.5,0,9,8,15,6.2,-13.7286778752335
2,0.5,1.5,0,9,8,15,6.3,-13.8204675586147
2,0.5,1.5,0,9,8,15,6.4,-13.9287395902696
2,0.5,1.5,0,9,8,15,6.5,-14.0520126949737
2,0.5,1.5,0,9,8,15,6.6,-14.1950370135136
2,0.5,1.5,0,9,8,15,6.7,-14.3550292358043
2,0.5,1.5,0,9,8,15,6.8,-14.5333847971223
2,0.5,1.5,0,9,8,15,6.9,-14.7292675365708
2,0.5,1.5,0,9,8,15,7,-14.9461112705687
2,0.5,1.5,0,9,8,15,7.1,-15.1820696644232
2,0.5,1.5,0,9,8,15,7.2,-15.430634172128
2,0.5,1.5,0,9,8,15,7.3,-15.7020061484895
2,0.5,1.5,0,9,8,15,7.4,-15.9618699389214
2,0.5,1.5,0,9,8,15,7.5,-16.1792577202149
2,0.5,1.5,0,9,8,15,7.6,-16.3820421086228
2,0.5,1.5,0,9,8,15,7.7,-16.5671203222967
2,0.5,1.5,0,9,8,15,7.8,-16.737833142907
2,0.5,1.5,0,9,8,15,7.9,-16.9148374892151
2,0.5,1.5,0,9,8,15,8,-17.0754092931844
2,0.5,1.5,0,9,8,15,8.1,-17.203244879035
2,0.5,1.5,0,9,8,15,8.2,-17.2973581747786
2,0.5,1.5,0,9,8,15,8.3,-17.3268254323199
2,0.5,1.5,0,9,8,15,8.4,-17.3255460214628
2,0.5,1.5,0,9,8,15,8.5,-17.2916159625108
2,0.5,1.5,0,9,8,15,8.6,-17.2095007670953
2,0.5,1.5,0,9,8,15,8.7,-17.1198014058415
2,0.5,1.5,0,9,8,15,8.8,-17.0283071017104
2,0.5,1.5,0,9,8,15,8.9,-16.9122476097698
2,0.5,1.5,0,9,8,15,9,-16.7955266938201
2,0.5,1.5,0,9,8,15,9.1,-16.6721588702648
2,0.5,1.5,0,9,8,15,9.2,-16.5415221149801
2,0.5,1.5,0,9,8,15,9.3,-16.4255404144531
2,0.5,1.5,0,9,8,15,9.4,-16.3139200032892
2,0.5,1.5,0,9,8,15,9.5,-16.201154063878
2,0.5,1.5,0,9,8,15,9.6,-16.0862070032558
2,0.5,1.5,0,9,8,15,9.7,-15.9820641034309
2,0.5,1.5,0,9,8,15,9.8,-15.8917772243198
2,0.5,1.5,0,9,8,15,9.9,-15.8091662879283
2,0.5,1.5,0,9,8,15,10,-15.7101869494964
2,0.5,1.5,0,9,8,15,10.1,-15.6072846362334
2,0.5,1.5,0,9,8,15,10.2,-15.5080911893427
2,0.5,1.5,0,9,8,15,10.3,-15.3857890296508
2,0.5,1.5,0,9,8,15,10.4,-15.266603334908
2,0.5,1.5,0,9,8,15,10.5,-15.1483585293338
2,0.5,1.5,0,9,8,15,10.6,-15.0168753317119
-2,0.5,1.5,0,9,12,15,0.6,-26.4196300656279
-2,0.5,1.5,0,9,12,15,0.7,-24.162289435976
-2,0.5,1.5,0,9,12,15,0.8,-22.3344833311308
-2,0.5,1.5,0,9,12,15,0.9,-20.5888356104252
-2,0.5,1.5,0,9,12,15,1,-19.1700416881091
-2,0.5,1.5,0,9,12,15,1.1,-17.9250148160854
-2,0.5,1.5,0,9,12,15,1.2,-16.7132920921856
-2,0.5,1.5,0,9,12,15,1.3,-15.8213831375264
-2,0.5,1.5,0,9,12,15,1.4,-14.8769455679206
-2,0.5,1.5,0,9,12,15,1.5,-14.1895355579793
-2,0.5,1.5,0,9,12,15,1.6,-13.6800114416803
-2,0.5,1.5,0,9,12,15,1.7,-13.2877008052887
-2,0.5,1.5,0,9,12,15,1.8,-13.1882523486298
-2,0.5,1.5,0,9,12,15,1.9,-12.9373981858304
-2,0.5,1.5,0,9,12,15,2,-12.8919351565645
-2,0.5,1.5,0,9,12,15,2.1,-12.9286613718136
-2,0.5,1.5,0,9,12,15,2.2,-12.986936367491
-2,0.5,1.5,0,9,12,15,2.3,-13.262816464668
-2,0.5,1.5,0,9,12,15,2.4,-13.4629379491055
-2,0.5,1.5,0,9,12,15,2.5,-13.8175651052045
-2,0.5,1.5,0,9,12,15,2.6,-14.1588642719945
-2,0.5,1.5,0,9,12,15,2.7,-14.4586744705437
-2,0.5,1.5,0,9,12,15,2.8,-14.7918697128037
-2,0.5,1.5,0,9,12,15,2.9,-15.1291450076705
-2,0.5,1.5,0,9,12,15,3,-15.3907651315931
-2,0.5,1.5,0,9,12,15,3.1,-15.6964456074075
-2,0.5,1.5,0,9,12,15,3.2,-15.8427689278355
-2,0.5,1.5,0,9,12,15,3.3,-16.0266035663248
-2,0.5,1.5,0,9,12,15,3.4,-16.1418450960443
-2,0.5,1.5,0,9,12,15,3.5,-16.1901065151201
-2,0.5,1.5,0,9,12,15,3.6,-16.2982222577816
-2,0.5,1.5,0,9,12,15,3.7,-16.3213603639363
-2,0.5,1.5,0,9,12,15,3.8,-16.3773496939511
-2,0.5,1.5,0,9,12,15,3.9,-16.4202794278929
-2,0.5,1.5,0,9,12,15,4,-16.4396290885123
-2,0.5,1.5,0,9,12,15,4.1,-16.4708770025968
-2,0.5,1.5,0,9,12,15,4.2,-16.5109045291969
-2,0.5,1.5,0,9,12,15,4.3,-16.567503311051
-2,0.5,1.5,0,9,12,15,4.4,-16.651667904305
-2,0.5,1.5,0,9,12,15,4.5,-16.739111742618
-2,0.5,1.5,0,9,12,15,4.6,-16.84862120291
-2,0.5,1.5,0,9,12,15,4.7,-16.9713566812534
-2,0.5,1.5,0,9,12,15,4.8,-17.110581786149
-2,0.5,1.5,0,9,12,15,4.9,-17.2703871218661
-2,0.5,1.5,0,9,12,15,5,-17.4545053307503
-2,0.5,1.5,0,9,12,15,5.1,-17.6377678139148
-2,0.5,1.5,0,9,12,15,5.2,-17.8221589737073
-2,0.5,1.5,0,9,12,15,5.3,-18.0070642331124
-2,0.5,1.5,0,9,12,15,5.4,-18.1758924873649
-2,0.5,1.5,0,9,12,15,5.5,-18.3406369698275
-2,0.5,1.5,0,9,12,15,5.6,-18.5085075314366
-2,0.5,1.5,0,9,12,15,5.7,-18.6805084878762
-2,0.5,1.5,0,9,12,15,5.8,-18.8310287272552
-2,0.5,1.5,0,9,12,15,5.9,-18.9902512288985
-2,0.5,1.5,0,9,12,15,6,-19.1602897555641
-2,0.5,1.5,0,9,12,15,6.1,-19.3211240091178
-2,0.5,1.5,0,9,12,15,6.2,-19.4816637265078
-2,0.5,1.5,0,9,12,15,6.3,-19.5901621478443
-2,0.5,1.5,0,9,12,15,6.4,-19.6626743270502
-2,0.5,1.5,0,9,12,15,6.5,-19.6813362320877
-2,0.5,1.5,0,9,12,15,6.6,-19.6431240564346
-2,0.5,1.5,0,9,12,15,6.7,-19.5636757527352
-2,0.5,1.5,0,9,12,15,6.8,-19.4549782716406
-2,0.5,1.5,0,9,12,15,6.9,-19.3014380607707
-2,0.5,1.5,0,9,12,15,7,-19.1233568486785
-2,0.5,1.5,0,9,12,15,7.1,-18.9025192527239
-2,0.5,1.5,0,9,12,15,7.2,-18.6686217420431
-2,0.5,1.5,0,9,12,15,7.3,-18.4385656591423
-2,0.5,1.5,0,9,12,15,7.4,-18.1559823550855
-2,0.5,1.5,0,9,12,15,7.5,-17.8412070669134
-2,0.5,1.5,0,9,12,15,7.6,-17.4979362930084
-2,0.5,1.5,0,9,12,15,7.7,-17.1718434738381
-2,0.5,1.5,0,9,12,15,7.8,-16.8230596510072
-2,0.5,1.5,0,9,12,15,7.9,-16.4924240459452
-2,0.5,1.5,0,9,12,15,8,-16.1832106556866
-2,0.5,1.5,0,9,12,15,8.1,-15.8809733042253
-2,0.5,1.5,0,9,12,15,8.2,-15.5862966837062
-2,0.5,1.5,0,9,12,15,8.3,-15.3186036620679
-2,0.5,1.5,0,9,12,15,8.4,-15.0705580708779
-2,0.5,1.5,0,9,12,15,8.5,-14.8341441374614
-2,0.5,1.5,0,9,12,15,8.6,-14.6172560995541
-2,0.5,1.5,0,9,12,15,8.7,-14.4133718299708
-2,0.5,1.5,0,9,12,15,8.8,-14.2137493783368
-2,0.5,1.5,0,9,12,15,8.9,-14.0254674389544
-2,0.5,1.5,0,9,12,15,9,-13.8351516365408
-2,0.5,1.5,0,9,12,15,9.1,-13.6470229372541
-2,0.5,1.5,0,9,12,15,9.2,-13.4664056378817
-2,0.5,1.5,0,9,12,15,9.3,-13.2830735803083
-2,0.5,1.5,0,9,12,15,9.4,-13.1041704956426
-2,0.5,1.5,0,9,12,15,9.5,-12.9291722762151
-2,0.5,1.5,0,9,12,15,9.6,-12.7478503949966
-2,0.5,1.5,0,9,12,15,9.7,-12.5802741821141
-2,0.5,1.5,0,9,12,15,9.8,-12.4254373547652
-2,0.5,1.5,0,9,12,15,9.9,-12.2657148565063
-2,0.5,1.5,0,9,12,15,10,-12.1080303551231
-2,0.5,1.5,0,9,12,15,10.1,-11.9610047715537
-2,0.5,1.5,0,9,12,15,10.2,-11.8030498911962
-2,0.5,1.5,0,9,12,15,10.3,-11.6201478873398
-2,0.5,1.5,0,9,12,15,10.4,-11.4261549990824
-2,0.5,1.5,0,9,12,15,10.5,-11.2350529352796
-2,0.5,1.5,0,9,12,15,10.6,-11.0536489975693
2,0.5,1.5,0,9,12,15,0.6,-28.2909169015283
2,0.5,1.5,0,9,12,15,0.7,-26.1077969732331
2,0.5,1.5,0,9,12,15,0.8,-24.3287061108731
2,0.5,1.5,0,9,12,15,0.9,-22.5897534778275
2,0.5,1.5,0,9,12,15,1,-21.1539894956585
2,0.5,1.5,0,9,12,15,1.1,-19.8715545236334
2,0.5,1.5,0,9,12,15,1.2,-18.5931913928043
2,0.5,1.5,0,9,12,15,1.3,-17.6210604857406
2,0.5,1.5,0,9,12,15,1.4,-16.5798029659305
2,0.5,1.5,0,9,12,15,1.5,-15.7884883221066
2,0.5,1.5,0,9,12,15,1.6,-15.1598276390519
2,0.5,1.5,0,9,12,15,1.7,-14.6444608038768
2,0.5,1.5,0,9,12,15,1.8,-14.402668998899
2,0.5,1.5,0,9,12,15,1.9,-14.0058496350297
2,0.5,1.5,0,9,12,15,2,-13.8078365528626
2,0.5,1.5,0,9,12,15,2.1,-13.6821198789213
2,0.5,1.5,0,9,12,15,2.2,-13.5719732117066
2,0.5,1.5,0,9,12,15,2.3,-13.6682890996959
2,0.5,1.5,0,9,12,15,2.4,-13.6874675147404
2,0.5,1.5,0,9,12,15,2.5,-13.8626343951676
2,0.5,1.5,0,9,12,15,2.6,-14.0107212607457
2,0.5,1.5,0,9,12,15,2.7,-14.1127947625272
2,0.5,1.5,0,9,12,15,2.8,-14.2554744361085
2,0.5,1.5,0,9,12,15,2.9,-14.3995931715523
2,0.5,1.5,0,9,12,15,3,-14.4763229245891
2,0.5,1.5,0,9,12,15,3.1,-14.6055344653991
2,0.5,1.5,0,9,12,15,3.2,-14.5746793526267
2,0.5,1.5,0,9,12,15,3.3,-14.5987563834865
2,0.5,1.5,0,9,12,15,3.4,-14.5354060059591
2,0.5,1.5,0,9,12,15,3.5,-14.4121093685799
2,0.5,1.5,0,9,12,15,3.6,-14.3361182387927
2,0.5,1.5,0,9,12,15,3.7,-14.1890652662889
2,0.5,1.5,0,9,12,15,3.8,-14.0710676281679
2,0.5,1.5,0,9,12,15,3.9,-13.9317508541917
2,0.5,1.5,0,9,12,15,4,-13.7660364766017
2,0.5,1.5,0,9,12,15,4.1,-13.5984541620451
2,0.5,1.5,0,9,12,15,4.2,-13.4457339811125
2,0.5,1.5,0,9,12,15,4.3,-13.3228880477899
2,0.5,1.5,0,9,12,15,4.4,-13.2426080360363
2,0.5,1.5,0,9,12,15,4.5,-13.1628379260482
2,0.5,1.5,0,9,12,15,4.6,-13.1057895816097
2,0.5,1.5,0,9,12,15,4.7,-13.0629723502909
2,0.5,1.5,0,9,12,15,4.8,-13.0342074351131
2,0.5,1.5,0,9,12,15,4.9,-13.0273313012848
2,0.5,1.5,0,9,12,15,5,-13.0439418669348
2,0.5,1.5,0,9,12,15,5.1,-13.08137997492
2,0.5,1.5,0,9,12,15,5.2,-13.141085157956
2,0.5,1.5,0,9,12,15,5.3,-13.2022649652556
2,0.5,1.5,0,9,12,15,5.4,-13.257963771002
2,0.5,1.5,0,9,12,15,5.5,-13.3212809923872
2,0.5,1.5,0,9,12,15,5.6,-13.3807093982999
2,0.5,1.5,0,9,12,15,5.7,-13.4440954131051
2,0.5,1.5,0,9,12,15,5.8,-13.5103812127918
2,0.5,1.5,0,9,12,15,5.9,-13.5732054595578
2,0.5,1.5,0,9,12,15,6,-13.6377245353421
2,0.5,1.5,0,9,12,15,6.1,-13.7103422211438
2,0.5,1.5,0,9,12,15,6.2,-13.7838635220805
2,0.5,1.5,0,9,12,15,6.3,-13.870507843558
2,0.5,1.5,0,9,12,15,6.4,-13.9794015735108
2,0.5,1.5,0,9,12,15,6.5,-14.0978839232823
2,0.5,1.5,0,9,12,15,6.6,-14.2265378949594
2,0.5,1.5,0,9,12,15,6.7,-14.3724389444248
2,0.5,1.5,0,9,12,15,6.8,-14.5407896506548
2,0.5,1.5,0,9,12,15,6.9,-14.7304029388544
2,0.5,1.5,0,9,12,15,7,-14.9348532956929
2,0.5,1.5,0,9,12,15,7.1,-15.1615484976271
2,0.5,1.5,0,9,12,15,7.2,-15.398748013744
2,0.5,1.5,0,9,12,15,7.3,-15.6451646125444
2,0.5,1.5,0,9,12,15,7.4,-15.904850675022
2,0.5,1.5,0,9,12,15,7.5,-16.1760460725132
2,0.5,1.5,0,9,12,15,7.6,-16.4481157080235
2,0.5,1.5,0,9,12,15,7.7,-16.711573346377
2,0.5,1.5,0,9,12,15,7.8,-16.9508222327441
2,0.5,1.5,0,9,12,15,7.9,-17.1004322429635
2,0.5,1.5,0,9,12,15,8,-17.2246939446181
2,0.5,1.5,0,9,12,15,8.1,-17.3101624802846
2,0.5,1.5,0,9,12,15,8.2,-17.3818979184633
2,0.5,1.5,0,9,12,15,8.3,-17.4411299416728
2,0.5,1.5,0,9,12,15,8.4,-17.4321575137773
2,0.5,1.5,0,9,12,15,8.5,-17.3870559090016
2,0.5,1.5,0,9,12,15,8.6,-17.3112355883582
2,0.5,1.5,0,9,12,15,8.7,-17.2172060092867
2,0.5,1.5,0,9,12,15,8.8,-17.0789378195799
2,0.5,1.5,0,9,12,15,8.9,-16.9396370693493
2,0.5,1.5,0,9,12,15,9,-16.7900273771808
2,0.5,1.5,0,9,12,15,9.1,-16.6329557066227
2,0.5,1.5,0,9,12,15,9.2,-16.4874935603729
2,0.5,1.5,0,9,12,15,9.3,-16.3353804523268
2,0.5,1.5,0,9,12,15,9.4,-16.1777629606767
2,0.5,1.5,0,9,12,15,9.5,-16.0151264792037
2,0.5,1.5,0,9,12,15,9.6,-15.8489413544882
2,0.5,1.5,0,9,12,15,9.7,-15.6931352060922
2,0.5,1.5,0,9,12,15,9.8,-15.5258281040536
2,0.5,1.5,0,9,12,15,9.9,-15.3613647403635
2,0.5,1.5,0,9,12,15,10,-15.2190546891971
2,0.5,1.5,0,9,12,15,10.1,-15.0885122445008
2,0.5,1.5,0,9,12,15,10.2,-14.9467761169209
2,0.5,1.5,0,9,12,15,10.3,-14.8095922910056
2,0.5,1.5,0,9,12,15,10.4,-14.6740102571813
2,0.5,1.5,0,9,12,15,10.5,-14.5473099863066
2,0.5,1.5,0,9,12,15,10.6,-14.4375370015748
-2,0.5,1.5,0,11,8,15,0.6,-26.4515957921538
-2,0.5,1.5,0,11,8,15,0.7,-24.1460769126294
-2,0.5,1.5,0,11,8,15,0.8,-22.2822170916519
-2,0.5,1.5,0,11,8,15,0.9,-20.5062712262721
-2,0.5,1.5,0,11,8,15,1,-19.0642185811244
-2,0.5,1.5,0,11,8,15,1.1,-17.8059980367526
-2,0.5,1.5,0,11,8,15,1.2,-16.5790639477482
-2,0.5,1.5,0,11,8,15,1.3,-15.6734858331235
-2,0.5,1.5,0,11,8,15,1.4,-14.7219311445772
-2,0.5,1.5,0,11,8,15,1.5,-14.0285273277455
-2,0.5,1.5,0,11,8,15,1.6,-13.5153098621392
-2,0.5,1.5,0,11,8,15,1.7,-13.121474288319
-2,0.5,1.5,0,11,8,15,1.8,-13.0178348343393
-2,0.5,1.5,0,11,8,15,1.9,-12.7709302339327
-2,0.5,1.5,0,11,8,15,2,-12.7313830376893
-2,0.5,1.5,0,11,8,15,2.1,-12.7765427585519
-2,0.5,1.5,0,11,8,15,2.2,-12.8426112224504
-2,0.5,1.5,0,11,8,15,2.3,-13.1244757362217
-2,0.5,1.5,0,11,8,15,2.4,-13.3304478711992
-2,0.5,1.5,0,11,8,15,2.5,-13.691721410058
-2,0.5,1.5,0,11,8,15,2.6,-14.034858939799
-2,0.5,1.5,0,11,8,15,2.7,-14.3483697372225
-2,0.5,1.5,0,11,8,15,2.8,-14.6922960475365
-2,0.5,1.5,0,11,8,15,2.9,-15.0264063885376
-2,0.5,1.5,0,11,8,15,3,-15.2930343476781
-2,0.5,1.5,0,11,8,15,3.1,-15.6037847234497
-2,0.5,1.5,0,11,8,15,3.2,-15.7673352048084
-2,0.5,1.5,0,11,8,15,3.3,-15.9559359373423
-2,0.5,1.5,0,11,8,15,3.4,-16.0742596798544
-2,0.5,1.5,0,11,8,15,3.5,-16.1067301634753
-2,0.5,1.5,0,11,8,15,3.6,-16.2107317814342
-2,0.5,1.5,0,11,8,15,3.7,-16.2417104791725
-2,0.5,1.5,0,11,8,15,3.8,-16.304391347815
-2,0.5,1.5,0,11,8,15,3.9,-16.3319463763846
-2,0.5,1.5,0,11,8,15,4,-16.335500783407
-2,0.5,1.5,0,11,8,15,4.1,-16.3657869077987
-2,0.5,1.5,0,11,8,15,4.2,-16.3939755223767
-2,0.5,1.5,0,11,8,15,4.3,-16.4438779412549
-2,0.5,1.5,0,11,8,15,4.4,-16.5211366563828
-2,0.5,1.5,0,11,8,15,4.5,-16.6018965095083
-2,0.5,1.5,0,11,8,15,4.6,-16.6912537958278
-2,0.5,1.5,0,11,8,15,4.7,-16.8083103635503
-2,0.5,1.5,0,11,8,15,4.8,-16.9443208314599
-2,0.5,1.5,0,11,8,15,4.9,-17.0936616528642
-2,0.5,1.5,0,11,8,15,5,-17.2671726274115
-2,0.5,1.5,0,11,8,15,5.1,-17.4584431553418
-2,0.5,1.5,0,11,8,15,5.2,-17.6722564977973
-2,0.5,1.5,0,11,8,15,5.3,-17.848207535522
-2,0.5,1.5,0,11,8,15,5.4,-18.0134017721105
-2,0.5,1.5,0,11,8,15,5.5,-18.1600896522198
-2,0.5,1.5,0,11,8,15,5.6,-18.3192523695226
-2,0.5,1.5,0,11,8,15,5.7,-18.4891169975405
-2,0.5,1.5,0,11,8,15,5.8,-18.6470881703127
-2,0.5,1.5,0,11,8,15,5.9,-18.8086211997738
-2,0.5,1.5,0,11,8,15,6,-18.9741267288429
-2,0.5,1.5,0,11,8,15,6.1,-19.1577610774345
-2,0.5,1.5,0,11,8,15,6.2,-19.3634482492602
-2,0.5,1.5,0,11,8,15,6.3,-19.5714945821939
-2,0.5,1.5,0,11,8,15,6.4,-19.7403700645917
-2,0.5,1.5,0,11,8,15,6.5,-19.7892592352153
-2,0.5,1.5,0,11,8,15,6.6,-19.7560653564923
-2,0.5,1.5,0,11,8,15,6.7,-19.6603923984732
-2,0.5,1.5,0,11,8,15,6.8,-19.5246754513008
-2,0.5,1.5,0,11,8,15,6.9,-19.3487063463686
-2,0.5,1.5,0,11,8,15,7,-19.1529903729537
-2,0.5,1.5,0,11,8,15,7.1,-18.93588830505
-2,0.5,1.5,0,11,8,15,7.2,-18.7010330414414
-2,0.5,1.5,0,11,8,15,7.3,-18.4645426841794
-2,0.5,1.5,0,11,8,15,7.4,-18.2241531253213
-2,0.5,1.5,0,11,8,15,7.5,-17.9561027874262
-2,0.5,1.5,0,11,8,15,7.6,-17.6427333747479
-2,0.5,1.5,0,11,8,15,7.7,-17.2983129038213
-2,0.5,1.5,0,11,8,15,7.8,-16.9611617613863
-2,0.5,1.5,0,11,8,15,7.9,-16.6265666451063
-2,0.5,1.5,0,11,8,15,8,-16.2874556741229
-2,0.5,1.5,0,11,8,15,8.1,-15.9440109957001
-2,0.5,1.5,0,11,8,15,8.2,-15.6031196993374
-2,0.5,1.5,0,11,8,15,8.3,-15.2960861507177
-2,0.5,1.5,0,11,8,15,8.4,-15.0047838054668
-2,0.5,1.5,0,11,8,15,8.5,-14.7269870514068
-2,0.5,1.5,0,11,8,15,8.6,-14.4583702776762
-2,0.5,1.5,0,11,8,15,8.7,-14.2010894884214
-2,0.5,1.5,0,11,8,15,8.8,-13.9596669517733
-2,0.5,1.5,0,11,8,15,8.9,-13.7389628826386
-2,0.5,1.5,0,11,8,15,9,-13.5363649997673
-2,0.5,1.5,0,11,8,15,9.1,-13.3409728044664
-2,0.5,1.5,0,11,8,15,9.2,-13.1496703669758
-2,0.5,1.5,0,11,8,15,9.3,-12.9711960545411
-2,0.5,1.5,0,11,8,15,9.4,-12.8008810859647
-2,0.5,1.5,0,11,8,15,9.5,-12.6434738623258
-2,0.5,1.5,0,11,8,15,9.6,-12.4936567694197
-2,0.5,1.5,0,11,8,15,9.7,-12.348519052819
-2,0.5,1.5,0,11,8,15,9.8,-12.2173924746559
-2,0.5,1.5,0,11,8,15,9.9,-12.1003858389179
-2,0.5,1.5,0,11,8,15,10,-11.9783886266816
-2,0.5,1.5,0,11,8,15,10.1,-11.8581235834635
-2,0.5,1.5,0,11,8,15,10.2,-11.7433497057151
-2,0.5,1.5,0,11,8,15,10.3,-11.6248238575134
-2,0.5,1.5,0,11,8,15,10.4,-11.4995040468583
-2,0.5,1.5,0,11,8,15,10.5,-11.3706639546958
-2,0.5,1.5,0,11,8,15,10.6,-11.2278829353868
2,0.5,1.5,0,11,8,15,0.6,-28.408474734778
2,0.5,1.5,0,11,8,15,0.7,-26.1725602779926
2,0.5,1.5,0,11,8,15,0.8,-24.3474654681056
2,0.5,1.5,0,11,8,15,0.9,-22.5694153253607
2,0.5,1.5,0,11,8,15,1,-21.098796961659
2,0.5,1.5,0,11,8,15,1.1,-19.7885453800029
2,0.5,1.5,0,11,8,15,1.2,-18.4882183236951
2,0.5,1.5,0,11,8,15,1.3,-17.5015643537768
2,0.5,1.5,0,11,8,15,1.4,-16.4485355540368
2,0.5,1.5,0,11,8,15,1.5,-15.6479372500933
2,0.5,1.5,0,11,8,15,1.6,-15.0146601231007
2,0.5,1.5,0,11,8,15,1.7,-14.4919732630303
2,0.5,1.5,0,11,8,15,1.8,-14.2484803172257
2,0.5,1.5,0,11,8,15,1.9,-13.8490024406551
2,0.5,1.5,0,11,8,15,2,-13.6500854063179
2,0.5,1.5,0,11,8,15,2.1,-13.5238283294569
2,0.5,1.5,0,11,8,15,2.2,-13.4196919672661
2,0.5,1.5,0,11,8,15,2.3,-13.5184947785027
2,0.5,1.5,0,11,8,15,2.4,-13.5396808923091
2,0.5,1.5,0,11,8,15,2.5,-13.72288959944
2,0.5,1.5,0,11,8,15,2.6,-13.8748709056234
2,0.5,1.5,0,11,8,15,2.7,-13.9921807732261
2,0.5,1.5,0,11,8,15,2.8,-14.1521705998469
2,0.5,1.5,0,11,8,15,2.9,-14.2947646298753
2,0.5,1.5,0,11,8,15,3,-14.3828220955795
2,0.5,1.5,0,11,8,15,3.1,-14.5236671654941
2,0.5,1.5,0,11,8,15,3.2,-14.528063169791
2,0.5,1.5,0,11,8,15,3.3,-14.5499700320632
2,0.5,1.5,0,11,8,15,3.4,-14.5063390094522
2,0.5,1.5,0,11,8,15,3.5,-14.3911119840552
2,0.5,1.5,0,11,8,15,3.6,-14.3325021347996
2,0.5,1.5,0,11,8,15,3.7,-14.2002161485758
2,0.5,1.5,0,11,8,15,3.8,-14.088794224541
2,0.5,1.5,0,11,8,15,3.9,-13.944232480466
2,0.5,1.5,0,11,8,15,4,-13.7831808482601
2,0.5,1.5,0,11,8,15,4.1,-13.6311957654827
2,0.5,1.5,0,11,8,15,4.2,-13.4859227935663
2,0.5,1.5,0,11,8,15,4.3,-13.3611364682068
2,0.5,1.5,0,11,8,15,4.4,-13.2645047522369
2,0.5,1.5,0,11,8,15,4.5,-13.1732961901023
2,0.5,1.5,0,11,8,15,4.6,-13.1027480238725
2,0.5,1.5,0,11,8,15,4.7,-13.0539069592812
2,0.5,1.5,0,11,8,15,4.8,-13.018716300666
2,0.5,1.5,0,11,8,15,4.9,-13.004478229558
2,0.5,1.5,0,11,8,15,5,-13.0197544001651
2,0.5,1.5,0,11,8,15,5.1,-13.0510110466806
2,0.5,1.5,0,11,8,15,5.2,-13.0987542045929
2,0.5,1.5,0,11,8,15,5.3,-13.1564040354424
2,0.5,1.5,0,11,8,15,5.4,-13.2156806674701
2,0.5,1.5,0,11,8,15,5.5,-13.2772055933232
2,0.5,1.5,0,11,8,15,5.6,-13.3372161129471
2,0.5,1.5,0,11,8,15,5.7,-13.3967570691702
2,0.5,1.5,0,11,8,15,5.8,-13.4533586302039
2,0.5,1.5,0,11,8,15,5.9,-13.5214990266973
2,0.5,1.5,0,11,8,15,6,-13.5912515795799
2,0.5,1.5,0,11,8,15,6.1,-13.6595709601919
2,0.5,1.5,0,11,8,15,6.2,-13.7300726863424
2,0.5,1.5,0,11,8,15,6.3,-13.804620208661
2,0.5,1.5,0,11,8,15,6.4,-13.8909020620207
2,0.5,1.5,0,11,8,15,6.5,-13.9867900750065
2,0.5,1.5,0,11,8,15,6.6,-14.0970690749081
2,0.5,1.5,0,11,8,15,6.7,-14.2190317398887
2,0.5,1.5,0,11,8,15,6.8,-14.3602585466961
2,0.5,1.5,0,11,8,15,6.9,-14.5174903655812
2,0.5,1.5,0,11,8,15,7,-14.6927012714465
2,0.5,1.5,0,11,8,15,7.1,-14.8820092790092
2,0.5,1.5,0,11,8,15,7.2,-15.0933988235155
2,0.5,1.5,0,11,8,15,7.3,-15.3205413571095
2,0.5,1.5,0,11,8,15,7.4,-15.5526470660197
2,0.5,1.5,0,11,8,15,7.5,-15.7884452547056
2,0.5,1.5,0,11,8,15,7.6,-16.0285036037189
2,0.5,1.5,0,11,8,15,7.7,-16.2718340459017
2,0.5,1.5,0,11,8,15,7.8,-16.5144320606606
2,0.5,1.5,0,11,8,15,7.9,-16.7356685662741
2,0.5,1.5,0,11,8,15,8,-16.9456378031681
2,0.5,1.5,0,11,8,15,8.1,-17.1378109991166
2,0.5,1.5,0,11,8,15,8.2,-17.2990807023152
2,0.5,1.5,0,11,8,15,8.3,-17.455905868474
2,0.5,1.5,0,11,8,15,8.4,-17.5979841133342
2,0.5,1.5,0,11,8,15,8.5,-17.7128450947364
2,0.5,1.5,0,11,8,15,8.6,-17.799179583967
2,0.5,1.5,0,11,8,15,8.7,-17.8087978764778
2,0.5,1.5,0,11,8,15,8.8,-17.6912413537248
2,0.5,1.5,0,11,8,15,8.9,-17.5376461995526
2,0.5,1.5,0,11,8,15,9,-17.3842378102285
2,0.5,1.5,0,11,8,15,9.1,-17.2275032115165
2,0.5,1.5,0,11,8,15,9.2,-17.0555858886485
2,0.5,1.5,0,11,8,15,9.3,-16.8699876297884
2,0.5,1.5,0,11,8,15,9.4,-16.6719777494299
2,0.5,1.5,0,11,8,15,9.5,-16.4828093706759
2,0.5,1.5,0,11,8,15,9.6,-16.2899789907366
2,0.5,1.5,0,11,8,15,9.7,-16.0908072399205
2,0.5,1.5,0,11,8,15,9.8,-15.900429658089
2,0.5,1.5,0,11,8,15,9.9,-15.7184342999646
2,0.5,1.5,0,11,8,15,10,-15.5404846460395
2,0.5,1.5,0,11,8,15,10.1,-15.3593814011906
2,0.5,1.5,0,11,8,15,10.2,-15.1767631291776
2,0.5,1.5,0,11,8,15,10.3,-15.0075490122761
2,0.5,1.5,0,11,8,15,10.4,-14.833752282287
2,0.5,1.5,0,11,8,15,10.5,-14.6513479362107
2,0.5,1.5,0,11,8,15,10.6,-14.485797690057
-2,0.5,1.5,0,11,12,15,0.6,-26.3203813576938
-2,0.5,1.5,0,11,12,15,0.7,-24.05071984142
-2,0.5,1.5,0,11,12,15,0.8,-22.2063560135376
-2,0.5,1.5,0,11,12,15,0.9,-20.4386424882599
-2,0.5,1.5,0,11,12,15,1,-19.0028226826931
-2,0.5,1.5,0,11,12,15,1.1,-17.744686394501
-2,0.5,1.5,0,11,12,15,1.2,-16.5189799246482
-2,0.5,1.5,0,11,12,15,1.3,-15.6130418276771
-2,0.5,1.5,0,11,12,15,1.4,-14.6582329096282
-2,0.5,1.5,0,11,12,15,1.5,-13.9610574388192
-2,0.5,1.5,0,11,12,15,1.6,-13.4406812141845
-2,0.5,1.5,0,11,12,15,1.7,-13.0430304206749
-2,0.5,1.5,0,11,12,15,1.8,-12.9324945012354
-2,0.5,1.5,0,11,12,15,1.9,-12.6780904636244
-2,0.5,1.5,0,11,12,15,2,-12.6305759521333
-2,0.5,1.5,0,11,12,15,2.1,-12.6654713952224
-2,0.5,1.5,0,11,12,15,2.2,-12.7238473408698
-2,0.5,1.5,0,11,12,15,2.3,-12.9954376809701
-2,0.5,1.5,0,11,12,15,2.4,-13.2024251020295
-2,0.5,1.5,0,11,12,15,2.5,-13.5590214973559
-2,0.5,1.5,0,11,12,15,2.6,-13.8984776040065
-2,0.5,1.5,0,11,12,15,2.7,-14.2050772045527
-2,0.5,1.5,0,11,12,15,2.8,-14.5545974395918
-2,0.5,1.5,0,11,12,15,2.9,-14.9122624735757
-2,0.5,1.5,0,11,12,15,3,-15.206430408927
-2,0.5,1.5,0,11,12,15,3.1,-15.5446493861981
-2,0.5,1.5,0,11,12,15,3.2,-15.7256743164842
-2,0.5,1.5,0,11,12,15,3.3,-15.9491066830024
-2,0.5,1.5,0,11,12,15,3.4,-16.0827148697594
-2,0.5,1.5,0,11,12,15,3.5,-16.1557651087883
-2,0.5,1.5,0,11,12,15,3.6,-16.2790484983012
-2,0.5,1.5,0,11,12,15,3.7,-16.3204746446742
-2,0.5,1.5,0,11,12,15,3.8,-16.406288421962
-2,0.5,1.5,0,11,12,15,3.9,-16.4566028377989
-2,0.5,1.5,0,11,12,15,4,-16.4622072376356
-2,0.5,1.5,0,11,12,15,4.1,-16.4966884885181
-2,0.5,1.5,0,11,12,15,4.2,-16.5214293082526
-2,0.5,1.5,0,11,12,15,4.3,-16.5750991176887
-2,0.5,1.5,0,11,12,15,4.4,-16.6629491195573
-2,0.5,1.5,0,11,12,15,4.5,-16.7421819967421
-2,0.5,1.5,0,11,12,15,4.6,-16.8434595775236
-2,0.5,1.5,0,11,12,15,4.7,-16.9758165266183
-2,0.5,1.5,0,11,12,15,4.8,-17.1187711680642
-2,0.5,1.5,0,11,12,15,4.9,-17.2870080315303
-2,0.5,1.5,0,11,12,15,5,-17.4711057275598
-2,0.5,1.5,0,11,12,15,5.1,-17.6504124611881
-2,0.5,1.5,0,11,12,15,5.2,-17.8302327897285
-2,0.5,1.5,0,11,12,15,5.3,-18.010422702605
-2,0.5,1.5,0,11,12,15,5.4,-18.182013476737
-2,0.5,1.5,0,11,12,15,5.5,-18.348560527889
-2,0.5,1.5,0,11,12,15,5.6,-18.4977006819547
-2,0.5,1.5,0,11,12,15,5.7,-18.6425528033592
-2,0.5,1.5,0,11,12,15,5.8,-18.7924130078361
-2,0.5,1.5,0,11,12,15,5.9,-18.931209761142
-2,0.5,1.5,0,11,12,15,6,-19.0773554423692
-2,0.5,1.5,0,11,12,15,6.1,-19.2269643165183
-2,0.5,1.5,0,11,12,15,6.2,-19.3498332460309
-2,0.5,1.5,0,11,12,15,6.3,-19.4364473097401
-2,0.5,1.5,0,11,12,15,6.4,-19.4849064134483
-2,0.5,1.5,0,11,12,15,6.5,-19.4763133144294
-2,0.5,1.5,0,11,12,15,6.6,-19.4369678412829
-2,0.5,1.5,0,11,12,15,6.7,-19.36659765181
-2,0.5,1.5,0,11,12,15,6.8,-19.2447618754956
-2,0.5,1.5,0,11,12,15,6.9,-19.109285184066
-2,0.5,1.5,0,11,12,15,7,-18.9416096629598
-2,0.5,1.5,0,11,12,15,7.1,-18.7659316036672
-2,0.5,1.5,0,11,12,15,7.2,-18.5440818444252
-2,0.5,1.5,0,11,12,15,7.3,-18.3124381897095
-2,0.5,1.5,0,11,12,15,7.4,-18.0548559853291
-2,0.5,1.5,0,11,12,15,7.5,-17.7861312074192
-2,0.5,1.5,0,11,12,15,7.6,-17.5085446512226
-2,0.5,1.5,0,11,12,15,7.7,-17.2115177988399
-2,0.5,1.5,0,11,12,15,7.8,-16.9112765765263
-2,0.5,1.5,0,11,12,15,7.9,-16.6014835866967
-2,0.5,1.5,0,11,12,15,8,-16.2876181288892
-2,0.5,1.5,0,11,12,15,8.1,-15.9857103619138
-2,0.5,1.5,0,11,12,15,8.2,-15.6830439863455
-2,0.5,1.5,0,11,12,15,8.3,-15.398285268711
-2,0.5,1.5,0,11,12,15,8.4,-15.1375868730842
-2,0.5,1.5,0,11,12,15,8.5,-14.8905939304193
-2,0.5,1.5,0,11,12,15,8.6,-14.6495776490972
-2,0.5,1.5,0,11,12,15,8.7,-14.4254627008978
-2,0.5,1.5,0,11,12,15,8.8,-14.2185828081364
-2,0.5,1.5,0,11,12,15,8.9,-14.0203262520904
-2,0.5,1.5,0,11,12,15,9,-13.8252310186524
-2,0.5,1.5,0,11,12,15,9.1,-13.6512513139933
-2,0.5,1.5,0,11,12,15,9.2,-13.4953755096079
-2,0.5,1.5,0,11,12,15,9.3,-13.3356938995592
-2,0.5,1.5,0,11,12,15,9.4,-13.1775201653595
-2,0.5,1.5,0,11,12,15,9.5,-13.024328880558
-2,0.5,1.5,0,11,12,15,9.6,-12.879002422146
-2,0.5,1.5,0,11,12,15,9.7,-12.7360759649139
-2,0.5,1.5,0,11,12,15,9.8,-12.5824778695085
-2,0.5,1.5,0,11,12,15,9.9,-12.4173721743364
-2,0.5,1.5,0,11,12,15,10,-12.2385235042726
-2,0.5,1.5,0,11,12,15,10.1,-12.0615158576337
-2,0.5,1.5,0,11,12,15,10.2,-11.8844094817618
-2,0.5,1.5,0,11,12,15,10.3,-11.7078234790962
-2,0.5,1.5,0,11,12,15,10.4,-11.5368523241197
-2,0.5,1.5,0,11,12,15,10.5,-11.371957263549
-2,0.5,1.5,0,11,12,15,10.6,-11.2118294156465
2,0.5,1.5,0,11,12,15,0.6,-28.1509125999202
2,0.5,1.5,0,11,12,15,0.7,-25.9666491574987
2,0.5,1.5,0,11,12,15,0.8,-24.1769338541202
2,0.5,1.5,0,11,12,15,0.9,-22.427392384323
2,0.5,1.5,0,11,12,15,1,-20.9792883224272
2,0.5,1.5,0,11,12,15,1.1,-19.6862484154973
2,0.5,1.5,0,11,12,15,1.2,-18.3936023070916
2,0.5,1.5,0,11,12,15,1.3,-17.4127945556287
2,0.5,1.5,0,11,12,15,1.4,-16.362391633233
2,0.5,1.5,0,11,12,15,1.5,-15.562307778715
2,0.5,1.5,0,11,12,15,1.6,-14.9285702881705
2,0.5,1.5,0,11,12,15,1.7,-14.4029063817439
2,0.5,1.5,0,11,12,15,1.8,-14.1532775669372
2,0.5,1.5,0,11,12,15,1.9,-13.7501637958354
2,0.5,1.5,0,11,12,15,2,-13.5467284632277
2,0.5,1.5,0,11,12,15,2.1,-13.4197566240165
2,0.5,1.5,0,11,12,15,2.2,-13.3072253646008
2,0.5,1.5,0,11,12,15,2.3,-13.404010469908
2,0.5,1.5,0,11,12,15,2.4,-13.428221757337
2,0.5,1.5,0,11,12,15,2.5,-13.5984426802166
2,0.5,1.5,0,11,12,15,2.6,-13.7559142626559
2,0.5,1.5,0,11,12,15,2.7,-13.8776670168536
2,0.5,1.5,0,11,12,15,2.8,-14.042103101483
2,0.5,1.5,0,11,12,15,2.9,-14.2004557303749
2,0.5,1.5,0,11,12,15,3,-14.3048569098532
2,0.5,1.5,0,11,12,15,3.1,-14.460092879054
2,0.5,1.5,0,11,12,15,3.2,-14.4620240374742
2,0.5,1.5,0,11,12,15,3.3,-14.4945682365175
2,0.5,1.5,0,11,12,15,3.4,-14.451448680736
2,0.5,1.5,0,11,12,15,3.5,-14.3386817141612
2,0.5,1.5,0,11,12,15,3.6,-14.2903207513526
2,0.5,1.5,0,11,12,15,3.7,-14.1627964250163
2,0.5,1.5,0,11,12,15,3.8,-14.059952321128
2,0.5,1.5,0,11,12,15,3.9,-13.9320077150963
2,0.5,1.5,0,11,12,15,4,-13.7610987859505
2,0.5,1.5,0,11,12,15,4.1,-13.6064598593965
2,0.5,1.5,0,11,12,15,4.2,-13.4605185257908
2,0.5,1.5,0,11,12,15,4.3,-13.345498775921
2,0.5,1.5,0,11,12,15,4.4,-13.2599260697805
2,0.5,1.5,0,11,12,15,4.5,-13.1715518221992
2,0.5,1.5,0,11,12,15,4.6,-13.0907908755015
2,0.5,1.5,0,11,12,15,4.7,-13.0361864353928
2,0.5,1.5,0,11,12,15,4.8,-13.0114071084944
2,0.5,1.5,0,11,12,15,4.9,-12.9997185470487
2,0.5,1.5,0,11,12,15,5,-13.0105670975389
2,0.5,1.5,0,11,12,15,5.1,-13.0457302827983
2,0.5,1.5,0,11,12,15,5.2,-13.0944597538513
2,0.5,1.5,0,11,12,15,5.3,-13.1484414579942
2,0.5,1.5,0,11,12,15,5.4,-13.2034092080591
2,0.5,1.5,0,11,12,15,5.5,-13.2684001274075
2,0.5,1.5,0,11,12,15,5.6,-13.3352908439551
2,0.5,1.5,0,11,12,15,5.7,-13.3937285016327
2,0.5,1.5,0,11,12,15,5.8,-13.4621870053097
2,0.5,1.5,0,11,12,15,5.9,-13.5254946648539
2,0.5,1.5,0,11,12,15,6,-13.5932655386578
2,0.5,1.5,0,11,12,15,6.1,-13.6657324567366
2,0.5,1.5,0,11,12,15,6.2,-13.7491305046295
2,0.5,1.5,0,11,12,15,6.3,-13.8472550855803
2,0.5,1.5,0,11,12,15,6.4,-13.9543446803648
2,0.5,1.5,0,11,12,15,6.5,-14.0705105621268
2,0.5,1.5,0,11,12,15,6.6,-14.208627796195
2,0.5,1.5,0,11,12,15,6.7,-14.3635594984763
2,0.5,1.5,0,11,12,15,6.8,-14.5278016423836
2,0.5,1.5,0,11,12,15,6.9,-14.7138726146847
2,0.5,1.5,0,11,12,15,7,-14.9153905946429
2,0.5,1.5,0,11,12,15,7.1,-15.1399855582551
2,0.5,1.5,0,11,12,15,7.2,-15.3893320908342
2,0.5,1.5,0,11,12,15,7.3,-15.6522224585112
2,0.5,1.5,0,11,12,15,7.4,-15.9118348254112
2,0.5,1.5,0,11,12,15,7.5,-16.1318473917522
2,0.5,1.5,0,11,12,15,7.6,-16.3260452947493
2,0.5,1.5,0,11,12,15,7.7,-16.5027697264248
2,0.5,1.5,0,11,12,15,7.8,-16.6674812855625
2,0.5,1.5,0,11,12,15,7.9,-16.7892394256754
2,0.5,1.5,0,11,12,15,8,-16.881814446914
2,0.5,1.5,0,11,12,15,8.1,-16.9776750080101
2,0.5,1.5,0,11,12,15,8.2,-17.0568251042325
2,0.5,1.5,0,11,12,15,8.3,-17.1073765799703
2,0.5,1.5,0,11,12,15,8.4,-17.104854895483
2,0.5,1.5,0,11,12,15,8.5,-17.0175211265299
2,0.5,1.5,0,11,12,15,8.6,-16.9136179104343
2,0.5,1.5,0,11,12,15,8.7,-16.7990883378997
2,0.5,1.5,0,11,12,15,8.8,-16.6916191348182
2,0.5,1.5,0,11,12,15,8.9,-16.5620190842179
2,0.5,1.5,0,11,12,15,9,-16.434966616575
2,0.5,1.5,0,11,12,15,9.1,-16.325293460667
2,0.5,1.5,0,11,12,15,9.2,-16.2232617173711
2,0.5,1.5,0,11,12,15,9.3,-16.1200649939664
2,0.5,1.5,0,11,12,15,9.4,-16.0186123214906
2,0.5,1.5,0,11,12,15,9.5,-15.9166697702137
2,0.5,1.5,0,11,12,15,9.6,-15.8175169371777
2,0.5,1.5,0,11,12,15,9.7,-15.7362739426682
2,0.5,1.5,0,11,12,15,9.8,-15.6527725043315
2,0.5,1.5,0,11,12,15,9.9,-15.5782913915063
2,0.5,1.5,0,11,12,15,10,-15.5110421316473
2,0.5,1.5,0,11,12,15,10.1,-15.4285194204686
2,0.5,1.5,0,11,12,15,10.2,-15.3369939930328
2,0.5,1.5,0,11,12,15,10.3,-15.245007445881
2,0.5,1.5,0,11,12,15,10.4,-15.1682662096563
2,0.5,1.5,0,11,12,15,10.5,-15.0839845833116
2,0.5,1.5,0,11,12,15,10.6,-14.9845275718553
-2,0.5,2.5,0,9,8,5,0.6,-28.8509206935108
-2,0.5,2.5,0,9,8,5,0.7,-26.9914817262164
-2,0.5,2.5,0,9,8,5,0.8,-25.4634613078761
-2,0.5,2.5,0,9,8,5,0.9,-23.9480093362777
-2,0.5,2.5,0,9,8,5,1,-22.6816395533743
-2,0.5,2.5,0,9,8,5,1.1,-21.5247559743764
-2,0.5,2.5,0,9,8,5,1.2,-20.342796313738
-2,0.5,2.5,0,9,8,5,1.3,-19.4324870380361
-2,0.5,2.5,0,9,8,5,1.4,-18.4400321112921
-2,0.5,2.5,0,9,8,5,1.5,-17.6743830629334
-2,0.5,2.5,0,9,8,5,1.6,-17.0531927493671
-2,0.5,2.5,0,9,8,5,1.7,-16.5287506792686
-2,0.5,2.5,0,9,8,5,1.8,-16.2522265779603
-2,0.5,2.5,0,9,8,5,1.9,-15.8228129981725
-2,0.5,2.5,0,9,8,5,2,-15.5777215083224
-2,0.5,2.5,0,9,8,5,2.1,-15.3895473725281
-2,0.5,2.5,0,9,8,5,2.2,-15.2093635891009
-2,0.5,2.5,0,9,8,5,2.3,-15.209195319518
-2,0.5,2.5,0,9,8,5,2.4,-15.134288678102
-2,0.5,2.5,0,9,8,5,2.5,-15.1861751809799
-2,0.5,2.5,0,9,8,5,2.6,-15.2102271779704
-2,0.5,2.5,0,9,8,5,2.7,-15.2160279013249
-2,0.5,2.5,0,9,8,5,2.8,-15.2454212836017
-2,0.5,2.5,0,9,8,5,2.9,-15.2793591303775
-2,0.5,2.5,0,9,8,5,3,-15.2588077022325
-2,0.5,2.5,0,9,8,5,3.1,-15.2475429072103
-2,0.5,2.5,0,9,8,5,3.2,-15.1255570703382
-2,0.5,2.5,0,9,8,5,3.3,-14.9937287062256
-2,0.5,2.5,0,9,8,5,3.4,-14.7925591968962
-2,0.5,2.5,0,9,8,5,3.5,-14.5276488744343
-2,0.5,2.5,0,9,8,5,3.6,-14.2702736677763
-2,0.5,2.5,0,9,8,5,3.7,-13.941843855467
-2,0.5,2.5,0,9,8,5,3.8,-13.6249683256602
-2,0.5,2.5,0,9,8,5,3.9,-13.2727303956935
-2,0.5,2.5,0,9,8,5,4,-12.9013448716163
-2,0.5,2.5,0,9,8,5,4.1,-12.5341656832291
-2,0.5,2.5,0,9,8,5,4.2,-12.1824387765461
-2,0.5,2.5,0,9,8,5,4.3,-11.8569541953612
-2,0.5,2.5,0,9,8,5,4.4,-11.5549599051298
-2,0.5,2.5,0,9,8,5,4.5,-11.2635567834418
-2,0.5,2.5,0,9,8,5,4.6,-11.014611345626
-2,0.5,2.5,0,9,8,5,4.7,-10.7712942123109
-2,0.5,2.5,0,9,8,5,4.8,-10.5569488520829
-2,0.5,2.5,0,9,8,5,4.9,-10.368692397944
-2,0.5,2.5,0,9,8,5,5,-10.2068913514275
-2,0.5,2.5,0,9,8,5,5.1,-10.0608011728513
-2,0.5,2.5,0,9,8,5,5.2,-9.9292042977608
-2,0.5,2.5,0,9,8,5,5.3,-9.80540056899933
-2,0.5,2.5,0,9,8,5,5.4,-9.68027479210021
-2,0.5,2.5,0,9,8,5,5.5,-9.56103279887182
-2,0.5,2.5,0,9,8,5,5.6,-9.45054366787159
-2,0.5,2.5,0,9,8,5,5.7,-9.33819048562873
-2,0.5,2.5,0,9,8,5,5.8,-9.23214884260071
-2,0.5,2.5,0,9,8,5,5.9,-9.12899892037516
-2,0.5,2.5,0,9,8,5,6,-9.02574656229889
-2,0.5,2.5,0,9,8,5,6.1,-8.91580054150706
-2,0.5,2.5,0,9,8,5,6.2,-8.81162021669266
-2,0.5,2.5,0,9,8,5,6.3,-8.71884221521831
-2,0.5,2.5,0,9,8,5,6.4,-8.63192833382285
-2,0.5,2.5,0,9,8,5,6.5,-8.5470868354883
-2,0.5,2.5,0,9,8,5,6.6,-8.46740529526451
-2,0.5,2.5,0,9,8,5,6.7,-8.39510247878374
-2,0.5,2.5,0,9,8,5,6.8,-8.3245357592695
-2,0.5,2.5,0,9,8,5,6.9,-8.2548102393597
-2,0.5,2.5,0,9,8,5,7,-8.20152924691881
-2,0.5,2.5,0,9,8,5,7.1,-8.15940993107927
-2,0.5,2.5,0,9,8,5,7.2,-8.11843100223652
-2,0.5,2.5,0,9,8,5,7.3,-8.08208217119554
-2,0.5,2.5,0,9,8,5,7.4,-8.05935153605743
-2,0.5,2.5,0,9,8,5,7.5,-8.03598149144378
-2,0.5,2.5,0,9,8,5,7.6,-8.01235513165521
-2,0.5,2.5,0,9,8,5,7.7,-8.00352175458884
-2,0.5,2.5,0,9,8,5,7.8,-7.98219265936594
-2,0.5,2.5,0,9,8,5,7.9,-7.95109994899293
-2,0.5,2.5,0,9,8,5,8,-7.91482554305418
-2,0.5,2.5,0,9,8,5,8.1,-7.8774947822066
-2,0.5,2.5,0,9,8,5,8.2,-7.82269470192215
-2,0.5,2.5,0,9,8,5,8.3,-7.76517164789271
-2,0.5,2.5,0,9,8,5,8.4,-7.71077640663547
-2,0.5,2.5,0,9,8,5,8.5,-7.66068946209491
-2,0.5,2.5,0,9,8,5,8.6,-7.61756106879646
-2,0.5,2.5,0,9,8,5,8.7,-7.58729114297121
-2,0.5,2.5,0,9,8,5,8.8,-7.58825937221671
-2,0.5,2.5,0,9,8,5,8.9,-7.59693471275342
-2,0.5,2.5,0,9,8,5,9,-7.61354913975303
-2,0.5,2.5,0,9,8,5,9.1,-7.65562779200174
-2,0.5,2.5,0,9,8,5,9.2,-7.71471535166887
-2,0.5,2.5,0,9,8,5,9.3,-7.79097628749917
-2,0.5,2.5,0,9,8,5,9.4,-7.88082508149262
-2,0.5,2.5,0,9,8,5,9.5,-7.97633328134282
-2,0.5,2.5,0,9,8,5,9.6,-8.08058129873478
-2,0.5,2.5,0,9,8,5,9.7,-8.19043722033566
-2,0.5,2.5,0,9,8,5,9.8,-8.28963137249957
-2,0.5,2.5,0,9,8,5,9.9,-8.31184562582553
-2,0.5,2.5,0,9,8,5,10,-8.32446019879033
-2,0.5,2.5,0,9,8,5,10.1,-8.33330340100438
-2,0.5,2.5,0,9,8,5,10.2,-8.35182347521857
-2,0.5,2.5,0,9,8,5,10.3,-8.37322877207835
-2,0.5,2.5,0,9,8,5,10.4,-8.38397671770688
-2,0.5,2.5,0,9,8,5,10.5,-8.39060525031543
-2,0.5,2.5,0,9,8,5,10.6,-8.40084829769179
2,0.5,2.5,0,9,8,5,0.6,-29.3891615980343
2,0.5,2.5,0,9,8,5,0.7,-27.6198856095468
2,0.5,2.5,0,9,8,5,0.8,-26.2151728896116
2,0.5,2.5,0,9,8,5,0.9,-24.8294706502734
2,0.5,2.5,0,9,8,5,1,-23.6821463410225
2,0.5,2.5,0,9,8,5,1.1,-22.6469592131569
2,0.5,2.5,0,9,8,5,1.2,-21.5802420712474
2,0.5,2.5,0,9,8,5,1.3,-20.7757650356077
2,0.5,2.5,0,9,8,5,1.4,-19.878270131839
2,0.5,2.5,0,9,8,5,1.5,-19.1862342911427
2,0.5,2.5,0,9,8,5,1.6,-18.6251207677288
2,0.5,2.5,0,9,8,5,1.7,-18.1387668809664
2,0.5,2.5,0,9,8,5,1.8,-17.8801589397251
2,0.5,2.5,0,9,8,5,1.9,-17.4636634692692
2,0.5,2.5,0,9,8,5,2,-17.2037696651939
2,0.5,2.5,0,9,8,5,2.1,-16.9851488329839
2,0.5,2.5,0,9,8,5,2.2,-16.7634487440148
2,0.5,2.5,0,9,8,5,2.3,-16.6889092652413
2,0.5,2.5,0,9,8,5,2.4,-16.5526350110503
2,0.5,2.5,0,9,8,5,2.5,-16.5195896927871
2,0.5,2.5,0,9,8,5,2.6,-16.4701697314762
2,0.5,2.5,0,9,8,5,2.7,-16.4259210162437
2,0.5,2.5,0,9,8,5,2.8,-16.4146642562334
2,0.5,2.5,0,9,8,5,2.9,-16.4301661095982
2,0.5,2.5,0,9,8,5,3,-16.4288434400074
2,0.5,2.5,0,9,8,5,3.1,-16.4459820136452
2,0.5,2.5,0,9,8,5,3.2,-16.427113091283
2,0.5,2.5,0,9,8,5,3.3,-16.3881365040252
2,0.5,2.5,0,9,8,5,3.4,-16.3288353327339
2,0.5,2.5,0,9,8,5,3.5,-16.1997158120368
2,0.5,2.5,0,9,8,5,3.6,-16.0703181624164
2,0.5,2.5,0,9,8,5,3.7,-15.8972279417872
2,0.5,2.5,0,9,8,5,3.8,-15.6930894706844
2,0.5,2.5,0,9,8,5,3.9,-15.4675366779896
2,0.5,2.5,0,9,8,5,4,-15.2242224175634
2,0.5,2.5,0,9,8,5,4.1,-14.9739922338313
2,0.5,2.5,0,9,8,5,4.2,-14.7495525609809
2,0.5,2.5,0,9,8,5,4.3,-14.5553637054195
2,0.5,2.5,0,9,8,5,4.4,-14.3781820106967
2,0.5,2.5,0,9,8,5,4.5,-14.2300681301426
2,0.5,2.5,0,9,8,5,4.6,-14.0929601227778
2,0.5,2.5,0,9,8,5,4.7,-13.9708002529546
2,0.5,2.5,0,9,8,5,4.8,-13.85815527494
2,0.5,2.5,0,9,8,5,4.9,-13.7546857764096
2,0.5,2.5,0,9,8,5,5,-13.6651913180553
2,0.5,2.5,0,9,8,5,5.1,-13.5949532744622
2,0.5,2.5,0,9,8,5,5.2,-13.5354039240189
2,0.5,2.5,0,9,8,5,5.3,-13.4663309790243
2,0.5,2.5,0,9,8,5,5.4,-13.3868643965073
2,0.5,2.5,0,9,8,5,5.5,-13.2922578202336
2,0.5,2.5,0,9,8,5,5.6,-13.1842247786547
2,0.5,2.5,0,9,8,5,5.7,-13.0749702263116
2,0.5,2.5,0,9,8,5,5.8,-12.9448430490021
2,0.5,2.5,0,9,8,5,5.9,-12.807798783695
2,0.5,2.5,0,9,8,5,6,-12.6669661341877
2,0.5,2.5,0,9,8,5,6.1,-12.5226895061297
2,0.5,2.5,0,9,8,5,6.2,-12.3802514294583
2,0.5,2.5,0,9,8,5,6.3,-12.2523398218687
2,0.5,2.5,0,9,8,5,6.4,-12.1301033196393
2,0.5,2.5,0,9,8,5,6.5,-12.0160163652921
2,0.5,2.5,0,9,8,5,6.6,-11.9072209988216
2,0.5,2.5,0,9,8,5,6.7,-11.7963843469846
2,0.5,2.5,0,9,8,5,6.8,-11.6885191968155
2,0.5,2.5,0,9,8,5,6.9,-11.5871529724909
2,0.5,2.5,0,9,8,5,7,-11.4977169334686
2,0.5,2.5,0,9,8,5,7.1,-11.4082730234965
2,0.5,2.5,0,9,8,5,7.2,-11.3208258980893
2,0.5,2.5,0,9,8,5,7.3,-11.2428018275566
2,0.5,2.5,0,9,8,5,7.4,-11.1698710969341
2,0.5,2.5,0,9,8,5,7.5,-11.1041169709099
2,0.5,2.5,0,9,8,5,7.6,-11.0385523172692
2,0.5,2.5,0,9,8,5,7.7,-10.9624599852078
2,0.5,2.5,0,9,8,5,7.8,-10.8924278631237
2,0.5,2.5,0,9,8,5,7.9,-10.8337772693526
2,0.5,2.5,0,9,8,5,8,-10.7672812894508
2,0.5,2.5,0,9,8,5,8.1,-10.7031895334625
2,0.5,2.5,0,9,8,5,8.2,-10.6470026667609
2,0.5,2.5,0,9,8,5,8.3,-10.5935140197836
2,0.5,2.5,0,9,8,5,8.4,-10.5452694601614
2,0.5,2.5,0,9,8,5,8.5,-10.5112033075915
2,0.5,2.5,0,9,8,5,8.6,-10.4871442759331
2,0.5,2.5,0,9,8,5,8.7,-10.4296981578135
2,0.5,2.5,0,9,8,5,8.8,-10.3226493936486
2,0.5,2.5,0,9,8,5,8.9,-10.189161365979
2,0.5,2.5,0,9,8,5,9,-10.0511459232775
2,0.5,2.5,0,9,8,5,9.1,-9.91911531212663
2,0.5,2.5,0,9,8,5,9.2,-9.79677935471131
2,0.5,2.5,0,9,8,5,9.3,-9.68292151019457
2,0.5,2.5,0,9,8,5,9.4,-9.57730693964045
2,0.5,2.5,0,9,8,5,9.5,-9.47119928194893
2,0.5,2.5,0,9,8,5,9.6,-9.36221787363016
2,0.5,2.5,0,9,8,5,9.7,-9.25373143988921
2,0.5,2.5,0,9,8,5,9.8,-9.13986347252901
2,0.5,2.5,0,9,8,5,9.9,-9.01015406882502
2,0.5,2.5,0,9,8,5,10,-8.86978810230635
2,0.5,2.5,0,9,8,5,10.1,-8.73974381565874
2,0.5,2.5,0,9,8,5,10.2,-8.61102806602527
2,0.5,2.5,0,9,8,5,10.3,-8.49310076815763
2,0.5,2.5,0,9,8,5,10.4,-8.38395729262325
2,0.5,2.5,0,9,8,5,10.5,-8.28498140900036
2,0.5,2.5,0,9,8,5,10.6,-8.19350079889567
-2,0.5,2.5,0,9,12,5,0.6,-28.8820705020397
-2,0.5,2.5,0,9,12,5,0.7,-27.0727394493253
-2,0.5,2.5,0,9,12,5,0.8,-25.6184646608836
-2,0.5,2.5,0,9,12,5,0.9,-24.1525992304219
-2,0.5,2.5,0,9,12,5,1,-22.9188976653882
-2,0.5,2.5,0,9,12,5,1.1,-21.7914897064797
-2,0.5,2.5,0,9,12,5,1.2,-20.6240096357765
-2,0.5,2.5,0,9,12,5,1.3,-19.7188553113145
-2,0.5,2.5,0,9,12,5,1.4,-18.7280701235519
-2,0.5,2.5,0,9,12,5,1.5,-17.9560836557899
-2,0.5,2.5,0,9,12,5,1.6,-17.3319818091174
-2,0.5,2.5,0,9,12,5,1.7,-16.7918405810731
-2,0.5,2.5,0,9,12,5,1.8,-16.500481668746
-2,0.5,2.5,0,9,12,5,1.9,-16.0513296906976
-2,0.5,2.5,0,9,12,5,2,-15.7875475509838
-2,0.5,2.5,0,9,12,5,2.1,-15.5774595176425
-2,0.5,2.5,0,9,12,5,2.2,-15.3737369686293
-2,0.5,2.5,0,9,12,5,2.3,-15.3537184810202
-2,0.5,2.5,0,9,12,5,2.4,-15.2473626099339
-2,0.5,2.5,0,9,12,5,2.5,-15.2708339693732
-2,0.5,2.5,0,9,12,5,2.6,-15.2532668078296
-2,0.5,2.5,0,9,12,5,2.7,-15.2176465070735
-2,0.5,2.5,0,9,12,5,2.8,-15.2191973421378
-2,0.5,2.5,0,9,12,5,2.9,-15.2261902065199
-2,0.5,2.5,0,9,12,5,3,-15.1804331619127
-2,0.5,2.5,0,9,12,5,3.1,-15.1686337839301
-2,0.5,2.5,0,9,12,5,3.2,-15.0598451072249
-2,0.5,2.5,0,9,12,5,3.3,-14.9340576875333
-2,0.5,2.5,0,9,12,5,3.4,-14.735153363531
-2,0.5,2.5,0,9,12,5,3.5,-14.4677577590618
-2,0.5,2.5,0,9,12,5,3.6,-14.2233750767072
-2,0.5,2.5,0,9,12,5,3.7,-13.913226162367
-2,0.5,2.5,0,9,12,5,3.8,-13.597842048489
-2,0.5,2.5,0,9,12,5,3.9,-13.2395856056946
-2,0.5,2.5,0,9,12,5,4,-12.8802457845345
-2,0.5,2.5,0,9,12,5,4.1,-12.5397978841181
-2,0.5,2.5,0,9,12,5,4.2,-12.1877748786255
-2,0.5,2.5,0,9,12,5,4.3,-11.8693040561321
-2,0.5,2.5,0,9,12,5,4.4,-11.5787117686837
-2,0.5,2.5,0,9,12,5,4.5,-11.2982396461294
-2,0.5,2.5,0,9,12,5,4.6,-11.0526859157377
-2,0.5,2.5,0,9,12,5,4.7,-10.8126211272365
-2,0.5,2.5,0,9,12,5,4.8,-10.6063504334834
-2,0.5,2.5,0,9,12,5,4.9,-10.4239296759876
-2,0.5,2.5,0,9,12,5,5,-10.2627147114995
-2,0.5,2.5,0,9,12,5,5.1,-10.1185574435726
-2,0.5,2.5,0,9,12,5,5.2,-9.98846372207079
-2,0.5,2.5,0,9,12,5,5.3,-9.86175022241317
-2,0.5,2.5,0,9,12,5,5.4,-9.74033252787067
-2,0.5,2.5,0,9,12,5,5.5,-9.626719499234
-2,0.5,2.5,0,9,12,5,5.6,-9.51377385879249
-2,0.5,2.5,0,9,12,5,5.7,-9.39982510851743
-2,0.5,2.5,0,9,12,5,5.8,-9.29070299299399
-2,0.5,2.5,0,9,12,5,5.9,-9.17525606722872
-2,0.5,2.5,0,9,12,5,6,-9.06841790812288
-2,0.5,2.5,0,9,12,5,6.1,-8.96456654565769
-2,0.5,2.5,0,9,12,5,6.2,-8.86031607234892
-2,0.5,2.5,0,9,12,5,6.3,-8.76521169031964
-2,0.5,2.5,0,9,12,5,6.4,-8.68237064510597
-2,0.5,2.5,0,9,12,5,6.5,-8.60794530901777
-2,0.5,2.5,0,9,12,5,6.6,-8.54157114937859
-2,0.5,2.5,0,9,12,5,6.7,-8.47494239780623
-2,0.5,2.5,0,9,12,5,6.8,-8.41796857800158
-2,0.5,2.5,0,9,12,5,6.9,-8.36956499125746
-2,0.5,2.5,0,9,12,5,7,-8.32288129727923
-2,0.5,2.5,0,9,12,5,7.1,-8.28744129510695
-2,0.5,2.5,0,9,12,5,7.2,-8.25342603808165
-2,0.5,2.5,0,9,12,5,7.3,-8.22390452654195
-2,0.5,2.5,0,9,12,5,7.4,-8.20703035303742
-2,0.5,2.5,0,9,12,5,7.5,-8.18524935114853
-2,0.5,2.5,0,9,12,5,7.6,-8.1582118249739
-2,0.5,2.5,0,9,12,5,7.7,-8.13972669524216
-2,0.5,2.5,0,9,12,5,7.8,-8.11748559005315
-2,0.5,2.5,0,9,12,5,7.9,-8.08057743323808
-2,0.5,2.5,0,9,12,5,8,-8.03506469214202
-2,0.5,2.5,0,9,12,5,8.1,-7.98321510581471
-2,0.5,2.5,0,9,12,5,8.2,-7.92983370284307
-2,0.5,2.5,0,9,12,5,8.3,-7.87715682269536
-2,0.5,2.5,0,9,12,5,8.4,-7.82118910780773
-2,0.5,2.5,0,9,12,5,8.5,-7.76398425917468
-2,0.5,2.5,0,9,12,5,8.6,-7.7212324774554
-2,0.5,2.5,0,9,12,5,8.7,-7.70014784885931
-2,0.5,2.5,0,9,12,5,8.8,-7.68004179424337
-2,0.5,2.5,0,9,12,5,8.9,-7.67816437537284
-2,0.5,2.5,0,9,12,5,9,-7.69840055551789
-2,0.5,2.5,0,9,12,5,9.1,-7.74354361340774
-2,0.5,2.5,0,9,12,5,9.2,-7.81082344770918
-2,0.5,2.5,0,9,12,5,9.3,-7.8978685203138
-2,0.5,2.5,0,9,12,5,9.4,-7.99700317687881
-2,0.5,2.5,0,9,12,5,9.5,-8.11549088529435
-2,0.5,2.5,0,9,12,5,9.6,-8.25729947994375
-2,0.5,2.5,0,9,12,5,9.7,-8.39692101043574
-2,0.5,2.5,0,9,12,5,9.8,-8.53446340315536
-2,0.5,2.5,0,9,12,5,9.9,-8.62612204885736
-2,0.5,2.5,0,9,12,5,10,-8.61277945105576
-2,0.5,2.5,0,9,12,5,10.1,-8.60276894247336
-2,0.5,2.5,0,9,12,5,10.2,-8.59728836693893
-2,0.5,2.5,0,9,12,5,10.3,-8.59114332730562
-2,0.5,2.5,0,9,12,5,10.4,-8.58743499303094
-2,0.5,2.5,0,9,12,5,10.5,-8.59000413779111
-2,0.5,2.5,0,9,12,5,10.6,-8.58652655783638
2,0.5,2.5,0,9,12,5,0.6,-29.3440903936993
2,0.5,2.5,0,9,12,5,0.7,-27.6274961844226
2,0.5,2.5,0,9,12,5,0.8,-26.2544490083111
2,0.5,2.5,0,9,12,5,0.9,-24.9130529772786
2,0.5,2.5,0,9,12,5,1,-23.8156973107487
2,0.5,2.5,0,9,12,5,1.1,-22.8248704297384
2,0.5,2.5,0,9,12,5,1.2,-21.7966893196196
2,0.5,2.5,0,9,12,5,1.3,-21.0291256978438
2,0.5,2.5,0,9,12,5,1.4,-20.1574284211736
2,0.5,2.5,0,9,12,5,1.5,-19.4882901800401
2,0.5,2.5,0,9,12,5,1.6,-18.9442016803804
2,0.5,2.5,0,9,12,5,1.7,-18.4671169867074
2,0.5,2.5,0,9,12,5,1.8,-18.2137669257395
2,0.5,2.5,0,9,12,5,1.9,-17.7922120681462
2,0.5,2.5,0,9,12,5,2,-17.5246192682011
2,0.5,2.5,0,9,12,5,2.1,-17.2963085994257
2,0.5,2.5,0,9,12,5,2.2,-17.0556179439723
2,0.5,2.5,0,9,12,5,2.3,-16.9634649885695
2,0.5,2.5,0,9,12,5,2.4,-16.7968329077495
2,0.5,2.5,0,9,12,5,2.5,-16.7339572252327
2,0.5,2.5,0,9,12,5,2.6,-16.6508371548894
2,0.5,2.5,0,9,12,5,2.7,-16.5718507363429
2,0.5,2.5,0,9,12,5,2.8,-16.5363927192031
2,0.5,2.5,0,9,12,5,2.9,-16.5238804184731
2,0.5,2.5,0,9,12,5,3,-16.4988776206253
2,0.5,2.5,0,9,12,5,3.1,-16.5041785975793
2,0.5,2.5,0,9,12,5,3.2,-16.4744327747568
2,0.5,2.5,0,9,12,5,3.3,-16.4177278809438
2,0.5,2.5,0,9,12,5,3.4,-16.3424836371997
2,0.5,2.5,0,9,12,5,3.5,-16.2070101182385
2,0.5,2.5,0,9,12,5,3.6,-16.0702454561611
2,0.5,2.5,0,9,12,5,3.7,-15.887487388562
2,0.5,2.5,0,9,12,5,3.8,-15.6698360319937
2,0.5,2.5,0,9,12,5,3.9,-15.4383706681836
2,0.5,2.5,0,9,12,5,4,-15.1928473128675
2,0.5,2.5,0,9,12,5,4.1,-14.9413232353874
2,0.5,2.5,0,9,12,5,4.2,-14.7075645255583
2,0.5,2.5,0,9,12,5,4.3,-14.4986605081895
2,0.5,2.5,0,9,12,5,4.4,-14.3053661135191
2,0.5,2.5,0,9,12,5,4.5,-14.1355002088962
2,0.5,2.5,0,9,12,5,4.6,-13.9795680435257
2,0.5,2.5,0,9,12,5,4.7,-13.855577717862
2,0.5,2.5,0,9,12,5,4.8,-13.7525738882697
2,0.5,2.5,0,9,12,5,4.9,-13.6561286980292
2,0.5,2.5,0,9,12,5,5,-13.571616305593
2,0.5,2.5,0,9,12,5,5.1,-13.5025452456347
2,0.5,2.5,0,9,12,5,5.2,-13.4246896055104
2,0.5,2.5,0,9,12,5,5.3,-13.3465511991954
2,0.5,2.5,0,9,12,5,5.4,-13.2640798651177
2,0.5,2.5,0,9,12,5,5.5,-13.1727630905877
2,0.5,2.5,0,9,12,5,5.6,-13.072979081763
2,0.5,2.5,0,9,12,5,5.7,-12.9579909626013
2,0.5,2.5,0,9,12,5,5.8,-12.824806410699
2,0.5,2.5,0,9,12,5,5.9,-12.6760963503464
2,0.5,2.5,0,9,12,5,6,-12.5304478377187
2,0.5,2.5,0,9,12,5,6.1,-12.3943264739148
2,0.5,2.5,0,9,12,5,6.2,-12.2517476057906
2,0.5,2.5,0,9,12,5,6.3,-12.1076137605013
2,0.5,2.5,0,9,12,5,6.4,-11.9743896323221
2,0.5,2.5,0,9,12,5,6.5,-11.8544679476129
2,0.5,2.5,0,9,12,5,6.6,-11.7397353651283
2,0.5,2.5,0,9,12,5,6.7,-11.6347263587434
2,0.5,2.5,0,9,12,5,6.8,-11.5442523052111
2,0.5,2.5,0,9,12,5,6.9,-11.4614752837842
2,0.5,2.5,0,9,12,5,7,-11.3766122445544
2,0.5,2.5,0,9,12,5,7.1,-11.2887115552348
2,0.5,2.5,0,9,12,5,7.2,-11.2025317473317
2,0.5,2.5,0,9,12,5,7.3,-11.1176236398934
2,0.5,2.5,0,9,12,5,7.4,-11.0348329018783
2,0.5,2.5,0,9,12,5,7.5,-10.9618192937438
2,0.5,2.5,0,9,12,5,7.6,-10.8954118684304
2,0.5,2.5,0,9,12,5,7.7,-10.8236590945377
2,0.5,2.5,0,9,12,5,7.8,-10.7563797876566
2,0.5,2.5,0,9,12,5,7.9,-10.6957674444146
2,0.5,2.5,0,9,12,5,8,-10.6290166249299
2,0.5,2.5,0,9,12,5,8.1,-10.5737207653063
2,0.5,2.5,0,9,12,5,8.2,-10.5197932579157
2,0.5,2.5,0,9,12,5,8.3,-10.4627469933065
2,0.5,2.5,0,9,12,5,8.4,-10.4004641310032
2,0.5,2.5,0,9,12,5,8.5,-10.3617980995518
2,0.5,2.5,0,9,12,5,8.6,-10.3082247386408
2,0.5,2.5,0,9,12,5,8.7,-10.2512212416138
2,0.5,2.5,0,9,12,5,8.8,-10.173950911113
2,0.5,2.5,0,9,12,5,8.9,-10.0760319008529
2,0.5,2.5,0,9,12,5,9,-9.96317834274701
2,0.5,2.5,0,9,12,5,9.1,-9.85154936222432
2,0.5,2.5,0,9,12,5,9.2,-9.74328059106922
2,0.5,2.5,0,9,12,5,9.3,-9.64226016832109
2,0.5,2.5,0,9,12,5,9.4,-9.53846129345331
2,0.5,2.5,0,9,12,5,9.5,-9.43639018855653
2,0.5,2.5,0,9,12,5,9.6,-9.3300849807082
2,0.5,2.5,0,9,12,5,9.7,-9.21183283112805
2,0.5,2.5,0,9,12,5,9.8,-9.0923419641283
2,0.5,2.5,0,9,12,5,9.9,-8.97671305246632
2,0.5,2.5,0,9,12,5,10,-8.85731758187321
2,0.5,2.5,0,9,12,5,10.1,-8.73384575900274
2,0.5,2.5,0,9,12,5,10.2,-8.61918702469147
2,0.5,2.5,0,9,12,5,10.3,-8.52589155027415
2,0.5,2.5,0,9,12,5,10.4,-8.44731248609401
2,0.5,2.5,0,9,12,5,10.5,-8.38212933480455
2,0.5,2.5,0,9,12,5,10.6,-8.33754647170016
-2,0.5,2.5,0,11,8,5,0.6,-29.0438708039621
-2,0.5,2.5,0,11,8,5,0.7,-27.212108493207
-2,0.5,2.5,0,11,8,5,0.8,-25.7082638967767
-2,0.5,2.5,0,11,8,5,0.9,-24.2145458400232
-2,0.5,2.5,0,11,8,5,1,-22.962795039846
-2,0.5,2.5,0,11,8,5,1.1,-21.8155306681671
-2,0.5,2.5,0,11,8,5,1.2,-20.6369977379791
-2,0.5,2.5,0,11,8,5,1.3,-19.7279861207177
-2,0.5,2.5,0,11,8,5,1.4,-18.7309013509128
-2,0.5,2.5,0,11,8,5,1.5,-17.9578839488046
-2,0.5,2.5,0,11,8,5,1.6,-17.3313621487488
-2,0.5,2.5,0,11,8,5,1.7,-16.7950857884397
-2,0.5,2.5,0,11,8,5,1.8,-16.5075380398504
-2,0.5,2.5,0,11,8,5,1.9,-16.0598236414479
-2,0.5,2.5,0,11,8,5,2,-15.7964988243563
-2,0.5,2.5,0,11,8,5,2.1,-15.5903550160847
-2,0.5,2.5,0,11,8,5,2.2,-15.3893355950016
-2,0.5,2.5,0,11,8,5,2.3,-15.3657579503426
-2,0.5,2.5,0,11,8,5,2.4,-15.2544893185432
-2,0.5,2.5,0,11,8,5,2.5,-15.2799898087739
-2,0.5,2.5,0,11,8,5,2.6,-15.2699274856671
-2,0.5,2.5,0,11,8,5,2.7,-15.242313272074
-2,0.5,2.5,0,11,8,5,2.8,-15.2488906898312
-2,0.5,2.5,0,11,8,5,2.9,-15.2591072068277
-2,0.5,2.5,0,11,8,5,3,-15.2193137438957
-2,0.5,2.5,0,11,8,5,3.1,-15.2079103311903
-2,0.5,2.5,0,11,8,5,3.2,-15.1047621135046
-2,0.5,2.5,0,11,8,5,3.3,-14.9941045954509
-2,0.5,2.5,0,11,8,5,3.4,-14.8026180832637
-2,0.5,2.5,0,11,8,5,3.5,-14.5312855624088
-2,0.5,2.5,0,11,8,5,3.6,-14.2786489603307
-2,0.5,2.5,0,11,8,5,3.7,-13.9624924634846
-2,0.5,2.5,0,11,8,5,3.8,-13.6578030448756
-2,0.5,2.5,0,11,8,5,3.9,-13.3146987707001
-2,0.5,2.5,0,11,8,5,4,-12.9540281616241
-2,0.5,2.5,0,11,8,5,4.1,-12.5897108205149
-2,0.5,2.5,0,11,8,5,4.2,-12.2229977752334
-2,0.5,2.5,0,11,8,5,4.3,-11.8892367586714
-2,0.5,2.5,0,11,8,5,4.4,-11.5931187926548
-2,0.5,2.5,0,11,8,5,4.5,-11.3022888077711
-2,0.5,2.5,0,11,8,5,4.6,-11.0363884620747
-2,0.5,2.5,0,11,8,5,4.7,-10.8038759649334
-2,0.5,2.5,0,11,8,5,4.8,-10.5996701224822
-2,0.5,2.5,0,11,8,5,4.9,-10.4165713228411
-2,0.5,2.5,0,11,8,5,5,-10.2533975801454
-2,0.5,2.5,0,11,8,5,5.1,-10.1078453253805
-2,0.5,2.5,0,11,8,5,5.2,-9.97865083055519
-2,0.5,2.5,0,11,8,5,5.3,-9.85372946873485
-2,0.5,2.5,0,11,8,5,5.4,-9.73838618351285
-2,0.5,2.5,0,11,8,5,5.5,-9.62774482922353
-2,0.5,2.5,0,11,8,5,5.6,-9.50729016449979
-2,0.5,2.5,0,11,8,5,5.7,-9.3867054866794
-2,0.5,2.5,0,11,8,5,5.8,-9.27012134071524
-2,0.5,2.5,0,11,8,5,5.9,-9.15474677080119
-2,0.5,2.5,0,11,8,5,6,-9.03674903454904
-2,0.5,2.5,0,11,8,5,6.1,-8.91489507216348
-2,0.5,2.5,0,11,8,5,6.2,-8.79875692471344
-2,0.5,2.5,0,11,8,5,6.3,-8.69994585518739
-2,0.5,2.5,0,11,8,5,6.4,-8.60656314327543
-2,0.5,2.5,0,11,8,5,6.5,-8.52030659973611
-2,0.5,2.5,0,11,8,5,6.6,-8.4462086416018
-2,0.5,2.5,0,11,8,5,6.7,-8.38983738268331
-2,0.5,2.5,0,11,8,5,6.8,-8.33399288827506
-2,0.5,2.5,0,11,8,5,6.9,-8.27122155377821
-2,0.5,2.5,0,11,8,5,7,-8.21789401208772
-2,0.5,2.5,0,11,8,5,7.1,-8.17327349096499
-2,0.5,2.5,0,11,8,5,7.2,-8.12907439847232
-2,0.5,2.5,0,11,8,5,7.3,-8.08483787215464
-2,0.5,2.5,0,11,8,5,7.4,-8.04585492591141
-2,0.5,2.5,0,11,8,5,7.5,-8.01357362487331
-2,0.5,2.5,0,11,8,5,7.6,-7.98030379060324
-2,0.5,2.5,0,11,8,5,7.7,-7.9480012790128
-2,0.5,2.5,0,11,8,5,7.8,-7.90783490462323
-2,0.5,2.5,0,11,8,5,7.9,-7.85816811322427
-2,0.5,2.5,0,11,8,5,8,-7.81625046226751
-2,0.5,2.5,0,11,8,5,8.1,-7.77271331733216
-2,0.5,2.5,0,11,8,5,8.2,-7.71972436923198
-2,0.5,2.5,0,11,8,5,8.3,-7.66518135716951
-2,0.5,2.5,0,11,8,5,8.4,-7.61707287350298
-2,0.5,2.5,0,11,8,5,8.5,-7.58276252561315
-2,0.5,2.5,0,11,8,5,8.6,-7.54702157966694
-2,0.5,2.5,0,11,8,5,8.7,-7.53256409110897
-2,0.5,2.5,0,11,8,5,8.8,-7.53142591609049
-2,0.5,2.5,0,11,8,5,8.9,-7.54675126180368
-2,0.5,2.5,0,11,8,5,9,-7.58666334506716
-2,0.5,2.5,0,11,8,5,9.1,-7.65249802543877
-2,0.5,2.5,0,11,8,5,9.2,-7.71552744123661
-2,0.5,2.5,0,11,8,5,9.3,-7.78926889823571
-2,0.5,2.5,0,11,8,5,9.4,-7.8739064298633
-2,0.5,2.5,0,11,8,5,9.5,-7.94693656658123
-2,0.5,2.5,0,11,8,5,9.6,-8.02181084612486
-2,0.5,2.5,0,11,8,5,9.7,-8.09520613642705
-2,0.5,2.5,0,11,8,5,9.8,-8.17899167949017
-2,0.5,2.5,0,11,8,5,9.9,-8.25405842826798
-2,0.5,2.5,0,11,8,5,10,-8.32296195774703
-2,0.5,2.5,0,11,8,5,10.1,-8.39397475746727
-2,0.5,2.5,0,11,8,5,10.2,-8.4515125757446
-2,0.5,2.5,0,11,8,5,10.3,-8.49404884326646
-2,0.5,2.5,0,11,8,5,10.4,-8.52523767664835
-2,0.5,2.5,0,11,8,5,10.5,-8.54665905098297
-2,0.5,2.5,0,11,8,5,10.6,-8.55068506361508
-2,0.5,2.5,0,11,12,5,0.6,-28.6125018646546
-2,0.5,2.5,0,11,12,5,0.7,-26.7900691797093
-2,0.5,2.5,0,11,12,5,0.8,-25.2887482214619
-2,0.5,2.5,0,11,12,5,0.9,-23.79515013309
-2,0.5,2.5,0,11,12,5,1,-22.5425502988455
-2,0.5,2.5,0,11,12,5,1.1,-21.3973009951935
-2,0.5,2.5,0,11,12,5,1.2,-20.2268964339395
-2,0.5,2.5,0,11,12,5,1.3,-19.3237296916491
-2,0.5,2.5,0,11,12,5,1.4,-18.3385067053554
-2,0.5,2.5,0,11,12,5,1.5,-17.5775979955
-2,0.5,2.5,0,11,12,5,1.6,-16.9596650538864
-2,0.5,2.5,0,11,12,5,1.7,-16.4372561978199
-2,0.5,2.5,0,11,12,5,1.8,-16.1610895763835
-2,0.5,2.5,0,11,12,5,1.9,-15.7318215359835
-2,0.5,2.5,0,11,12,5,2,-15.4871482301393
-2,0.5,2.5,0,11,12,5,2.1,-15.2983409009105
-2,0.5,2.5,0,11,12,5,2.2,-15.1232091216117
-2,0.5,2.5,0,11,12,5,2.3,-15.1262408790032
-2,0.5,2.5,0,11,12,5,2.4,-15.0482347636753
-2,0.5,2.5,0,11,12,5,2.5,-15.1034130050953
-2,0.5,2.5,0,11,12,5,2.6,-15.1265882220906
-2,0.5,2.5,0,11,12,5,2.7,-15.1313671476437
-2,0.5,2.5,0,11,12,5,2.8,-15.160927616768
-2,0.5,2.5,0,11,12,5,2.9,-15.1940829600911
-2,0.5,2.5,0,11,12,5,3,-15.1767440577599
-2,0.5,2.5,0,11,12,5,3.1,-15.1654182674689
-2,0.5,2.5,0,11,12,5,3.2,-15.0534591585609
-2,0.5,2.5,0,11,12,5,3.3,-14.9304009272039
-2,0.5,2.5,0,11,12,5,3.4,-14.7380881611817
-2,0.5,2.5,0,11,12,5,3.5,-14.4754699844243
-2,0.5,2.5,0,11,12,5,3.6,-14.2218796768821
-2,0.5,2.5,0,11,12,5,3.7,-13.9036765987624
-2,0.5,2.5,0,11,12,5,3.8,-13.5873776268218
-2,0.5,2.5,0,11,12,5,3.9,-13.2452505716997
-2,0.5,2.5,0,11,12,5,4,-12.8790485376589
-2,0.5,2.5,0,11,12,5,4.1,-12.5207945418514
-2,0.5,2.5,0,11,12,5,4.2,-12.1700463414118
-2,0.5,2.5,0,11,12,5,4.3,-11.8474647259639
-2,0.5,2.5,0,11,12,5,4.4,-11.5503215379791
-2,0.5,2.5,0,11,12,5,4.5,-11.2678105485297
-2,0.5,2.5,0,11,12,5,4.6,-11.0152411024681
-2,0.5,2.5,0,11,12,5,4.7,-10.7925895800776
-2,0.5,2.5,0,11,12,5,4.8,-10.5826127739617
-2,0.5,2.5,0,11,12,5,4.9,-10.3855874130256
-2,0.5,2.5,0,11,12,5,5,-10.229685275555
-2,0.5,2.5,0,11,12,5,5.1,-10.0886937697009
-2,0.5,2.5,0,11,12,5,5.2,-9.9615816561429
-2,0.5,2.5,0,11,12,5,5.3,-9.84628431749809
-2,0.5,2.5,0,11,12,5,5.4,-9.72960123596839
-2,0.5,2.5,0,11,12,5,5.5,-9.61526793480004
-2,0.5,2.5,0,11,12,5,5.6,-9.50836174713109
-2,0.5,2.5,0,11,12,5,5.7,-9.40030049118587
-2,0.5,2.5,0,11,12,5,5.8,-9.29533594860817
-2,0.5,2.5,0,11,12,5,5.9,-9.1924387184882
-2,0.5,2.5,0,11,12,5,6,-9.0830636801565
-2,0.5,2.5,0,11,12,5,6.1,-8.97393465917781
-2,0.5,2.5,0,11,12,5,6.2,-8.87341523526735
-2,0.5,2.5,0,11,12,5,6.3,-8.7811762921561
-2,0.5,2.5,0,11,12,5,6.4,-8.69834370206557
-2,0.5,2.5,0,11,12,5,6.5,-8.62169284615011
-2,0.5,2.5,0,11,12,5,6.6,-8.54607010876551
-2,0.5,2.5,0,11,12,5,6.7,-8.47067545657793
-2,0.5,2.5,0,11,12,5,6.8,-8.40432541817666
-2,0.5,2.5,0,11,12,5,6.9,-8.35134873399987
-2,0.5,2.5,0,11,12,5,7,-8.29419910825453
-2,0.5,2.5,0,11,12,5,7.1,-8.24046814709508
-2,0.5,2.5,0,11,12,5,7.2,-8.19749528618661
-2,0.5,2.5,0,11,12,5,7.3,-8.16681798594861
-2,0.5,2.5,0,11,12,5,7.4,-8.14503584337255
-2,0.5,2.5,0,11,12,5,7.5,-8.11628984465017
-2,0.5,2.5,0,11,12,5,7.6,-8.07898495537389
-2,0.5,2.5,0,11,12,5,7.7,-8.0380785287671
-2,0.5,2.5,0,11,12,5,7.8,-8.0073824983923
-2,0.5,2.5,0,11,12,5,7.9,-7.97062853142581
-2,0.5,2.5,0,11,12,5,8,-7.92863165270284
-2,0.5,2.5,0,11,12,5,8.1,-7.88785459957487
-2,0.5,2.5,0,11,12,5,8.2,-7.8480173247371
-2,0.5,2.5,0,11,12,5,8.3,-7.80103374372782
-2,0.5,2.5,0,11,12,5,8.4,-7.75562784925823
-2,0.5,2.5,0,11,12,5,8.5,-7.71850146426963
-2,0.5,2.5,0,11,12,5,8.6,-7.69602209207278
-2,0.5,2.5,0,11,12,5,8.7,-7.68976377195426
-2,0.5,2.5,0,11,12,5,8.8,-7.70163514818928
-2,0.5,2.5,0,11,12,5,8.9,-7.72832512393323
-2,0.5,2.5,0,11,12,5,9,-7.76674998780917
-2,0.5,2.5,0,11,12,5,9.1,-7.82671827830622
-2,0.5,2.5,0,11,12,5,9.2,-7.90823624916
-2,0.5,2.5,0,11,12,5,9.3,-7.99186826176657
-2,0.5,2.5,0,11,12,5,9.4,-8.08317985291586
-2,0.5,2.5,0,11,12,5,9.5,-8.18348077981257
-2,0.5,2.5,0,11,12,5,9.6,-8.28791392912352
-2,0.5,2.5,0,11,12,5,9.7,-8.3801681444419
-2,0.5,2.5,0,11,12,5,9.8,-8.44891520408171
-2,0.5,2.5,0,11,12,5,9.9,-8.47103021898033
-2,0.5,2.5,0,11,12,5,10,-8.49714155479779
-2,0.5,2.5,0,11,12,5,10.1,-8.51395337181222
-2,0.5,2.5,0,11,12,5,10.2,-8.5253082304919
-2,0.5,2.5,0,11,12,5,10.3,-8.53584987331628
-2,0.5,2.5,0,11,12,5,10.4,-8.53314660305634
-2,0.5,2.5,0,11,12,5,10.5,-8.52241485245951
-2,0.5,2.5,0,11,12,5,10.6,-8.50999239060554
