"df [mm],""ex1 [mm]"",""ex2 [mm]"",""XPF1 [mm]"",""XPF2 [mm]"",""YG [mm]"",""Freq [GHz]"",""dB(S(1,1)) []"""
-2,0.5,1.5,9,8,5,0.6,-3.0830279322843
-2,0.5,1.5,9,8,5,0.7,-3.88689648250095
-2,0.5,1.5,9,8,5,0.8,-4.6770481598506
-2,0.5,1.5,9,8,5,0.9,-5.43011741492997
-2,0.5,1.5,9,8,5,1,-6.13985674720888
-2,0.5,1.5,9,8,5,1.1,-6.7919315254038
-2,0.5,1.5,9,8,5,1.2,-7.38978823771502
-2,0.5,1.5,9,8,5,1.3,-7.92718374130447
-2,0.5,1.5,9,8,5,1.4,-8.40812576029883
-2,0.5,1.5,9,8,5,1.5,-8.83275186384581
-2,0.5,1.5,9,8,5,1.6,-9.20165282961802
-2,0.5,1.5,9,8,5,1.7,-9.52229382880777
-2,0.5,1.5,9,8,5,1.8,-9.79577399898095
-2,0.5,1.5,9,8,5,1.9,-10.0321163965359
-2,0.5,1.5,9,8,5,2,-10.2305905458856
-2,0.5,1.5,9,8,5,2.1,-10.398208801171
-2,0.5,1.5,9,8,5,2.2,-10.5394615861958
-2,0.5,1.5,9,8,5,2.3,-10.6564250248114
-2,0.5,1.5,9,8,5,2.4,-10.7568664522546
-2,0.5,1.5,9,8,5,2.5,-10.840250885541
-2,0.5,1.5,9,8,5,2.6,-10.9126743604962
-2,0.5,1.5,9,8,5,2.7,-10.9752295541382
-2,0.5,1.5,9,8,5,2.8,-11.0301138297135
-2,0.5,1.5,9,8,5,2.9,-11.0794002932394
-2,0.5,1.5,9,8,5,3,-11.1236596874161
-2,0.5,1.5,9,8,5,3.1,-11.1639910844861
-2,0.5,1.5,9,8,5,3.2,-11.2023413333098
-2,0.5,1.5,9,8,5,3.3,-11.2372172007786
-2,0.5,1.5,9,8,5,3.4,-11.2714743796168
-2,0.5,1.5,9,8,5,3.5,-11.3039479919545
-2,0.5,1.5,9,8,5,3.6,-11.335495702542
-2,0.5,1.5,9,8,5,3.7,-11.3666804539391
-2,0.5,1.5,9,8,5,3.8,-11.3970545207422
-2,0.5,1.5,9,8,5,3.9,-11.427962706173
-2,0.5,1.5,9,8,5,4,-11.4593874485224
-2,0.5,1.5,9,8,5,4.1,-11.4910808542205
-2,0.5,1.5,9,8,5,4.2,-11.5242426322066
-2,0.5,1.5,9,8,5,4.3,-11.5582375228592
-2,0.5,1.5,9,8,5,4.4,-11.5933572006721
-2,0.5,1.5,9,8,5,4.5,-11.6298403528412
-2,0.5,1.5,9,8,5,4.6,-11.6680147319726
-2,0.5,1.5,9,8,5,4.7,-11.7082785947556
-2,0.5,1.5,9,8,5,4.8,-11.7505167281718
-2,0.5,1.5,9,8,5,4.9,-11.7944084230229
-2,0.5,1.5,9,8,5,5,-11.8396519594431
-2,0.5,1.5,9,8,5,5.1,-11.8864140531656
-2,0.5,1.5,9,8,5,5.2,-11.9346036270252
-2,0.5,1.5,9,8,5,5.3,-11.9839110479334
-2,0.5,1.5,9,8,5,5.4,-12.0344084800061
-2,0.5,1.5,9,8,5,5.5,-12.0857782426889
-2,0.5,1.5,9,8,5,5.6,-12.1377178011108
-2,0.5,1.5,9,8,5,5.7,-12.1904643607709
-2,0.5,1.5,9,8,5,5.8,-12.24360281631
-2,0.5,1.5,9,8,5,5.9,-12.2979953752973
-2,0.5,1.5,9,8,5,6,-12.353371732474
-2,0.5,1.5,9,8,5,6.1,-12.4096047191258
-2,0.5,1.5,9,8,5,6.2,-12.4669923004949
-2,0.5,1.5,9,8,5,6.3,-12.5254613743075
-2,0.5,1.5,9,8,5,6.4,-12.5853930949819
-2,0.5,1.5,9,8,5,6.5,-12.6466949240996
-2,0.5,1.5,9,8,5,6.6,-12.7091200722623
-2,0.5,1.5,9,8,5,6.7,-12.7726770802933
-2,0.5,1.5,9,8,5,6.8,-12.8369971075617
-2,0.5,1.5,9,8,5,6.9,-12.9018323792337
-2,0.5,1.5,9,8,5,7,-12.9669559690392
-2,0.5,1.5,9,8,5,7.1,-13.0318597837959
-2,0.5,1.5,9,8,5,7.2,-13.0965873684087
-2,0.5,1.5,9,8,5,7.3,-13.1609123071859
-2,0.5,1.5,9,8,5,7.4,-13.2243647074969
-2,0.5,1.5,9,8,5,7.5,-13.2868370429302
-2,0.5,1.5,9,8,5,7.6,-13.3483097001958
-2,0.5,1.5,9,8,5,7.7,-13.4083236411315
-2,0.5,1.5,9,8,5,7.8,-13.4668128817542
-2,0.5,1.5,9,8,5,7.9,-13.5241160505749
-2,0.5,1.5,9,8,5,8,-13.5801717325247
-2,0.5,1.5,9,8,5,8.1,-13.6349779832355
-2,0.5,1.5,9,8,5,8.2,-13.688672117822
-2,0.5,1.5,9,8,5,8.3,-13.7411750613393
-2,0.5,1.5,9,8,5,8.4,-13.7924462351255
-2,0.5,1.5,9,8,5,8.5,-13.8425543513501
-2,0.5,1.5,9,8,5,8.6,-13.8914619421459
-2,0.5,1.5,9,8,5,8.7,-13.9390226806997
-2,0.5,1.5,9,8,5,8.8,-13.9852062308763
-2,0.5,1.5,9,8,5,8.9,-14.0301356848985
-2,0.5,1.5,9,8,5,9,-14.0735538864852
-2,0.5,1.5,9,8,5,9.1,-14.1153954559882
-2,0.5,1.5,9,8,5,9.2,-14.1556487094715
-2,0.5,1.5,9,8,5,9.3,-14.1941652672796
-2,0.5,1.5,9,8,5,9.4,-14.2310317152323
-2,0.5,1.5,9,8,5,9.5,-14.265995978916
-2,0.5,1.5,9,8,5,9.6,-14.2990061866804
-2,0.5,1.5,9,8,5,9.7,-14.330156273857
-2,0.5,1.5,9,8,5,9.8,-14.3593160985356
-2,0.5,1.5,9,8,5,9.9,-14.3866032643831
-2,0.5,1.5,9,8,5,10,-14.4119979252567
-2,0.5,1.5,9,8,5,10.1,-14.43537908972
-2,0.5,1.5,9,8,5,10.2,-14.4567146069055
-2,0.5,1.5,9,8,5,10.3,-14.4760723485688
-2,0.5,1.5,9,8,5,10.4,-14.4933988261944
-2,0.5,1.5,9,8,5,10.5,-14.5086474067401
-2,0.5,1.5,9,8,5,10.6,-14.5216375705554
2,0.5,1.5,9,8,5,0.6,-1.33406094072279
2,0.5,1.5,9,8,5,0.7,-1.82075579536116
2,0.5,1.5,9,8,5,0.8,-2.37408998563027
2,0.5,1.5,9,8,5,0.9,-2.97884885753199
2,0.5,1.5,9,8,5,1,-3.6257093875149
2,0.5,1.5,9,8,5,1.1,-4.29979283877706
2,0.5,1.5,9,8,5,1.2,-4.99111925716334
2,0.5,1.5,9,8,5,1.3,-5.69009735241204
2,0.5,1.5,9,8,5,1.4,-6.3876507130617
2,0.5,1.5,9,8,5,1.5,-7.07929386791136
2,0.5,1.5,9,8,5,1.6,-7.75709983078322
2,0.5,1.5,9,8,5,1.7,-8.41979528192311
2,0.5,1.5,9,8,5,1.8,-9.06225612863772
2,0.5,1.5,9,8,5,1.9,-9.68380199683943
2,0.5,1.5,9,8,5,2,-10.2802257165954
2,0.5,1.5,9,8,5,2.1,-10.8486443780759
2,0.5,1.5,9,8,5,2.2,-11.3868890016295
2,0.5,1.5,9,8,5,2.3,-11.8906441862358
2,0.5,1.5,9,8,5,2.4,-12.3588676977454
2,0.5,1.5,9,8,5,2.5,-12.7885155847291
2,0.5,1.5,9,8,5,2.6,-13.1792717900593
2,0.5,1.5,9,8,5,2.7,-13.5313393951161
2,0.5,1.5,9,8,5,2.8,-13.8457079640905
2,0.5,1.5,9,8,5,2.9,-14.1258263474316
2,0.5,1.5,9,8,5,3,-14.3755185360016
2,0.5,1.5,9,8,5,3.1,-14.5982575854506
2,0.5,1.5,9,8,5,3.2,-14.8003890230048
2,0.5,1.5,9,8,5,3.3,-14.982770219637
2,0.5,1.5,9,8,5,3.4,-15.1514496999107
2,0.5,1.5,9,8,5,3.5,-15.3074900167213
2,0.5,1.5,9,8,5,3.6,-15.4533725816344
2,0.5,1.5,9,8,5,3.7,-15.5912838254376
2,0.5,1.5,9,8,5,3.8,-15.721308270207
2,0.5,1.5,9,8,5,3.9,-15.8456272984296
2,0.5,1.5,9,8,5,4,-15.9647159036627
2,0.5,1.5,9,8,5,4.1,-16.0780719928089
2,0.5,1.5,9,8,5,4.2,-16.1866444833469
2,0.5,1.5,9,8,5,4.3,-16.2903219442083
2,0.5,1.5,9,8,5,4.4,-16.3891915390075
2,0.5,1.5,9,8,5,4.5,-16.4833618121092
2,0.5,1.5,9,8,5,4.6,-16.5724095555277
2,0.5,1.5,9,8,5,4.7,-16.6566830708401
2,0.5,1.5,9,8,5,4.8,-16.7363959343987
2,0.5,1.5,9,8,5,4.9,-16.8102909301697
2,0.5,1.5,9,8,5,5,-16.878414914673
2,0.5,1.5,9,8,5,5.1,-16.9406453021452
2,0.5,1.5,9,8,5,5.2,-16.996601004317
2,0.5,1.5,9,8,5,5.3,-17.046239948043
2,0.5,1.5,9,8,5,5.4,-17.0886933983155
2,0.5,1.5,9,8,5,5.5,-17.1240602261929
2,0.5,1.5,9,8,5,5.6,-17.1521242228349
2,0.5,1.5,9,8,5,5.7,-17.1721442913828
2,0.5,1.5,9,8,5,5.8,-17.1838411139116
2,0.5,1.5,9,8,5,5.9,-17.1869615819888
2,0.5,1.5,9,8,5,6,-17.1813403883631
2,0.5,1.5,9,8,5,6.1,-17.1667171934728
2,0.5,1.5,9,8,5,6.2,-17.1424658734363
2,0.5,1.5,9,8,5,6.3,-17.1083980291756
2,0.5,1.5,9,8,5,6.4,-17.0642674519728
2,0.5,1.5,9,8,5,6.5,-17.0098028742728
2,0.5,1.5,9,8,5,6.6,-16.9449740898024
2,0.5,1.5,9,8,5,6.7,-16.8700321473302
2,0.5,1.5,9,8,5,6.8,-16.7851765616089
2,0.5,1.5,9,8,5,6.9,-16.6906310032065
2,0.5,1.5,9,8,5,7,-16.5869463636354
2,0.5,1.5,9,8,5,7.1,-16.4747890002052
2,0.5,1.5,9,8,5,7.2,-16.3551169119943
2,0.5,1.5,9,8,5,7.3,-16.2287015999151
2,0.5,1.5,9,8,5,7.4,-16.0965076741977
2,0.5,1.5,9,8,5,7.5,-15.9590974032597
2,0.5,1.5,9,8,5,7.6,-15.8171862039855
2,0.5,1.5,9,8,5,7.7,-15.6719625698329
2,0.5,1.5,9,8,5,7.8,-15.5240053417043
2,0.5,1.5,9,8,5,7.9,-15.3740745773669
2,0.5,1.5,9,8,5,8,-15.2229652621018
2,0.5,1.5,9,8,5,8.1,-15.0713396813647
2,0.5,1.5,9,8,5,8.2,-14.9195720859258
2,0.5,1.5,9,8,5,8.3,-14.7681528795744
2,0.5,1.5,9,8,5,8.4,-14.6178055420909
2,0.5,1.5,9,8,5,8.5,-14.469098056237
2,0.5,1.5,9,8,5,8.6,-14.3225450426777
2,0.5,1.5,9,8,5,8.7,-14.1783614287451
2,0.5,1.5,9,8,5,8.8,-14.0369631868212
2,0.5,1.5,9,8,5,8.9,-13.8986595885031
2,0.5,1.5,9,8,5,9,-13.7635783352519
2,0.5,1.5,9,8,5,9.1,-13.63202502805
2,0.5,1.5,9,8,5,9.2,-13.5041362844066
2,0.5,1.5,9,8,5,9.3,-13.3798594610777
2,0.5,1.5,9,8,5,9.4,-13.2591836195349
2,0.5,1.5,9,8,5,9.5,-13.1421589575989
2,0.5,1.5,9,8,5,9.6,-13.0286557401469
2,0.5,1.5,9,8,5,9.7,-12.9183598224198
2,0.5,1.5,9,8,5,9.8,-12.8108307972516
2,0.5,1.5,9,8,5,9.9,-12.7058716359585
2,0.5,1.5,9,8,5,10,-12.6031276357695
2,0.5,1.5,9,8,5,10.1,-12.5023124561621
2,0.5,1.5,9,8,5,10.2,-12.403153683484
2,0.5,1.5,9,8,5,10.3,-12.3054184232393
2,0.5,1.5,9,8,5,10.4,-12.2089471479679
2,0.5,1.5,9,8,5,10.5,-12.1136564985098
2,0.5,1.5,9,8,5,10.6,-12.0194784324162
-2,0.5,1.5,9,12,5,0.6,-3.01180774590875
-2,0.5,1.5,9,12,5,0.7,-3.78086853226046
-2,0.5,1.5,9,12,5,0.8,-4.53217607164984
-2,0.5,1.5,9,12,5,0.9,-5.24478039347227
-2,0.5,1.5,9,12,5,1,-5.91564735094272
-2,0.5,1.5,9,12,5,1.1,-6.53311306215884
-2,0.5,1.5,9,12,5,1.2,-7.10282660020092
-2,0.5,1.5,9,12,5,1.3,-7.62087579096121
-2,0.5,1.5,9,12,5,1.4,-8.09188238484214
-2,0.5,1.5,9,12,5,1.5,-8.51719749527828
-2,0.5,1.5,9,12,5,1.6,-8.8963640633105
-2,0.5,1.5,9,12,5,1.7,-9.23678715111252
-2,0.5,1.5,9,12,5,1.8,-9.53824507189908
-2,0.5,1.5,9,12,5,1.9,-9.81021648037245
-2,0.5,1.5,9,12,5,2,-10.0499260521711
-2,0.5,1.5,9,12,5,2.1,-10.2629229937578
-2,0.5,1.5,9,12,5,2.2,-10.4517842669475
-2,0.5,1.5,9,12,5,2.3,-10.6170259509321
-2,0.5,1.5,9,12,5,2.4,-10.7653047480121
-2,0.5,1.5,9,12,5,2.5,-10.8947617511602
-2,0.5,1.5,9,12,5,2.6,-11.0106668628013
-2,0.5,1.5,9,12,5,2.7,-11.1132119316343
-2,0.5,1.5,9,12,5,2.8,-11.2045019131281
-2,0.5,1.5,9,12,5,2.9,-11.2860990460325
-2,0.5,1.5,9,12,5,3,-11.3589540153241
-2,0.5,1.5,9,12,5,3.1,-11.423743872482
-2,0.5,1.5,9,12,5,3.2,-11.4828342278833
-2,0.5,1.5,9,12,5,3.3,-11.5345597974573
-2,0.5,1.5,9,12,5,3.4,-11.5822436211939
-2,0.5,1.5,9,12,5,3.5,-11.6252272494403
-2,0.5,1.5,9,12,5,3.6,-11.6648354438691
-2,0.5,1.5,9,12,5,3.7,-11.7019655043503
-2,0.5,1.5,9,12,5,3.8,-11.7363114957356
-2,0.5,1.5,9,12,5,3.9,-11.7693642421867
-2,0.5,1.5,9,12,5,4,-11.8014981473218
-2,0.5,1.5,9,12,5,4.1,-11.8326308644854
-2,0.5,1.5,9,12,5,4.2,-11.8638762956616
-2,0.5,1.5,9,12,5,4.3,-11.8948563526823
-2,0.5,1.5,9,12,5,4.4,-11.9260764260175
-2,0.5,1.5,9,12,5,4.5,-11.9581103027567
-2,0.5,1.5,9,12,5,4.6,-11.9913125422418
-2,0.5,1.5,9,12,5,4.7,-12.025705716824
-2,0.5,1.5,9,12,5,4.8,-12.0615816550313
-2,0.5,1.5,9,12,5,4.9,-12.0988037181918
-2,0.5,1.5,9,12,5,5,-12.1371491910734
-2,0.5,1.5,9,12,5,5.1,-12.1765754908298
-2,0.5,1.5,9,12,5,5.2,-12.2170873442901
-2,0.5,1.5,9,12,5,5.3,-12.2585764816849
-2,0.5,1.5,9,12,5,5.4,-12.3007803488262
-2,0.5,1.5,9,12,5,5.5,-12.3434480724972
-2,0.5,1.5,9,12,5,5.6,-12.3868125346215
-2,0.5,1.5,9,12,5,5.7,-12.4303894028323
-2,0.5,1.5,9,12,5,5.8,-12.4749157083234
-2,0.5,1.5,9,12,5,5.9,-12.5202580654581
-2,0.5,1.5,9,12,5,6,-12.5664971941253
-2,0.5,1.5,9,12,5,6.1,-12.6138271578569
-2,0.5,1.5,9,12,5,6.2,-12.6621944238843
-2,0.5,1.5,9,12,5,6.3,-12.7119280769478
-2,0.5,1.5,9,12,5,6.4,-12.7630053794045
-2,0.5,1.5,9,12,5,6.5,-12.8154561799247
-2,0.5,1.5,9,12,5,6.6,-12.8691031703172
-2,0.5,1.5,9,12,5,6.7,-12.9236802900631
-2,0.5,1.5,9,12,5,6.8,-12.9793152706067
-2,0.5,1.5,9,12,5,6.9,-13.0355545996966
-2,0.5,1.5,9,12,5,7,-13.092192467375
-2,0.5,1.5,9,12,5,7.1,-13.1490452013858
-2,0.5,1.5,9,12,5,7.2,-13.2056396013272
-2,0.5,1.5,9,12,5,7.3,-13.2620020828595
-2,0.5,1.5,9,12,5,7.4,-13.3179082731791
-2,0.5,1.5,9,12,5,7.5,-13.3732738192105
-2,0.5,1.5,9,12,5,7.6,-13.4278621535839
-2,0.5,1.5,9,12,5,7.7,-13.4815888827223
-2,0.5,1.5,9,12,5,7.8,-13.5344006818584
-2,0.5,1.5,9,12,5,7.9,-13.5861830449628
-2,0.5,1.5,9,12,5,8,-13.6372630717702
-2,0.5,1.5,9,12,5,8.1,-13.6880168642692
-2,0.5,1.5,9,12,5,8.2,-13.7382164511716
-2,0.5,1.5,9,12,5,8.3,-13.7879178867671
-2,0.5,1.5,9,12,5,8.4,-13.8370396376696
-2,0.5,1.5,9,12,5,8.5,-13.8857025275272
-2,0.5,1.5,9,12,5,8.6,-13.9339881607505
-2,0.5,1.5,9,12,5,8.7,-13.9815912086386
-2,0.5,1.5,9,12,5,8.8,-14.028564001709
-2,0.5,1.5,9,12,5,8.9,-14.0746811232901
-2,0.5,1.5,9,12,5,9,-14.1198717041738
-2,0.5,1.5,9,12,5,9.1,-14.1640363217242
-2,0.5,1.5,9,12,5,9.2,-14.2069249599676
-2,0.5,1.5,9,12,5,9.3,-14.2485157066358
-2,0.5,1.5,9,12,5,9.4,-14.2886571994991
-2,0.5,1.5,9,12,5,9.5,-14.3272196922013
-2,0.5,1.5,9,12,5,9.6,-14.3642176896804
-2,0.5,1.5,9,12,5,9.7,-14.3995292887787
-2,0.5,1.5,9,12,5,9.8,-14.433070851375
-2,0.5,1.5,9,12,5,9.9,-14.4646584431363
-2,0.5,1.5,9,12,5,10,-14.4943675207317
-2,0.5,1.5,9,12,5,10.1,-14.5221796895836
-2,0.5,1.5,9,12,5,10.2,-14.5477811801932
-2,0.5,1.5,9,12,5,10.3,-14.5711386958454
-2,0.5,1.5,9,12,5,10.4,-14.5920054258093
-2,0.5,1.5,9,12,5,10.5,-14.6102133184499
-2,0.5,1.5,9,12,5,10.6,-14.6253782934088
2,0.5,1.5,9,12,5,0.6,-1.30582670712225
2,0.5,1.5,9,12,5,0.7,-1.77265793988986
2,0.5,1.5,9,12,5,0.8,-2.29912041095758
2,0.5,1.5,9,12,5,0.9,-2.87016941716838
2,0.5,1.5,9,12,5,1,-3.47754039896549
2,0.5,1.5,9,12,5,1.1,-4.10818609253624
2,0.5,1.5,9,12,5,1.2,-4.75362914018737
2,0.5,1.5,9,12,5,1.3,-5.40685003014559
2,0.5,1.5,9,12,5,1.4,-6.0600719889589
2,0.5,1.5,9,12,5,1.5,-6.71131390003116
2,0.5,1.5,9,12,5,1.6,-7.35359854400845
2,0.5,1.5,9,12,5,1.7,-7.98761859818187
2,0.5,1.5,9,12,5,1.8,-8.60942094040286
2,0.5,1.5,9,12,5,1.9,-9.22050498173898
2,0.5,1.5,9,12,5,2,-9.81810611892818
2,0.5,1.5,9,12,5,2.1,-10.4007865601071
2,0.5,1.5,9,12,5,2.2,-10.9676095660158
2,0.5,1.5,9,12,5,2.3,-11.5148822882249
2,0.5,1.5,9,12,5,2.4,-12.0417850020531
2,0.5,1.5,9,12,5,2.5,-12.5443988591786
2,0.5,1.5,9,12,5,2.6,-13.0203968210418
2,0.5,1.5,9,12,5,2.7,-13.4671214357536
2,0.5,1.5,9,12,5,2.8,-13.8817264959152
2,0.5,1.5,9,12,5,2.9,-14.2636082253736
2,0.5,1.5,9,12,5,3,-14.6131388297296
2,0.5,1.5,9,12,5,3.1,-14.930205454383
2,0.5,1.5,9,12,5,3.2,-15.2184353595065
2,0.5,1.5,9,12,5,3.3,-15.477303694322
2,0.5,1.5,9,12,5,3.4,-15.7121134700848
2,0.5,1.5,9,12,5,3.5,-15.9242432390901
2,0.5,1.5,9,12,5,3.6,-16.1159735077623
2,0.5,1.5,9,12,5,3.7,-16.2905932289674
2,0.5,1.5,9,12,5,3.8,-16.4487659739451
2,0.5,1.5,9,12,5,3.9,-16.5940330408182
2,0.5,1.5,9,12,5,4,-16.7273384347494
2,0.5,1.5,9,12,5,4.1,-16.8489829765036
2,0.5,1.5,9,12,5,4.2,-16.9614022423688
2,0.5,1.5,9,12,5,4.3,-17.0645660731088
2,0.5,1.5,9,12,5,4.4,-17.1592091568159
2,0.5,1.5,9,12,5,4.5,-17.2461691761196
2,0.5,1.5,9,12,5,4.6,-17.3257004960355
2,0.5,1.5,9,12,5,4.7,-17.3982621788745
2,0.5,1.5,9,12,5,4.8,-17.4639459833928
2,0.5,1.5,9,12,5,4.9,-17.5221056271215
2,0.5,1.5,9,12,5,5,-17.5727001873864
2,0.5,1.5,9,12,5,5.1,-17.6155795502263
2,0.5,1.5,9,12,5,5.2,-17.6507666611835
2,0.5,1.5,9,12,5,5.3,-17.6778582838926
2,0.5,1.5,9,12,5,5.4,-17.6964540584588
2,0.5,1.5,9,12,5,5.5,-17.706123793583
2,0.5,1.5,9,12,5,5.6,-17.7071700341294
2,0.5,1.5,9,12,5,5.7,-17.6989487225089
2,0.5,1.5,9,12,5,5.8,-17.6811020507511
2,0.5,1.5,9,12,5,5.9,-17.6533640240587
2,0.5,1.5,9,12,5,6,-17.6156667395018
2,0.5,1.5,9,12,5,6.1,-17.5677500971117
2,0.5,1.5,9,12,5,6.2,-17.5091245154722
2,0.5,1.5,9,12,5,6.3,-17.440185653063
2,0.5,1.5,9,12,5,6.4,-17.3605913920323
2,0.5,1.5,9,12,5,6.5,-17.2700962511699
2,0.5,1.5,9,12,5,6.6,-17.1692965748698
2,0.5,1.5,9,12,5,6.7,-17.0583846216851
2,0.5,1.5,9,12,5,6.8,-16.9378444053082
2,0.5,1.5,9,12,5,6.9,-16.8083541538962
2,0.5,1.5,9,12,5,7,-16.6706976659435
2,0.5,1.5,9,12,5,7.1,-16.5259142044146
2,0.5,1.5,9,12,5,7.2,-16.3749776785102
2,0.5,1.5,9,12,5,7.3,-16.2189800181796
2,0.5,1.5,9,12,5,7.4,-16.0586657539839
2,0.5,1.5,9,12,5,7.5,-15.8951122630244
2,0.5,1.5,9,12,5,7.6,-15.7293023346501
2,0.5,1.5,9,12,5,7.7,-15.5619149907786
2,0.5,1.5,9,12,5,7.8,-15.3937736924687
2,0.5,1.5,9,12,5,7.9,-15.2258277673495
2,0.5,1.5,9,12,5,8,-15.0586026626356
2,0.5,1.5,9,12,5,8.1,-14.8926458699569
2,0.5,1.5,9,12,5,8.2,-14.7285851981363
2,0.5,1.5,9,12,5,8.3,-14.5671142134415
2,0.5,1.5,9,12,5,8.4,-14.4085352320489
2,0.5,1.5,9,12,5,8.5,-14.2533742968629
2,0.5,1.5,9,12,5,8.6,-14.1021107281338
2,0.5,1.5,9,12,5,8.7,-13.9549381219151
2,0.5,1.5,9,12,5,8.8,-13.8120260469854
2,0.5,1.5,9,12,5,8.9,-13.6737248533486
2,0.5,1.5,9,12,5,9,-13.5402415632658
2,0.5,1.5,9,12,5,9.1,-13.411696348455
2,0.5,1.5,9,12,5,9.2,-13.2881142086894
2,0.5,1.5,9,12,5,9.3,-13.1692298682545
2,0.5,1.5,9,12,5,9.4,-13.0550614689298
2,0.5,1.5,9,12,5,9.5,-12.9454776070977
2,0.5,1.5,9,12,5,9.6,-12.8401992130365
2,0.5,1.5,9,12,5,9.7,-12.7389341722233
2,0.5,1.5,9,12,5,9.8,-12.6413076338259
2,0.5,1.5,9,12,5,9.9,-12.5469579182133
2,0.5,1.5,9,12,5,10,-12.4554469447772
2,0.5,1.5,9,12,5,10.1,-12.3664507716701
2,0.5,1.5,9,12,5,10.2,-12.279594292255
2,0.5,1.5,9,12,5,10.3,-12.194721242864
2,0.5,1.5,9,12,5,10.4,-12.1115359064196
2,0.5,1.5,9,12,5,10.5,-12.0300499553974
2,0.5,1.5,9,12,5,10.6,-11.9501898828206
-2,0.5,1.5,11,8,5,0.6,-3.00048173007941
-2,0.5,1.5,11,8,5,0.7,-3.77459027210196
-2,0.5,1.5,11,8,5,0.8,-4.53372333744389
-2,0.5,1.5,11,8,5,0.9,-5.25652653681349
-2,0.5,1.5,11,8,5,1,-5.93908733071223
-2,0.5,1.5,11,8,5,1.1,-6.5683611988867
-2,0.5,1.5,11,8,5,1.2,-7.14992967034064
-2,0.5,1.5,11,8,5,1.3,-7.67830045594756
-2,0.5,1.5,11,8,5,1.4,-8.15839834194352
-2,0.5,1.5,11,8,5,1.5,-8.59058207470354
-2,0.5,1.5,11,8,5,1.6,-8.97458773365192
-2,0.5,1.5,11,8,5,1.7,-9.31792985359727
-2,0.5,1.5,11,8,5,1.8,-9.62041042545435
-2,0.5,1.5,11,8,5,1.9,-9.89185792382028
-2,0.5,1.5,11,8,5,2,-10.1293562354578
-2,0.5,1.5,11,8,5,2.1,-10.3389201037099
-2,0.5,1.5,11,8,5,2.2,-10.5234496971336
-2,0.5,1.5,11,8,5,2.3,-10.6837186898503
-2,0.5,1.5,11,8,5,2.4,-10.8264176823767
-2,0.5,1.5,11,8,5,2.5,-10.9498752524958
-2,0.5,1.5,11,8,5,2.6,-11.0597487557656
-2,0.5,1.5,11,8,5,2.7,-11.1563473961557
-2,0.5,1.5,11,8,5,2.8,-11.2418741573963
-2,0.5,1.5,11,8,5,2.9,-11.3179494802401
-2,0.5,1.5,11,8,5,3,-11.3853660409815
-2,0.5,1.5,11,8,5,3.1,-11.4451346269106
-2,0.5,1.5,11,8,5,3.2,-11.4997979351051
-2,0.5,1.5,11,8,5,3.3,-11.5475133003497
-2,0.5,1.5,11,8,5,3.4,-11.5916239128903
-2,0.5,1.5,11,8,5,3.5,-11.6314409805377
-2,0.5,1.5,11,8,5,3.6,-11.6680817584893
-2,0.5,1.5,11,8,5,3.7,-11.7029877398217
-2,0.5,1.5,11,8,5,3.8,-11.7351822046295
-2,0.5,1.5,11,8,5,3.9,-11.7665263023209
-2,0.5,1.5,11,8,5,4,-11.7970065985893
-2,0.5,1.5,11,8,5,4.1,-11.826766794282
-2,0.5,1.5,11,8,5,4.2,-11.8570517827902
-2,0.5,1.5,11,8,5,4.3,-11.8873962426975
-2,0.5,1.5,11,8,5,4.4,-11.9180123447693
-2,0.5,1.5,11,8,5,4.5,-11.949557445477
-2,0.5,1.5,11,8,5,4.6,-11.9823198296029
-2,0.5,1.5,11,8,5,4.7,-12.016797982883
-2,0.5,1.5,11,8,5,4.8,-12.0527405294746
-2,0.5,1.5,11,8,5,4.9,-12.0899559372617
-2,0.5,1.5,11,8,5,5,-12.1285650336832
-2,0.5,1.5,11,8,5,5.1,-12.1683263638648
-2,0.5,1.5,11,8,5,5.2,-12.2089854757767
-2,0.5,1.5,11,8,5,5.3,-12.2504199997933
-2,0.5,1.5,11,8,5,5.4,-12.2926637357059
-2,0.5,1.5,11,8,5,5.5,-12.3358128861471
-2,0.5,1.5,11,8,5,5.6,-12.3793208663943
-2,0.5,1.5,11,8,5,5.7,-12.4234321802149
-2,0.5,1.5,11,8,5,5.8,-12.4682367957779
-2,0.5,1.5,11,8,5,5.9,-12.5139853454994
-2,0.5,1.5,11,8,5,6,-12.5603621654192
-2,0.5,1.5,11,8,5,6.1,-12.6076445734213
-2,0.5,1.5,11,8,5,6.2,-12.6562168376693
-2,0.5,1.5,11,8,5,6.3,-12.7061997720631
-2,0.5,1.5,11,8,5,6.4,-12.7572998769878
-2,0.5,1.5,11,8,5,6.5,-12.8097282588272
-2,0.5,1.5,11,8,5,6.6,-12.863017030463
-2,0.5,1.5,11,8,5,6.7,-12.9174579493999
-2,0.5,1.5,11,8,5,6.8,-12.9728013220901
-2,0.5,1.5,11,8,5,6.9,-13.0288069450244
-2,0.5,1.5,11,8,5,7,-13.0852193590479
-2,0.5,1.5,11,8,5,7.1,-13.1418761246032
-2,0.5,1.5,11,8,5,7.2,-13.1983247334236
-2,0.5,1.5,11,8,5,7.3,-13.2542972907221
-2,0.5,1.5,11,8,5,7.4,-13.3095219629818
-2,0.5,1.5,11,8,5,7.5,-13.3640862312073
-2,0.5,1.5,11,8,5,7.6,-13.4178655928308
-2,0.5,1.5,11,8,5,7.7,-13.470675235682
-2,0.5,1.5,11,8,5,7.8,-13.5225976537989
-2,0.5,1.5,11,8,5,7.9,-13.5738993631002
-2,0.5,1.5,11,8,5,8,-13.6243940595906
-2,0.5,1.5,11,8,5,8.1,-13.6739559654287
-2,0.5,1.5,11,8,5,8.2,-13.7230503873234
-2,0.5,1.5,11,8,5,8.3,-13.7717230097973
-2,0.5,1.5,11,8,5,8.4,-13.8196057431754
-2,0.5,1.5,11,8,5,8.5,-13.8667847687317
-2,0.5,1.5,11,8,5,8.6,-13.9133761411066
-2,0.5,1.5,11,8,5,8.7,-13.9591574943026
-2,0.5,1.5,11,8,5,8.8,-14.0040358002241
-2,0.5,1.5,11,8,5,8.9,-14.0480371018474
-2,0.5,1.5,11,8,5,9,-14.0910136185262
-2,0.5,1.5,11,8,5,9.1,-14.1329449992879
-2,0.5,1.5,11,8,5,9.2,-14.1735561874012
-2,0.5,1.5,11,8,5,9.3,-14.2128516811084
-2,0.5,1.5,11,8,5,9.4,-14.250760844193
-2,0.5,1.5,11,8,5,9.5,-14.2871896205807
-2,0.5,1.5,11,8,5,9.6,-14.322000534501
-2,0.5,1.5,11,8,5,9.7,-14.3551114616245
-2,0.5,1.5,11,8,5,9.8,-14.3865551946508
-2,0.5,1.5,11,8,5,9.9,-14.4161240711715
-2,0.5,1.5,11,8,5,10,-14.4437030935315
-2,0.5,1.5,11,8,5,10.1,-14.4693663487816
-2,0.5,1.5,11,8,5,10.2,-14.4926963045266
-2,0.5,1.5,11,8,5,10.3,-14.5136944754897
-2,0.5,1.5,11,8,5,10.4,-14.5321892472458
-2,0.5,1.5,11,8,5,10.5,-14.5478049134597
-2,0.5,1.5,11,8,5,10.6,-14.5603502727061
2,0.5,1.5,11,8,5,0.6,-1.29301659113507
2,0.5,1.5,11,8,5,0.7,-1.75949909633392
2,0.5,1.5,11,8,5,0.8,-2.28795687322305
2,0.5,1.5,11,8,5,0.9,-2.86390894399052
2,0.5,1.5,11,8,5,1,-3.47918414151775
2,0.5,1.5,11,8,5,1.1,-4.12015194626909
2,0.5,1.5,11,8,5,1.2,-4.7784759859999
2,0.5,1.5,11,8,5,1.3,-5.44596627091228
2,0.5,1.5,11,8,5,1.4,-6.11501360801913
2,0.5,1.5,11,8,5,1.5,-6.78253492277704
2,0.5,1.5,11,8,5,1.6,-7.44151478859558
2,0.5,1.5,11,8,5,1.7,-8.09229329579973
2,0.5,1.5,11,8,5,1.8,-8.73070211032633
2,0.5,1.5,11,8,5,1.9,-9.35814582838923
2,0.5,1.5,11,8,5,2,-9.97108746552643
2,0.5,1.5,11,8,5,2.1,-10.5681768960084
2,0.5,1.5,11,8,5,2.2,-11.1478694889404
2,0.5,1.5,11,8,5,2.3,-11.7062431751625
2,0.5,1.5,11,8,5,2.4,-12.2421791049624
2,0.5,1.5,11,8,5,2.5,-12.7511024694524
2,0.5,1.5,11,8,5,2.6,-13.2306998431489
2,0.5,1.5,11,8,5,2.7,-13.678094994486
2,0.5,1.5,11,8,5,2.8,-14.0907407789355
2,0.5,1.5,11,8,5,2.9,-14.4686383974159
2,0.5,1.5,11,8,5,3,-14.8118268241141
2,0.5,1.5,11,8,5,3.1,-15.1213334989272
2,0.5,1.5,11,8,5,3.2,-15.4011374126629
2,0.5,1.5,11,8,5,3.3,-15.6517481957052
2,0.5,1.5,11,8,5,3.4,-15.8785685212459
2,0.5,1.5,11,8,5,3.5,-16.0832353121987
2,0.5,1.5,11,8,5,3.6,-16.2680594757096
2,0.5,1.5,11,8,5,3.7,-16.4365993160009
2,0.5,1.5,11,8,5,3.8,-16.589427157564
2,0.5,1.5,11,8,5,3.9,-16.7295002149212
2,0.5,1.5,11,8,5,4,-16.8586342647363
2,0.5,1.5,11,8,5,4.1,-16.9770036124199
2,0.5,1.5,11,8,5,4.2,-17.0861042282095
2,0.5,1.5,11,8,5,4.3,-17.1862696396718
2,0.5,1.5,11,8,5,4.4,-17.2783682878603
2,0.5,1.5,11,8,5,4.5,-17.3628213798877
2,0.5,1.5,11,8,5,4.6,-17.4397176303634
2,0.5,1.5,11,8,5,4.7,-17.5096385165569
2,0.5,1.5,11,8,5,4.8,-17.5734133098689
2,0.5,1.5,11,8,5,4.9,-17.6295716962071
2,0.5,1.5,11,8,5,5,-17.6783693582852
2,0.5,1.5,11,8,5,5.1,-17.7195636684347
2,0.5,1.5,11,8,5,5.2,-17.7532668004784
2,0.5,1.5,11,8,5,5.3,-17.7793981533866
2,0.5,1.5,11,8,5,5.4,-17.7973679604263
2,0.5,1.5,11,8,5,5.5,-17.8071517015442
2,0.5,1.5,11,8,5,5.6,-17.8083545184147
2,0.5,1.5,11,8,5,5.7,-17.8003126859626
2,0.5,1.5,11,8,5,5.8,-17.7830733987756
2,0.5,1.5,11,8,5,5.9,-17.7565845688803
2,0.5,1.5,11,8,5,6,-17.7206418919416
2,0.5,1.5,11,8,5,6.1,-17.6748777214181
2,0.5,1.5,11,8,5,6.2,-17.6188201798688
2,0.5,1.5,11,8,5,6.3,-17.5522535757328
2,0.5,1.5,11,8,5,6.4,-17.4752824728387
2,0.5,1.5,11,8,5,6.5,-17.3876448618911
2,0.5,1.5,11,8,5,6.6,-17.2897336553407
2,0.5,1.5,11,8,5,6.7,-17.181926848452
2,0.5,1.5,11,8,5,6.8,-17.0644849623921
2,0.5,1.5,11,8,5,6.9,-16.9381233539625
2,0.5,1.5,11,8,5,7,-16.8033702421059
2,0.5,1.5,11,8,5,7.1,-16.661327137097
2,0.5,1.5,11,8,5,7.2,-16.5128746561373
2,0.5,1.5,11,8,5,7.3,-16.3589445844199
2,0.5,1.5,11,8,5,7.4,-16.2007168745186
2,0.5,1.5,11,8,5,7.5,-16.0390159959101
2,0.5,1.5,11,8,5,7.6,-15.8747674576052
2,0.5,1.5,11,8,5,7.7,-15.7086094318763
2,0.5,1.5,11,8,5,7.8,-15.5415707632499
2,0.5,1.5,11,8,5,7.9,-15.3744020056652
2,0.5,1.5,11,8,5,8,-15.207719400956
2,0.5,1.5,11,8,5,8.1,-15.0421557277017
2,0.5,1.5,11,8,5,8.2,-14.878405110784
2,0.5,1.5,11,8,5,8.3,-14.7168961163806
2,0.5,1.5,11,8,5,8.4,-14.5581498846442
2,0.5,1.5,11,8,5,8.5,-14.4026056381703
2,0.5,1.5,11,8,5,8.6,-14.2507545260065
2,0.5,1.5,11,8,5,8.7,-14.1029084705546
2,0.5,1.5,11,8,5,8.8,-13.9593942591987
2,0.5,1.5,11,8,5,8.9,-13.8203933345252
2,0.5,1.5,11,8,5,9,-13.6860530763094
2,0.5,1.5,11,8,5,9.1,-13.5564561439185
2,0.5,1.5,11,8,5,9.2,-13.431704864786
2,0.5,1.5,11,8,5,9.3,-13.3118916213033
2,0.5,1.5,11,8,5,9.4,-13.1967121274196
2,0.5,1.5,11,8,5,9.5,-13.0859968591001
2,0.5,1.5,11,8,5,9.6,-12.9795343274409
2,0.5,1.5,11,8,5,9.7,-12.8770366798057
2,0.5,1.5,11,8,5,9.8,-12.7782234211973
2,0.5,1.5,11,8,5,9.9,-12.6825705928394
2,0.5,1.5,11,8,5,10,-12.5897433181512
2,0.5,1.5,11,8,5,10.1,-12.4993230357495
2,0.5,1.5,11,8,5,10.2,-12.4109144018846
2,0.5,1.5,11,8,5,10.3,-12.324079429263
2,0.5,1.5,11,8,5,10.4,-12.2387258000203
2,0.5,1.5,11,8,5,10.5,-12.1547505774515
2,0.5,1.5,11,8,5,10.6,-12.0721366754947
-2,0.5,1.5,11,12,5,0.6,-3.09761264541044
-2,0.5,1.5,11,12,5,0.7,-3.89648326140881
-2,0.5,1.5,11,12,5,0.8,-4.67948677615605
-2,0.5,1.5,11,12,5,0.9,-5.4233413584881
-2,0.5,1.5,11,12,5,1,-6.12335388470463
-2,0.5,1.5,11,12,5,1.1,-6.76646834233505
-2,0.5,1.5,11,12,5,1.2,-7.35622360131693
-2,0.5,1.5,11,12,5,1.3,-7.88810383396393
-2,0.5,1.5,11,12,5,1.4,-8.36518908758999
-2,0.5,1.5,11,12,5,1.5,-8.78891062916111
-2,0.5,1.5,11,12,5,1.6,-9.15860205029387
-2,0.5,1.5,11,12,5,1.7,-9.48204335238586
-2,0.5,1.5,11,12,5,1.8,-9.75950616101878
-2,0.5,1.5,11,12,5,1.9,-10.0009788007024
-2,0.5,1.5,11,12,5,2,-10.2054262078109
-2,0.5,1.5,11,12,5,2.1,-10.3793512138241
-2,0.5,1.5,11,12,5,2.2,-10.5269391082793
-2,0.5,1.5,11,12,5,2.3,-10.6499349247423
-2,0.5,1.5,11,12,5,2.4,-10.7560912499126
-2,0.5,1.5,11,12,5,2.5,-10.8446554825347
-2,0.5,1.5,11,12,5,2.6,-10.9216011646792
-2,0.5,1.5,11,12,5,2.7,-10.9879540351665
-2,0.5,1.5,11,12,5,2.8,-11.045981339873
-2,0.5,1.5,11,12,5,2.9,-11.097729159337
-2,0.5,1.5,11,12,5,3,-11.1438762936902
-2,0.5,1.5,11,12,5,3.1,-11.185281281765
-2,0.5,1.5,11,12,5,3.2,-11.2238417950688
-2,0.5,1.5,11,12,5,3.3,-11.2584777945129
-2,0.5,1.5,11,12,5,3.4,-11.2917476843959
-2,0.5,1.5,11,12,5,3.5,-11.3231152705482
-2,0.5,1.5,11,12,5,3.6,-11.352704235157
-2,0.5,1.5,11,12,5,3.7,-11.3816747273643
-2,0.5,1.5,11,12,5,3.8,-11.4096067837007
-2,0.5,1.5,11,12,5,3.9,-11.4379637523731
-2,0.5,1.5,11,12,5,4,-11.4665574625422
-2,0.5,1.5,11,12,5,4.1,-11.495629818186
-2,0.5,1.5,11,12,5,4.2,-11.5258120118628
-2,0.5,1.5,11,12,5,4.3,-11.5564828850433
-2,0.5,1.5,11,12,5,4.4,-11.5882663162622
-2,0.5,1.5,11,12,5,4.5,-11.6209116423494
-2,0.5,1.5,11,12,5,4.6,-11.6554881938728
-2,0.5,1.5,11,12,5,4.7,-11.6924882802024
-2,0.5,1.5,11,12,5,4.8,-11.7312185396613
-2,0.5,1.5,11,12,5,4.9,-11.7714105282452
-2,0.5,1.5,11,12,5,5,-11.8130525191817
-2,0.5,1.5,11,12,5,5.1,-11.8559365795172
-2,0.5,1.5,11,12,5,5.2,-11.9003408999752
-2,0.5,1.5,11,12,5,5.3,-11.9460716721077
-2,0.5,1.5,11,12,5,5.4,-11.9927421576202
-2,0.5,1.5,11,12,5,5.5,-12.0400944482001
-2,0.5,1.5,11,12,5,5.6,-12.0884365582983
-2,0.5,1.5,11,12,5,5.7,-12.1376371677643
-2,0.5,1.5,11,12,5,5.8,-12.1877144445676
-2,0.5,1.5,11,12,5,5.9,-12.2383484521485
-2,0.5,1.5,11,12,5,6,-12.2900724322299
-2,0.5,1.5,11,12,5,6.1,-12.3429212733956
-2,0.5,1.5,11,12,5,6.2,-12.3971240412361
-2,0.5,1.5,11,12,5,6.3,-12.4525599126452
-2,0.5,1.5,11,12,5,6.4,-12.5094277745357
-2,0.5,1.5,11,12,5,6.5,-12.5675209942027
-2,0.5,1.5,11,12,5,6.6,-12.6265561526583
-2,0.5,1.5,11,12,5,6.7,-12.6867628462232
-2,0.5,1.5,11,12,5,6.8,-12.747947311437
-2,0.5,1.5,11,12,5,6.9,-12.8097590001496
-2,0.5,1.5,11,12,5,7,-12.871856196426
-2,0.5,1.5,11,12,5,7.1,-12.93423651402
-2,0.5,1.5,11,12,5,7.2,-12.9961837965239
-2,0.5,1.5,11,12,5,7.3,-13.0577493605723
-2,0.5,1.5,11,12,5,7.4,-13.1185461685847
-2,0.5,1.5,11,12,5,7.5,-13.1784174141384
-2,0.5,1.5,11,12,5,7.6,-13.2371004997349
-2,0.5,1.5,11,12,5,7.7,-13.2947859350974
-2,0.5,1.5,11,12,5,7.8,-13.3512010988796
-2,0.5,1.5,11,12,5,7.9,-13.4063615462231
-2,0.5,1.5,11,12,5,8,-13.4602727269678
-2,0.5,1.5,11,12,5,8.1,-13.5130445960637
-2,0.5,1.5,11,12,5,8.2,-13.5647112283848
-2,0.5,1.5,11,12,5,8.3,-13.6153110863317
-2,0.5,1.5,11,12,5,8.4,-13.6650473827717
-2,0.5,1.5,11,12,5,8.5,-13.7136770689271
-2,0.5,1.5,11,12,5,8.6,-13.7610552052506
-2,0.5,1.5,11,12,5,8.7,-13.8073103491403
-2,0.5,1.5,11,12,5,8.8,-13.8523379827146
-2,0.5,1.5,11,12,5,8.9,-13.8960055014307
-2,0.5,1.5,11,12,5,9,-13.9383747316995
-2,0.5,1.5,11,12,5,9.1,-13.9790530133523
-2,0.5,1.5,11,12,5,9.2,-14.0181262706752
-2,0.5,1.5,11,12,5,9.3,-14.0553850295592
-2,0.5,1.5,11,12,5,9.4,-14.0909289910342
-2,0.5,1.5,11,12,5,9.5,-14.12475611601
-2,0.5,1.5,11,12,5,9.6,-14.1567603263965
-2,0.5,1.5,11,12,5,9.7,-14.1869051376097
-2,0.5,1.5,11,12,5,9.8,-14.2151398965112
-2,0.5,1.5,11,12,5,9.9,-14.2415412623585
-2,0.5,1.5,11,12,5,10,-14.2661335579826
-2,0.5,1.5,11,12,5,10.1,-14.2889140035678
-2,0.5,1.5,11,12,5,10.2,-14.3098261079138
-2,0.5,1.5,11,12,5,10.3,-14.3289345325772
-2,0.5,1.5,11,12,5,10.4,-14.3460230546806
-2,0.5,1.5,11,12,5,10.5,-14.3610681652124
-2,0.5,1.5,11,12,5,10.6,-14.3738320842399
2,0.5,1.5,11,12,5,0.6,-1.32998246367016
2,0.5,1.5,11,12,5,0.7,-1.81082658579857
2,0.5,1.5,11,12,5,0.8,-2.35613486661392
2,0.5,1.5,11,12,5,0.9,-2.95058753775123
2,0.5,1.5,11,12,5,1,-3.5853598265107
2,0.5,1.5,11,12,5,1.1,-4.24657586777417
2,0.5,1.5,11,12,5,1.2,-4.92424767154704
2,0.5,1.5,11,12,5,1.3,-5.61030621009979
2,0.5,1.5,11,12,5,1.4,-6.29526676745597
2,0.5,1.5,11,12,5,1.5,-6.9760926194633
2,0.5,1.5,11,12,5,1.6,-7.6444185062132
2,0.5,1.5,11,12,5,1.7,-8.29960256643985
2,0.5,1.5,11,12,5,1.8,-8.93639101226929
2,0.5,1.5,11,12,5,1.9,-9.55450822481619
2,0.5,1.5,11,12,5,2,-10.1503660978709
2,0.5,1.5,11,12,5,2.1,-10.7209093676099
2,0.5,1.5,11,12,5,2.2,-11.2644736955083
2,0.5,1.5,11,12,5,2.3,-11.7766698881923
2,0.5,1.5,11,12,5,2.4,-12.2564917249647
2,0.5,1.5,11,12,5,2.5,-12.7009394830893
2,0.5,1.5,11,12,5,2.6,-13.1088781507113
2,0.5,1.5,11,12,5,2.7,-13.4803956684281
2,0.5,1.5,11,12,5,2.8,-13.8153625729338
2,0.5,1.5,11,12,5,2.9,-14.1165867277426
2,0.5,1.5,11,12,5,3,-14.3873446344376
2,0.5,1.5,11,12,5,3.1,-14.6299624291977
2,0.5,1.5,11,12,5,3.2,-14.8501674872723
2,0.5,1.5,11,12,5,3.3,-15.0491015366955
2,0.5,1.5,11,12,5,3.4,-15.232193298382
2,0.5,1.5,11,12,5,3.5,-15.4008332792381
2,0.5,1.5,11,12,5,3.6,-15.556932426788
2,0.5,1.5,11,12,5,3.7,-15.7038394444434
2,0.5,1.5,11,12,5,3.8,-15.840632983953
2,0.5,1.5,11,12,5,3.9,-15.9700297952407
2,0.5,1.5,11,12,5,4,-16.0928856780078
2,0.5,1.5,11,12,5,4.1,-16.2088709411952
2,0.5,1.5,11,12,5,4.2,-16.3193034384936
2,0.5,1.5,11,12,5,4.3,-16.4235900484488
2,0.5,1.5,11,12,5,4.4,-16.5221058031033
2,0.5,1.5,11,12,5,4.5,-16.6152586809271
2,0.5,1.5,11,12,5,4.6,-16.702910088022
2,0.5,1.5,11,12,5,4.7,-16.7853933376523
2,0.5,1.5,11,12,5,4.8,-16.8627663875472
2,0.5,1.5,11,12,5,4.9,-16.933970681848
2,0.5,1.5,11,12,5,5,-16.99912167967
2,0.5,1.5,11,12,5,5.1,-17.0580487023626
2,0.5,1.5,11,12,5,5.2,-17.1104174202217
2,0.5,1.5,11,12,5,5.3,-17.1560792779679
2,0.5,1.5,11,12,5,5.4,-17.1946328404765
2,0.5,1.5,11,12,5,5.5,-17.2258446006276
2,0.5,1.5,11,12,5,5.6,-17.2494360688497
2,0.5,1.5,11,12,5,5.7,-17.2650491295023
2,0.5,1.5,11,12,5,5.8,-17.2724839148424
2,0.5,1.5,11,12,5,5.9,-17.2713109752922
2,0.5,1.5,11,12,5,6,-17.2614517991237
2,0.5,1.5,11,12,5,6.1,-17.242503458811
2,0.5,1.5,11,12,5,6.2,-17.2138795195436
2,0.5,1.5,11,12,5,6.3,-17.1753795754218
2,0.5,1.5,11,12,5,6.4,-17.1266059538016
2,0.5,1.5,11,12,5,6.5,-17.0674760295334
2,0.5,1.5,11,12,5,6.6,-16.9979362765924
2,0.5,1.5,11,12,5,6.7,-16.9182220771228
2,0.5,1.5,11,12,5,6.8,-16.8284141063663
2,0.5,1.5,11,12,5,6.9,-16.7288255747238
2,0.5,1.5,11,12,5,7,-16.6199306114456
2,0.5,1.5,11,12,5,7.1,-16.5025331393955
2,0.5,1.5,11,12,5,7.2,-16.377613754836
2,0.5,1.5,11,12,5,7.3,-16.2457718119032
2,0.5,1.5,11,12,5,7.4,-16.1079362757861
2,0.5,1.5,11,12,5,7.5,-15.9648807152522
2,0.5,1.5,11,12,5,7.6,-15.8173566548549
2,0.5,1.5,11,12,5,7.7,-15.6664029302192
2,0.5,1.5,11,12,5,7.8,-15.5129101113726
2,0.5,1.5,11,12,5,7.9,-15.3573129831907
2,0.5,1.5,11,12,5,8,-15.200660697661
2,0.5,1.5,11,12,5,8.1,-15.0433828435477
2,0.5,1.5,11,12,5,8.2,-14.8862123664825
2,0.5,1.5,11,12,5,8.3,-14.7296691545079
2,0.5,1.5,11,12,5,8.4,-14.5743910720017
2,0.5,1.5,11,12,5,8.5,-14.420881691034
2,0.5,1.5,11,12,5,8.6,-14.2695656821398
2,0.5,1.5,11,12,5,8.7,-14.1207707766924
2,0.5,1.5,11,12,5,8.8,-13.9746633190592
2,0.5,1.5,11,12,5,8.9,-13.831814711345
2,0.5,1.5,11,12,5,9,-13.6925394979204
2,0.5,1.5,11,12,5,9.1,-13.5569549988482
2,0.5,1.5,11,12,5,9.2,-13.4253035038282
2,0.5,1.5,11,12,5,9.3,-13.2975128655224
2,0.5,1.5,11,12,5,9.4,-13.1736011780447
2,0.5,1.5,11,12,5,9.5,-13.0534377161944
2,0.5,1.5,11,12,5,9.6,-12.9369742913939
2,0.5,1.5,11,12,5,9.7,-12.8238570015382
2,0.5,1.5,11,12,5,9.8,-12.7137864879078
2,0.5,1.5,11,12,5,9.9,-12.6066295671785
2,0.5,1.5,11,12,5,10,-12.5019523017168
2,0.5,1.5,11,12,5,10.1,-12.3995071210969
2,0.5,1.5,11,12,5,10.2,-12.2989644258777
2,0.5,1.5,11,12,5,10.3,-12.2002050206383
2,0.5,1.5,11,12,5,10.4,-12.1031975276405
2,0.5,1.5,11,12,5,10.5,-12.0076008435368
2,0.5,1.5,11,12,5,10.6,-11.9134842820176
-2,0.5,1.5,9,8,15,0.6,-3.90663265337618
-2,0.5,1.5,9,8,15,0.7,-4.67234879201296
-2,0.5,1.5,9,8,15,0.8,-5.44152810888377
-2,0.5,1.5,9,8,15,0.9,-6.2354483636304
-2,0.5,1.5,9,8,15,1,-7.06774800310954
-2,0.5,1.5,9,8,15,1.1,-7.91977876881754
-2,0.5,1.5,9,8,15,1.2,-8.82888306224232
-2,0.5,1.5,9,8,15,1.3,-9.75697169376215
-2,0.5,1.5,9,8,15,1.4,-10.7457643189117
-2,0.5,1.5,9,8,15,1.5,-11.7573708109274
-2,0.5,1.5,9,8,15,1.6,-12.8148030885966
-2,0.5,1.5,9,8,15,1.7,-13.9166680477749
-2,0.5,1.5,9,8,15,1.8,-15.0728587318251
-2,0.5,1.5,9,8,15,1.9,-16.2958955807105
-2,0.5,1.5,9,8,15,2,-17.5357649870443
-2,0.5,1.5,9,8,15,2.1,-18.7829024457082
-2,0.5,1.5,9,8,15,2.2,-19.9344890362223
-2,0.5,1.5,9,8,15,2.3,-20.8885667656595
-2,0.5,1.5,9,8,15,2.4,-21.4838335913202
-2,0.5,1.5,9,8,15,2.5,-21.6389893990863
-2,0.5,1.5,9,8,15,2.6,-21.38444855423
-2,0.5,1.5,9,8,15,2.7,-20.8522451058774
-2,0.5,1.5,9,8,15,2.8,-20.1910378386171
-2,0.5,1.5,9,8,15,2.9,-19.4988026225424
-2,0.5,1.5,9,8,15,3,-18.8343903569381
-2,0.5,1.5,9,8,15,3.1,-18.2270000345765
-2,0.5,1.5,9,8,15,3.2,-17.6808352774282
-2,0.5,1.5,9,8,15,3.3,-17.2022925691958
-2,0.5,1.5,9,8,15,3.4,-16.7832897563081
-2,0.5,1.5,9,8,15,3.5,-16.4205116955242
-2,0.5,1.5,9,8,15,3.6,-16.1064769554458
-2,0.5,1.5,9,8,15,3.7,-15.8351515129328
-2,0.5,1.5,9,8,15,3.8,-15.6007223716888
-2,0.5,1.5,9,8,15,3.9,-15.3977735694339
-2,0.5,1.5,9,8,15,4,-15.221987329122
-2,0.5,1.5,9,8,15,4.1,-15.0694147396782
-2,0.5,1.5,9,8,15,4.2,-14.937016872917
-2,0.5,1.5,9,8,15,4.3,-14.8224618049604
-2,0.5,1.5,9,8,15,4.4,-14.7239996438179
-2,0.5,1.5,9,8,15,4.5,-14.6401928027569
-2,0.5,1.5,9,8,15,4.6,-14.5697429460242
-2,0.5,1.5,9,8,15,4.7,-14.5117125339088
-2,0.5,1.5,9,8,15,4.8,-14.4657652428595
-2,0.5,1.5,9,8,15,4.9,-14.4311982963148
-2,0.5,1.5,9,8,15,5,-14.4071954956057
-2,0.5,1.5,9,8,15,5.1,-14.393208097226
-2,0.5,1.5,9,8,15,5.2,-14.3885616962166
-2,0.5,1.5,9,8,15,5.3,-14.3924484121013
-2,0.5,1.5,9,8,15,5.4,-14.4041571220966
-2,0.5,1.5,9,8,15,5.5,-14.4232847137239
-2,0.5,1.5,9,8,15,5.6,-14.4488790747167
-2,0.5,1.5,9,8,15,5.7,-14.4799186721105
-2,0.5,1.5,9,8,15,5.8,-14.5156555734754
-2,0.5,1.5,9,8,15,5.9,-14.5553564485069
-2,0.5,1.5,9,8,15,6,-14.5979715888653
-2,0.5,1.5,9,8,15,6.1,-14.6422587502674
-2,0.5,1.5,9,8,15,6.2,-14.6870125013623
-2,0.5,1.5,9,8,15,6.3,-14.7309127475541
-2,0.5,1.5,9,8,15,6.4,-14.7727214802577
-2,0.5,1.5,9,8,15,6.5,-14.8112769189225
-2,0.5,1.5,9,8,15,6.6,-14.8452017525909
-2,0.5,1.5,9,8,15,6.7,-14.8736429430913
-2,0.5,1.5,9,8,15,6.8,-14.8956716135493
-2,0.5,1.5,9,8,15,6.9,-14.9101836140867
-2,0.5,1.5,9,8,15,7,-14.9168296992281
-2,0.5,1.5,9,8,15,7.1,-14.9152847604799
-2,0.5,1.5,9,8,15,7.2,-14.905426824618
-2,0.5,1.5,9,8,15,7.3,-14.8873889776928
-2,0.5,1.5,9,8,15,7.4,-14.8614224764747
-2,0.5,1.5,9,8,15,7.5,-14.8279399526398
-2,0.5,1.5,9,8,15,7.6,-14.7878205743426
-2,0.5,1.5,9,8,15,7.7,-14.7419307084679
-2,0.5,1.5,9,8,15,7.8,-14.6911447391088
-2,0.5,1.5,9,8,15,7.9,-14.6363167281634
-2,0.5,1.5,9,8,15,8,-14.5784052093647
-2,0.5,1.5,9,8,15,8.1,-14.518315886128
-2,0.5,1.5,9,8,15,8.2,-14.456855097792
-2,0.5,1.5,9,8,15,8.3,-14.3947526186304
-2,0.5,1.5,9,8,15,8.4,-14.3327005356149
-2,0.5,1.5,9,8,15,8.5,-14.27132210151
-2,0.5,1.5,9,8,15,8.6,-14.211049319945
-2,0.5,1.5,9,8,15,8.7,-14.1521327842301
-2,0.5,1.5,9,8,15,8.8,-14.0948370794175
-2,0.5,1.5,9,8,15,8.9,-14.0392561802732
-2,0.5,1.5,9,8,15,9,-13.9854156495011
-2,0.5,1.5,9,8,15,9.1,-13.9334060169393
-2,0.5,1.5,9,8,15,9.2,-13.8830480129923
-2,0.5,1.5,9,8,15,9.3,-13.8342694859779
-2,0.5,1.5,9,8,15,9.4,-13.7868330707675
-2,0.5,1.5,9,8,15,9.5,-13.7406769034612
-2,0.5,1.5,9,8,15,9.6,-13.6957103459111
-2,0.5,1.5,9,8,15,9.7,-13.6519416534932
-2,0.5,1.5,9,8,15,9.8,-13.6092953396374
-2,0.5,1.5,9,8,15,9.9,-13.5678167034334
-2,0.5,1.5,9,8,15,10,-13.5276780053872
-2,0.5,1.5,9,8,15,10.1,-13.4889227549068
-2,0.5,1.5,9,8,15,10.2,-13.4518008712565
-2,0.5,1.5,9,8,15,10.3,-13.4165857624572
-2,0.5,1.5,9,8,15,10.4,-13.3834500699916
-2,0.5,1.5,9,8,15,10.5,-13.3525995789333
-2,0.5,1.5,9,8,15,10.6,-13.3243648445295
2,0.5,1.5,9,8,15,0.6,-2.97947204880552
2,0.5,1.5,9,8,15,0.7,-3.63304601551867
2,0.5,1.5,9,8,15,0.8,-4.27736344277314
2,0.5,1.5,9,8,15,0.9,-4.90948629301351
2,0.5,1.5,9,8,15,1,-5.53976388914347
2,0.5,1.5,9,8,15,1.1,-6.15424228801908
2,0.5,1.5,9,8,15,1.2,-6.77187356362522
2,0.5,1.5,9,8,15,1.3,-7.37761783579299
2,0.5,1.5,9,8,15,1.4,-7.9852218210434
2,0.5,1.5,9,8,15,1.5,-8.58712613160557
2,0.5,1.5,9,8,15,1.6,-9.18191363938588
2,0.5,1.5,9,8,15,1.7,-9.78037351081929
2,0.5,1.5,9,8,15,1.8,-10.3779938567614
2,0.5,1.5,9,8,15,1.9,-10.9961380737757
2,0.5,1.5,9,8,15,2,-11.6196762465648
2,0.5,1.5,9,8,15,2.1,-12.2638523586907
2,0.5,1.5,9,8,15,2.2,-12.9290483623102
2,0.5,1.5,9,8,15,2.3,-13.6145185014009
2,0.5,1.5,9,8,15,2.4,-14.3349486171378
2,0.5,1.5,9,8,15,2.5,-15.0761213950017
2,0.5,1.5,9,8,15,2.6,-15.8494274841706
2,0.5,1.5,9,8,15,2.7,-16.6417974713078
2,0.5,1.5,9,8,15,2.8,-17.4501712129675
2,0.5,1.5,9,8,15,2.9,-18.2613627745872
2,0.5,1.5,9,8,15,3,-19.0513452702358
2,0.5,1.5,9,8,15,3.1,-19.7989550323182
2,0.5,1.5,9,8,15,3.2,-20.4694644550111
2,0.5,1.5,9,8,15,3.3,-21.0285151915308
2,0.5,1.5,9,8,15,3.4,-21.4517803583041
2,0.5,1.5,9,8,15,3.5,-21.7136919131331
2,0.5,1.5,9,8,15,3.6,-21.8216774323968
2,0.5,1.5,9,8,15,3.7,-21.7825198722893
2,0.5,1.5,9,8,15,3.8,-21.6236713752953
2,0.5,1.5,9,8,15,3.9,-21.3741178943291
2,0.5,1.5,9,8,15,4,-21.0590329581645
2,0.5,1.5,9,8,15,4.1,-20.7027811850114
2,0.5,1.5,9,8,15,4.2,-20.3214702746475
2,0.5,1.5,9,8,15,4.3,-19.9271683391394
2,0.5,1.5,9,8,15,4.4,-19.5298095415837
2,0.5,1.5,9,8,15,4.5,-19.1352336209756
2,0.5,1.5,9,8,15,4.6,-18.7482032693383
2,0.5,1.5,9,8,15,4.7,-18.370196926617
2,0.5,1.5,9,8,15,4.8,-18.002634852613
2,0.5,1.5,9,8,15,4.9,-17.6469180815817
2,0.5,1.5,9,8,15,5,-17.3041768039899
2,0.5,1.5,9,8,15,5.1,-16.9748534304906
2,0.5,1.5,9,8,15,5.2,-16.6598977476308
2,0.5,1.5,9,8,15,5.3,-16.3594414766809
2,0.5,1.5,9,8,15,5.4,-16.0736261266058
2,0.5,1.5,9,8,15,5.5,-15.803106751232
2,0.5,1.5,9,8,15,5.6,-15.5479087060393
2,0.5,1.5,9,8,15,5.7,-15.3080988223372
2,0.5,1.5,9,8,15,5.8,-15.0836482507443
2,0.5,1.5,9,8,15,5.9,-14.8744954378777
2,0.5,1.5,9,8,15,6,-14.6806918748943
2,0.5,1.5,9,8,15,6.1,-14.5022710779049
2,0.5,1.5,9,8,15,6.2,-14.3390195677445
2,0.5,1.5,9,8,15,6.3,-14.1906056616382
2,0.5,1.5,9,8,15,6.4,-14.0567940120421
2,0.5,1.5,9,8,15,6.5,-13.9373192967548
2,0.5,1.5,9,8,15,6.6,-13.8317004735032
2,0.5,1.5,9,8,15,6.7,-13.7394448951563
2,0.5,1.5,9,8,15,6.8,-13.6600385242484
2,0.5,1.5,9,8,15,6.9,-13.5929322124362
2,0.5,1.5,9,8,15,7,-13.5373891918149
2,0.5,1.5,9,8,15,7.1,-13.4927471026569
2,0.5,1.5,9,8,15,7.2,-13.4582225220521
2,0.5,1.5,9,8,15,7.3,-13.4330424518671
2,0.5,1.5,9,8,15,7.4,-13.4162640051031
2,0.5,1.5,9,8,15,7.5,-13.406939829051
2,0.5,1.5,9,8,15,7.6,-13.4042160473906
2,0.5,1.5,9,8,15,7.7,-13.4071203216279
2,0.5,1.5,9,8,15,7.8,-13.4145730290624
2,0.5,1.5,9,8,15,7.9,-13.4256906715855
2,0.5,1.5,9,8,15,8,-13.4395403449187
2,0.5,1.5,9,8,15,8.1,-13.4550182778672
2,0.5,1.5,9,8,15,8.2,-13.4712702920249
2,0.5,1.5,9,8,15,8.3,-13.487570583323
2,0.5,1.5,9,8,15,8.4,-13.5032051559189
2,0.5,1.5,9,8,15,8.5,-13.5177537472614
2,0.5,1.5,9,8,15,8.6,-13.5308493828373
2,0.5,1.5,9,8,15,8.7,-13.5423167445555
2,0.5,1.5,9,8,15,8.8,-13.5521776494634
2,0.5,1.5,9,8,15,8.9,-13.5606704495646
2,0.5,1.5,9,8,15,9,-13.5680844022743
2,0.5,1.5,9,8,15,9.1,-13.5749727612047
2,0.5,1.5,9,8,15,9.2,-13.5819507584934
2,0.5,1.5,9,8,15,9.3,-13.589588837181
2,0.5,1.5,9,8,15,9.4,-13.5984227585365
2,0.5,1.5,9,8,15,9.5,-13.6090946673147
2,0.5,1.5,9,8,15,9.6,-13.6223464698295
2,0.5,1.5,9,8,15,9.7,-13.6383848930406
2,0.5,1.5,9,8,15,9.8,-13.6576266540915
2,0.5,1.5,9,8,15,9.9,-13.6805409599595
2,0.5,1.5,9,8,15,10,-13.70723729839
2,0.5,1.5,9,8,15,10.1,-13.7378108878309
2,0.5,1.5,9,8,15,10.2,-13.772297431525
2,0.5,1.5,9,8,15,10.3,-13.8106129203125
2,0.5,1.5,9,8,15,10.4,-13.8523132073574
2,0.5,1.5,9,8,15,10.5,-13.8969803970968
2,0.5,1.5,9,8,15,10.6,-13.9441952882597
-2,0.5,1.5,9,12,15,0.6,-4.03065773794782
-2,0.5,1.5,9,12,15,0.7,-4.82897376951244
-2,0.5,1.5,9,12,15,0.8,-5.62631335809173
-2,0.5,1.5,9,12,15,0.9,-6.44423703740454
-2,0.5,1.5,9,12,15,1,-7.29305466442975
-2,0.5,1.5,9,12,15,1.1,-8.15479805990462
-2,0.5,1.5,9,12,15,1.2,-9.06408276343772
-2,0.5,1.5,9,12,15,1.3,-9.98177659752222
-2,0.5,1.5,9,12,15,1.4,-10.9484358620977
-2,0.5,1.5,9,12,15,1.5,-11.9229133481196
-2,0.5,1.5,9,12,15,1.6,-12.9291451798359
-2,0.5,1.5,9,12,15,1.7,-13.9598961746252
-2,0.5,1.5,9,12,15,1.8,-15.0246526037543
-2,0.5,1.5,9,12,15,1.9,-16.1292213859545
-2,0.5,1.5,9,12,15,2,-17.228114200373
-2,0.5,1.5,9,12,15,2.1,-18.3169498784974
-2,0.5,1.5,9,12,15,2.2,-19.3182750104777
-2,0.5,1.5,9,12,15,2.3,-20.1742982951443
-2,0.5,1.5,9,12,15,2.4,-20.7805633653533
-2,0.5,1.5,9,12,15,2.5,-21.0726336472219
-2,0.5,1.5,9,12,15,2.6,-21.0417784892927
-2,0.5,1.5,9,12,15,2.7,-20.7458473610634
-2,0.5,1.5,9,12,15,2.8,-20.2802923714971
-2,0.5,1.5,9,12,15,2.9,-19.727481414516
-2,0.5,1.5,9,12,15,3,-19.1497266752183
-2,0.5,1.5,9,12,15,3.1,-18.5860482005921
-2,0.5,1.5,9,12,15,3.2,-18.0519645066028
-2,0.5,1.5,9,12,15,3.3,-17.5638103678763
-2,0.5,1.5,9,12,15,3.4,-17.118503568457
-2,0.5,1.5,9,12,15,3.5,-16.7194257531528
-2,0.5,1.5,9,12,15,3.6,-16.3621894877273
-2,0.5,1.5,9,12,15,3.7,-16.0445228330168
-2,0.5,1.5,9,12,15,3.8,-15.7643826674286
-2,0.5,1.5,9,12,15,3.9,-15.5178519466202
-2,0.5,1.5,9,12,15,4,-15.302647227334
-2,0.5,1.5,9,12,15,4.1,-15.1170559939296
-2,0.5,1.5,9,12,15,4.2,-14.9579443846121
-2,0.5,1.5,9,12,15,4.3,-14.8230270879353
-2,0.5,1.5,9,12,15,4.4,-14.7107529300843
-2,0.5,1.5,9,12,15,4.5,-14.6190677673787
-2,0.5,1.5,9,12,15,4.6,-14.5462676789999
-2,0.5,1.5,9,12,15,4.7,-14.4904058115478
-2,0.5,1.5,9,12,15,4.8,-14.4500375178292
-2,0.5,1.5,9,12,15,4.9,-14.4236930572751
-2,0.5,1.5,9,12,15,5,-14.409976832216
-2,0.5,1.5,9,12,15,5.1,-14.4073221433293
-2,0.5,1.5,9,12,15,5.2,-14.414465929196
-2,0.5,1.5,9,12,15,5.3,-14.4302469419679
-2,0.5,1.5,9,12,15,5.4,-14.4538637790033
-2,0.5,1.5,9,12,15,5.5,-14.4837461244247
-2,0.5,1.5,9,12,15,5.6,-14.5190909348019
-2,0.5,1.5,9,12,15,5.7,-14.5587380391214
-2,0.5,1.5,9,12,15,5.8,-14.602080824008
-2,0.5,1.5,9,12,15,5.9,-14.6480001844812
-2,0.5,1.5,9,12,15,6,-14.6952449509729
-2,0.5,1.5,9,12,15,6.1,-14.7431341056256
-2,0.5,1.5,9,12,15,6.2,-14.7902260319155
-2,0.5,1.5,9,12,15,6.3,-14.8350683097911
-2,0.5,1.5,9,12,15,6.4,-14.8765414344165
-2,0.5,1.5,9,12,15,6.5,-14.9135357312443
-2,0.5,1.5,9,12,15,6.6,-14.9448774924121
-2,0.5,1.5,9,12,15,6.7,-14.9695580398078
-2,0.5,1.5,9,12,15,6.8,-14.9869374989228
-2,0.5,1.5,9,12,15,6.9,-14.9959651019189
-2,0.5,1.5,9,12,15,7,-14.9963033598857
-2,0.5,1.5,9,12,15,7.1,-14.9876959358568
-2,0.5,1.5,9,12,15,7.2,-14.9701858674252
-2,0.5,1.5,9,12,15,7.3,-14.9440335432777
-2,0.5,1.5,9,12,15,7.4,-14.9096085630585
-2,0.5,1.5,9,12,15,7.5,-14.8674013314075
-2,0.5,1.5,9,12,15,7.6,-14.8183313039341
-2,0.5,1.5,9,12,15,7.7,-14.7632729463225
-2,0.5,1.5,9,12,15,7.8,-14.7031066351864
-2,0.5,1.5,9,12,15,7.9,-14.6390074589853
-2,0.5,1.5,9,12,15,8,-14.5717812105325
-2,0.5,1.5,9,12,15,8.1,-14.5022958625138
-2,0.5,1.5,9,12,15,8.2,-14.4315726348537
-2,0.5,1.5,9,12,15,8.3,-14.3604224341289
-2,0.5,1.5,9,12,15,8.4,-14.289551539587
-2,0.5,1.5,9,12,15,8.5,-14.2194709883666
-2,0.5,1.5,9,12,15,8.6,-14.1507525387878
-2,0.5,1.5,9,12,15,8.7,-14.0838093797367
-2,0.5,1.5,9,12,15,8.8,-14.0189071626864
-2,0.5,1.5,9,12,15,8.9,-13.9562635647209
-2,0.5,1.5,9,12,15,9,-13.8961046296544
-2,0.5,1.5,9,12,15,9.1,-13.8384933528983
-2,0.5,1.5,9,12,15,9.2,-13.7834229192187
-2,0.5,1.5,9,12,15,9.3,-13.7310081297425
-2,0.5,1.5,9,12,15,9.4,-13.6811282556687
-2,0.5,1.5,9,12,15,9.5,-13.6337795663813
-2,0.5,1.5,9,12,15,9.6,-13.5889849904663
-2,0.5,1.5,9,12,15,9.7,-13.546705736907
-2,0.5,1.5,9,12,15,9.8,-13.5069641556447
-2,0.5,1.5,9,12,15,9.9,-13.4697339054977
-2,0.5,1.5,9,12,15,10,-13.4351018173357
-2,0.5,1.5,9,12,15,10.1,-13.4031201778252
-2,0.5,1.5,9,12,15,10.2,-13.3738379619525
-2,0.5,1.5,9,12,15,10.3,-13.3474246460424
-2,0.5,1.5,9,12,15,10.4,-13.3239384968347
-2,0.5,1.5,9,12,15,10.5,-13.3033941511109
-2,0.5,1.5,9,12,15,10.6,-13.2859662632614
2,0.5,1.5,9,12,15,0.6,-3.13741899415447
2,0.5,1.5,9,12,15,0.7,-3.83964172165215
2,0.5,1.5,9,12,15,0.8,-4.52840370773623
2,0.5,1.5,9,12,15,0.9,-5.19936435942599
2,0.5,1.5,9,12,15,1,-5.8609704322648
2,0.5,1.5,9,12,15,1.1,-6.49898330496117
2,0.5,1.5,9,12,15,1.2,-7.13203744928572
2,0.5,1.5,9,12,15,1.3,-7.74426792825266
2,0.5,1.5,9,12,15,1.4,-8.35033288189139
2,0.5,1.5,9,12,15,1.5,-8.94104337903396
2,0.5,1.5,9,12,15,1.6,-9.51655777446834
2,0.5,1.5,9,12,15,1.7,-10.0859344543434
2,0.5,1.5,9,12,15,1.8,-10.6454590432735
2,0.5,1.5,9,12,15,1.9,-11.2150486643892
2,0.5,1.5,9,12,15,2,-11.7794889517119
2,0.5,1.5,9,12,15,2.1,-12.353748342707
2,0.5,1.5,9,12,15,2.2,-12.9375269627657
2,0.5,1.5,9,12,15,2.3,-13.5308964335577
2,0.5,1.5,9,12,15,2.4,-14.1480801392592
2,0.5,1.5,9,12,15,2.5,-14.7778407027106
2,0.5,1.5,9,12,15,2.6,-15.4343847505866
2,0.5,1.5,9,12,15,2.7,-16.1099392747064
2,0.5,1.5,9,12,15,2.8,-16.8076039964247
2,0.5,1.5,9,12,15,2.9,-17.5250144369682
2,0.5,1.5,9,12,15,3,-18.2522547835336
2,0.5,1.5,9,12,15,3.1,-18.9842149576542
2,0.5,1.5,9,12,15,3.2,-19.7007198645261
2,0.5,1.5,9,12,15,3.3,-20.3792828361018
2,0.5,1.5,9,12,15,3.4,-20.9945794520092
2,0.5,1.5,9,12,15,3.5,-21.5059953647487
2,0.5,1.5,9,12,15,3.6,-21.8870227205591
2,0.5,1.5,9,12,15,3.7,-22.1043713072295
2,0.5,1.5,9,12,15,3.8,-22.1499760441644
2,0.5,1.5,9,12,15,3.9,-22.0329399541688
2,0.5,1.5,9,12,15,4,-21.7767306227412
2,0.5,1.5,9,12,15,4.1,-21.4166909885047
2,0.5,1.5,9,12,15,4.2,-20.989066717697
2,0.5,1.5,9,12,15,4.3,-20.5225000596936
2,0.5,1.5,9,12,15,4.4,-20.0394079454057
2,0.5,1.5,9,12,15,4.5,-19.5554303200878
2,0.5,1.5,9,12,15,4.6,-19.081835517648
2,0.5,1.5,9,12,15,4.7,-18.6246337602203
2,0.5,1.5,9,12,15,4.8,-18.1869099731265
2,0.5,1.5,9,12,15,4.9,-17.7708184428316
2,0.5,1.5,9,12,15,5,-17.3774793027934
2,0.5,1.5,9,12,15,5.1,-17.0070101690404
2,0.5,1.5,9,12,15,5.2,-16.6588972654187
2,0.5,1.5,9,12,15,5.3,-16.3324557757302
2,0.5,1.5,9,12,15,5.4,-16.0272465591484
2,0.5,1.5,9,12,15,5.5,-15.7424776468328
2,0.5,1.5,9,12,15,5.6,-15.477381594457
2,0.5,1.5,9,12,15,5.7,-15.2311351264261
2,0.5,1.5,9,12,15,5.8,-15.0031288614033
2,0.5,1.5,9,12,15,5.9,-14.7927053978769
2,0.5,1.5,9,12,15,6,-14.5994051960383
2,0.5,1.5,9,12,15,6.1,-14.4226747434664
2,0.5,1.5,9,12,15,6.2,-14.2618824135748
2,0.5,1.5,9,12,15,6.3,-14.1164826281212
2,0.5,1.5,9,12,15,6.4,-13.986004613714
2,0.5,1.5,9,12,15,6.5,-13.8700260415358
2,0.5,1.5,9,12,15,6.6,-13.7678835871978
2,0.5,1.5,9,12,15,6.7,-13.6790527662463
2,0.5,1.5,9,12,15,6.8,-13.6030449067623
2,0.5,1.5,9,12,15,6.9,-13.5392076172341
2,0.5,1.5,9,12,15,7,-13.4868696956111
2,0.5,1.5,9,12,15,7.1,-13.445392291993
2,0.5,1.5,9,12,15,7.2,-13.4141849228281
2,0.5,1.5,9,12,15,7.3,-13.3924853567167
2,0.5,1.5,9,12,15,7.4,-13.3796511508297
2,0.5,1.5,9,12,15,7.5,-13.3749472013238
2,0.5,1.5,9,12,15,7.6,-13.3776107774215
2,0.5,1.5,9,12,15,7.7,-13.3868590842397
2,0.5,1.5,9,12,15,7.8,-13.4019492486161
2,0.5,1.5,9,12,15,7.9,-13.4219781089902
2,0.5,1.5,9,12,15,8,-13.446334995044
2,0.5,1.5,9,12,15,8.1,-13.4740899818531
2,0.5,1.5,9,12,15,8.2,-13.5044200634255
2,0.5,1.5,9,12,15,8.3,-13.5366689138549
2,0.5,1.5,9,12,15,8.4,-13.5701257403079
2,0.5,1.5,9,12,15,8.5,-13.6042308205624
2,0.5,1.5,9,12,15,8.6,-13.6384355742209
2,0.5,1.5,9,12,15,8.7,-13.6723362691098
2,0.5,1.5,9,12,15,8.8,-13.7056478987174
2,0.5,1.5,9,12,15,8.9,-13.7382899663108
2,0.5,1.5,9,12,15,9,-13.7699863011988
2,0.5,1.5,9,12,15,9.1,-13.8008273786727
2,0.5,1.5,9,12,15,9.2,-13.8309321989958
2,0.5,1.5,9,12,15,9.3,-13.8605579175541
2,0.5,1.5,9,12,15,9.4,-13.8897914338963
2,0.5,1.5,9,12,15,9.5,-13.918855754365
2,0.5,1.5,9,12,15,9.6,-13.9478346496784
2,0.5,1.5,9,12,15,9.7,-13.9767781878187
2,0.5,1.5,9,12,15,9.8,-14.0058348348281
2,0.5,1.5,9,12,15,9.9,-14.0351479192978
2,0.5,1.5,9,12,15,10,-14.0645965882145
2,0.5,1.5,9,12,15,10.1,-14.0940525314556
2,0.5,1.5,9,12,15,10.2,-14.123430473311
2,0.5,1.5,9,12,15,10.3,-14.1525007546475
2,0.5,1.5,9,12,15,10.4,-14.1809094788267
2,0.5,1.5,9,12,15,10.5,-14.2083135745326
2,0.5,1.5,9,12,15,10.6,-14.234243603577
-2,0.5,1.5,11,8,15,0.6,-3.95081566257835
-2,0.5,1.5,11,8,15,0.7,-4.73534901826423
-2,0.5,1.5,11,8,15,0.8,-5.52153949105812
-2,0.5,1.5,11,8,15,0.9,-6.33080396088931
-2,0.5,1.5,11,8,15,1,-7.17460587417495
-2,0.5,1.5,11,8,15,1.1,-8.03410468093773
-2,0.5,1.5,11,8,15,1.2,-8.94567135771247
-2,0.5,1.5,11,8,15,1.3,-9.87002804794209
-2,0.5,1.5,11,8,15,1.4,-10.8488153993041
-2,0.5,1.5,11,8,15,1.5,-11.8422088048827
-2,0.5,1.5,11,8,15,1.6,-12.874497801709
-2,0.5,1.5,11,8,15,1.7,-13.941748408498
-2,0.5,1.5,11,8,15,1.8,-15.0546590780201
-2,0.5,1.5,11,8,15,1.9,-16.2246754866145
-2,0.5,1.5,11,8,15,2,-17.4069877689393
-2,0.5,1.5,11,8,15,2.1,-18.6000492682595
-2,0.5,1.5,11,8,15,2.2,-19.72018408487
-2,0.5,1.5,11,8,15,2.3,-20.6926707054032
-2,0.5,1.5,11,8,15,2.4,-21.3806354388629
-2,0.5,1.5,11,8,15,2.5,-21.6905135718209
-2,0.5,1.5,11,8,15,2.6,-21.6063791628932
-2,0.5,1.5,11,8,15,2.7,-21.2126108181341
-2,0.5,1.5,11,8,15,2.8,-20.6356957626132
-2,0.5,1.5,11,8,15,2.9,-19.9802391284631
-2,0.5,1.5,11,8,15,3,-19.317197595034
-2,0.5,1.5,11,8,15,3.1,-18.686850501624
-2,0.5,1.5,11,8,15,3.2,-18.1022426980584
-2,0.5,1.5,11,8,15,3.3,-17.5757141746185
-2,0.5,1.5,11,8,15,3.4,-17.1028740307821
-2,0.5,1.5,11,8,15,3.5,-16.6842649147222
-2,0.5,1.5,11,8,15,3.6,-16.3146695250062
-2,0.5,1.5,11,8,15,3.7,-15.9901699994672
-2,0.5,1.5,11,8,15,3.8,-15.7075118447309
-2,0.5,1.5,11,8,15,3.9,-15.4621512999388
-2,0.5,1.5,11,8,15,4,-15.2516362539028
-2,0.5,1.5,11,8,15,4.1,-15.0727878741956
-2,0.5,1.5,11,8,15,4.2,-14.922551703117
-2,0.5,1.5,11,8,15,4.3,-14.7981309023164
-2,0.5,1.5,11,8,15,4.4,-14.6973505840155
-2,0.5,1.5,11,8,15,4.5,-14.6180121684034
-2,0.5,1.5,11,8,15,4.6,-14.5579988917462
-2,0.5,1.5,11,8,15,4.7,-14.5153839452156
-2,0.5,1.5,11,8,15,4.8,-14.488320263894
-2,0.5,1.5,11,8,15,4.9,-14.4753800434685
-2,0.5,1.5,11,8,15,5,-14.4748670272329
-2,0.5,1.5,11,8,15,5.1,-14.4852744697968
-2,0.5,1.5,11,8,15,5.2,-14.5050778554233
-2,0.5,1.5,11,8,15,5.3,-14.5332746074069
-2,0.5,1.5,11,8,15,5.4,-14.5688549696956
-2,0.5,1.5,11,8,15,5.5,-14.6104497573802
-2,0.5,1.5,11,8,15,5.6,-14.6570842374573
-2,0.5,1.5,11,8,15,5.7,-14.7076302891355
-2,0.5,1.5,11,8,15,5.8,-14.761232428095
-2,0.5,1.5,11,8,15,5.9,-14.8167651161017
-2,0.5,1.5,11,8,15,6,-14.8729382940576
-2,0.5,1.5,11,8,15,6.1,-14.9286008596045
-2,0.5,1.5,11,8,15,6.2,-14.9826643333776
-2,0.5,1.5,11,8,15,6.3,-15.0336414270416
-2,0.5,1.5,11,8,15,6.4,-15.0800021131104
-2,0.5,1.5,11,8,15,6.5,-15.1204826585186
-2,0.5,1.5,11,8,15,6.6,-15.1542049680498
-2,0.5,1.5,11,8,15,6.7,-15.1798184474821
-2,0.5,1.5,11,8,15,6.8,-15.1963384113627
-2,0.5,1.5,11,8,15,6.9,-15.2031358389462
-2,0.5,1.5,11,8,15,7,-15.1997743074562
-2,0.5,1.5,11,8,15,7.1,-15.1861641641006
-2,0.5,1.5,11,8,15,7.2,-15.1624137016427
-2,0.5,1.5,11,8,15,7.3,-15.1289364008505
-2,0.5,1.5,11,8,15,7.4,-15.0864261250751
-2,0.5,1.5,11,8,15,7.5,-15.0357370245838
-2,0.5,1.5,11,8,15,7.6,-14.9778437191683
-2,0.5,1.5,11,8,15,7.7,-14.9140043517337
-2,0.5,1.5,11,8,15,7.8,-14.8454391171286
-2,0.5,1.5,11,8,15,7.9,-14.7734852394638
-2,0.5,1.5,11,8,15,8,-14.6993450660882
-2,0.5,1.5,11,8,15,8.1,-14.6240684592913
-2,0.5,1.5,11,8,15,8.2,-14.5488323780794
-2,0.5,1.5,11,8,15,8.3,-14.4746626759354
-2,0.5,1.5,11,8,15,8.4,-14.4023700450008
-2,0.5,1.5,11,8,15,8.5,-14.3325867696551
-2,0.5,1.5,11,8,15,8.6,-14.2658112547379
-2,0.5,1.5,11,8,15,8.7,-14.2025152287828
-2,0.5,1.5,11,8,15,8.8,-14.1429755503855
-2,0.5,1.5,11,8,15,8.9,-14.087254992937
-2,0.5,1.5,11,8,15,9,-14.0352652066809
-2,0.5,1.5,11,8,15,9.1,-13.9869087245799
-2,0.5,1.5,11,8,15,9.2,-13.9420940408494
-2,0.5,1.5,11,8,15,9.3,-13.900409300648
-2,0.5,1.5,11,8,15,9.4,-13.8616247576337
-2,0.5,1.5,11,8,15,9.5,-13.8254196403662
-2,0.5,1.5,11,8,15,9.6,-13.7915017323935
-2,0.5,1.5,11,8,15,9.7,-13.7594610281726
-2,0.5,1.5,11,8,15,9.8,-13.7290470860018
-2,0.5,1.5,11,8,15,9.9,-13.6999868026517
-2,0.5,1.5,11,8,15,10,-13.672095653241
-2,0.5,1.5,11,8,15,10.1,-13.6452462631063
-2,0.5,1.5,11,8,15,10.2,-13.6193943884831
-2,0.5,1.5,11,8,15,10.3,-13.5945453509883
-2,0.5,1.5,11,8,15,10.4,-13.5706833400028
-2,0.5,1.5,11,8,15,10.5,-13.5480339671323
-2,0.5,1.5,11,8,15,10.6,-13.5267376290046
2,0.5,1.5,11,8,15,0.6,-3.07092057211341
2,0.5,1.5,11,8,15,0.7,-3.75830386949391
2,0.5,1.5,11,8,15,0.8,-4.43395673516252
2,0.5,1.5,11,8,15,0.9,-5.09393987676531
2,0.5,1.5,11,8,15,1,-5.74708624588242
2,0.5,1.5,11,8,15,1.1,-6.37849172867374
2,0.5,1.5,11,8,15,1.2,-7.00741306238364
2,0.5,1.5,11,8,15,1.3,-7.61757529162402
2,0.5,1.5,11,8,15,1.4,-8.22377083590789
2,0.5,1.5,11,8,15,1.5,-8.81707528705311
2,0.5,1.5,11,8,15,1.6,-9.39718386355992
2,0.5,1.5,11,8,15,1.7,-9.97409027388642
2,0.5,1.5,11,8,15,1.8,-10.5439195041542
2,0.5,1.5,11,8,15,1.9,-11.1276210419888
2,0.5,1.5,11,8,15,2,-11.7099890228617
2,0.5,1.5,11,8,15,2.1,-12.3067242488851
2,0.5,1.5,11,8,15,2.2,-12.9180272301429
2,0.5,1.5,11,8,15,2.3,-13.5450469090921
2,0.5,1.5,11,8,15,2.4,-14.2024637217885
2,0.5,1.5,11,8,15,2.5,-14.879487144167
2,0.5,1.5,11,8,15,2.6,-15.5912725091294
2,0.5,1.5,11,8,15,2.7,-16.330030547067
2,0.5,1.5,11,8,15,2.8,-17.0999576914574
2,0.5,1.5,11,8,15,2.9,-17.8966432636255
2,0.5,1.5,11,8,15,3,-18.707788506536
2,0.5,1.5,11,8,15,3.1,-19.5242975630839
2,0.5,1.5,11,8,15,3.2,-20.3209742159333
2,0.5,1.5,11,8,15,3.3,-21.0624117972357
2,0.5,1.5,11,8,15,3.4,-21.7111619721606
2,0.5,1.5,11,8,15,3.5,-22.2116521599659
2,0.5,1.5,11,8,15,3.6,-22.5276263598572
2,0.5,1.5,11,8,15,3.7,-22.6290225418122
2,0.5,1.5,11,8,15,3.8,-22.5240279208394
2,0.5,1.5,11,8,15,3.9,-22.2440057568736
2,0.5,1.5,11,8,15,4,-21.835400766656
2,0.5,1.5,11,8,15,4.1,-21.345896821781
2,0.5,1.5,11,8,15,4.2,-20.8148317081963
2,0.5,1.5,11,8,15,4.3,-20.2704946069853
2,0.5,1.5,11,8,15,4.4,-19.7322065759685
2,0.5,1.5,11,8,15,4.5,-19.2115945169599
2,0.5,1.5,11,8,15,4.6,-18.7152552817159
2,0.5,1.5,11,8,15,4.7,-18.2454056752803
2,0.5,1.5,11,8,15,4.8,-17.8029047265782
2,0.5,1.5,11,8,15,4.9,-17.3883225736561
2,0.5,1.5,11,8,15,5,-17.0009035773171
2,0.5,1.5,11,8,15,5.1,-16.639836315512
2,0.5,1.5,11,8,15,5.2,-16.3036042897217
2,0.5,1.5,11,8,15,5.3,-15.9908009144534
2,0.5,1.5,11,8,15,5.4,-15.7005144737331
2,0.5,1.5,11,8,15,5.5,-15.4315214851217
2,0.5,1.5,11,8,15,5.6,-15.1830127812589
2,0.5,1.5,11,8,15,5.7,-14.9540524325913
2,0.5,1.5,11,8,15,5.8,-14.7436029562546
2,0.5,1.5,11,8,15,5.9,-14.5509037163874
2,0.5,1.5,11,8,15,6,-14.3755567925148
2,0.5,1.5,11,8,15,6.1,-14.2168655594925
2,0.5,1.5,11,8,15,6.2,-14.0743768741298
2,0.5,1.5,11,8,15,6.3,-13.9475236075323
2,0.5,1.5,11,8,15,6.4,-13.8357400462197
2,0.5,1.5,11,8,15,6.5,-13.7385615007739
2,0.5,1.5,11,8,15,6.6,-13.6554737812717
2,0.5,1.5,11,8,15,6.7,-13.5859121342514
2,0.5,1.5,11,8,15,6.8,-13.5294005047174
2,0.5,1.5,11,8,15,6.9,-13.4853002733198
2,0.5,1.5,11,8,15,7,-13.4529155995147
2,0.5,1.5,11,8,15,7.1,-13.4315284235328
2,0.5,1.5,11,8,15,7.2,-13.4204764612275
2,0.5,1.5,11,8,15,7.3,-13.4190161880738
2,0.5,1.5,11,8,15,7.4,-13.4263848151838
2,0.5,1.5,11,8,15,7.5,-13.4415679151779
2,0.5,1.5,11,8,15,7.6,-13.4635409156657
2,0.5,1.5,11,8,15,7.7,-13.4914280946652
2,0.5,1.5,11,8,15,7.8,-13.5242098842026
2,0.5,1.5,11,8,15,7.9,-13.5606021552803
2,0.5,1.5,11,8,15,8,-13.5993547803785
2,0.5,1.5,11,8,15,8.1,-13.6394847284108
2,0.5,1.5,11,8,15,8.2,-13.6796385275807
2,0.5,1.5,11,8,15,8.3,-13.7186715787288
2,0.5,1.5,11,8,15,8.4,-13.7554407100602
2,0.5,1.5,11,8,15,8.5,-13.7890609380464
2,0.5,1.5,11,8,15,8.6,-13.8185960706935
2,0.5,1.5,11,8,15,8.7,-13.8434873414591
2,0.5,1.5,11,8,15,8.8,-13.8633752615763
2,0.5,1.5,11,8,15,8.9,-13.8784482330154
2,0.5,1.5,11,8,15,9,-13.8887400933806
2,0.5,1.5,11,8,15,9.1,-13.8946647576873
2,0.5,1.5,11,8,15,9.2,-13.8967651304824
2,0.5,1.5,11,8,15,9.3,-13.895789383637
2,0.5,1.5,11,8,15,9.4,-13.8926528170549
2,0.5,1.5,11,8,15,9.5,-13.8882798714472
2,0.5,1.5,11,8,15,9.6,-13.8835835400751
2,0.5,1.5,11,8,15,9.7,-13.87936684706
2,0.5,1.5,11,8,15,9.8,-13.8765085328972
2,0.5,1.5,11,8,15,9.9,-13.875708656664
2,0.5,1.5,11,8,15,10,-13.8776229169163
2,0.5,1.5,11,8,15,10.1,-13.8827372082607
2,0.5,1.5,11,8,15,10.2,-13.8914230066472
2,0.5,1.5,11,8,15,10.3,-13.9039640745471
2,0.5,1.5,11,8,15,10.4,-13.9203360760607
2,0.5,1.5,11,8,15,10.5,-13.9403874742817
2,0.5,1.5,11,8,15,10.6,-13.9638025076788
-2,0.5,1.5,11,12,15,0.6,-3.83435648050813
-2,0.5,1.5,11,12,15,0.7,-4.56265348363013
-2,0.5,1.5,11,12,15,0.8,-5.29453143420579
-2,0.5,1.5,11,12,15,0.9,-6.05041394200179
-2,0.5,1.5,11,12,15,1,-6.84480678238073
-2,0.5,1.5,11,12,15,1.1,-7.66052445380896
-2,0.5,1.5,11,12,15,1.2,-8.53220877062878
-2,0.5,1.5,11,12,15,1.3,-9.42393927684252
-2,0.5,1.5,11,12,15,1.4,-10.3738934405768
-2,0.5,1.5,11,12,15,1.5,-11.345765851586
-2,0.5,1.5,11,12,15,1.6,-12.3607342612064
-2,0.5,1.5,11,12,15,1.7,-13.4160724841445
-2,0.5,1.5,11,12,15,1.8,-14.521584791199
-2,0.5,1.5,11,12,15,1.9,-15.689271276477
-2,0.5,1.5,11,12,15,2,-16.8764388805339
-2,0.5,1.5,11,12,15,2.1,-18.0810734228663
-2,0.5,1.5,11,12,15,2.2,-19.2213334220804
-2,0.5,1.5,11,12,15,2.3,-20.2181475944341
-2,0.5,1.5,11,12,15,2.4,-20.9334284978506
-2,0.5,1.5,11,12,15,2.5,-21.2638441578042
-2,0.5,1.5,11,12,15,2.6,-21.1908251641586
-2,0.5,1.5,11,12,15,2.7,-20.8007563900028
-2,0.5,1.5,11,12,15,2.8,-20.2283296618156
-2,0.5,1.5,11,12,15,2.9,-19.5812769942001
-2,0.5,1.5,11,12,15,3,-18.9323152948022
-2,0.5,1.5,11,12,15,3.1,-18.3209308783559
-2,0.5,1.5,11,12,15,3.2,-17.7598332260635
-2,0.5,1.5,11,12,15,3.3,-17.2599567825575
-2,0.5,1.5,11,12,15,3.4,-16.8144040089926
-2,0.5,1.5,11,12,15,3.5,-16.4225186544121
-2,0.5,1.5,11,12,15,3.6,-16.0770591502122
-2,0.5,1.5,11,12,15,3.7,-15.7729038089721
-2,0.5,1.5,11,12,15,3.8,-15.5052625416078
-2,0.5,1.5,11,12,15,3.9,-15.2685073202982
-2,0.5,1.5,11,12,15,4,-15.0591945246854
-2,0.5,1.5,11,12,15,4.1,-14.8749451552034
-2,0.5,1.5,11,12,15,4.2,-14.7125423599043
-2,0.5,1.5,11,12,15,4.3,-14.5699833862646
-2,0.5,1.5,11,12,15,4.4,-14.4456108414742
-2,0.5,1.5,11,12,15,4.5,-14.3386849264336
-2,0.5,1.5,11,12,15,4.6,-14.2484915246583
-2,0.5,1.5,11,12,15,4.7,-14.1740157742912
-2,0.5,1.5,11,12,15,4.8,-14.114806823448
-2,0.5,1.5,11,12,15,4.9,-14.0697894289773
-2,0.5,1.5,11,12,15,5,-14.0382428220478
-2,0.5,1.5,11,12,15,5.1,-14.0192729286056
-2,0.5,1.5,11,12,15,5.2,-14.0122162116016
-2,0.5,1.5,11,12,15,5.3,-14.0162301272788
-2,0.5,1.5,11,12,15,5.4,-14.0303825895172
-2,0.5,1.5,11,12,15,5.5,-14.053789481406
-2,0.5,1.5,11,12,15,5.6,-14.0858877762786
-2,0.5,1.5,11,12,15,5.7,-14.1256537892041
-2,0.5,1.5,11,12,15,5.8,-14.1720004030224
-2,0.5,1.5,11,12,15,5.9,-14.2241606884622
-2,0.5,1.5,11,12,15,6,-14.2809635690739
-2,0.5,1.5,11,12,15,6.1,-14.3412067379372
-2,0.5,1.5,11,12,15,6.2,-14.4035527967957
-2,0.5,1.5,11,12,15,6.3,-14.4666494726308
-2,0.5,1.5,11,12,15,6.4,-14.5290400928036
-2,0.5,1.5,11,12,15,6.5,-14.5893065620509
-2,0.5,1.5,11,12,15,6.6,-14.645961858668
-2,0.5,1.5,11,12,15,6.7,-14.6976508458522
-2,0.5,1.5,11,12,15,6.8,-14.7427110344217
-2,0.5,1.5,11,12,15,6.9,-14.7802449033223
-2,0.5,1.5,11,12,15,7,-14.8092863471749
-2,0.5,1.5,11,12,15,7.1,-14.8289986509252
-2,0.5,1.5,11,12,15,7.2,-14.8387136548855
-2,0.5,1.5,11,12,15,7.3,-14.8380217228606
-2,0.5,1.5,11,12,15,7.4,-14.8270676496075
-2,0.5,1.5,11,12,15,7.5,-14.8060634513436
-2,0.5,1.5,11,12,15,7.6,-14.7753077889149
-2,0.5,1.5,11,12,15,7.7,-14.7355345764615
-2,0.5,1.5,11,12,15,7.8,-14.6876497527644
-2,0.5,1.5,11,12,15,7.9,-14.6326460947387
-2,0.5,1.5,11,12,15,8,-14.5715645337452
-2,0.5,1.5,11,12,15,8.1,-14.505658855362
-2,0.5,1.5,11,12,15,8.2,-14.4358794067367
-2,0.5,1.5,11,12,15,8.3,-14.3634603330058
-2,0.5,1.5,11,12,15,8.4,-14.289263177874
-2,0.5,1.5,11,12,15,8.5,-14.2143023908691
-2,0.5,1.5,11,12,15,8.6,-14.1394869660192
-2,0.5,1.5,11,12,15,8.7,-14.0655523521148
-2,0.5,1.5,11,12,15,8.8,-13.9931625700756
-2,0.5,1.5,11,12,15,8.9,-13.9227719170273
-2,0.5,1.5,11,12,15,9,-13.8548063069191
-2,0.5,1.5,11,12,15,9.1,-13.789713112985
-2,0.5,1.5,11,12,15,9.2,-13.7275880495277
-2,0.5,1.5,11,12,15,9.3,-13.6686495623474
-2,0.5,1.5,11,12,15,9.4,-13.612903675808
-2,0.5,1.5,11,12,15,9.5,-13.5604428343973
-2,0.5,1.5,11,12,15,9.6,-13.5113166485911
-2,0.5,1.5,11,12,15,9.7,-13.4654608438393
-2,0.5,1.5,11,12,15,9.8,-13.4228078560509
-2,0.5,1.5,11,12,15,9.9,-13.3833856290623
-2,0.5,1.5,11,12,15,10,-13.3472245944539
-2,0.5,1.5,11,12,15,10.1,-13.3142570634415
-2,0.5,1.5,11,12,15,10.2,-13.2844682785861
-2,0.5,1.5,11,12,15,10.3,-13.2578593093269
-2,0.5,1.5,11,12,15,10.4,-13.2344237648639
-2,0.5,1.5,11,12,15,10.5,-13.2141190331316
-2,0.5,1.5,11,12,15,10.6,-13.1969433341906
2,0.5,1.5,11,12,15,0.6,-3.04206854962207
2,0.5,1.5,11,12,15,0.7,-3.70263048976842
2,0.5,1.5,11,12,15,0.8,-4.35043032097623
2,0.5,1.5,11,12,15,0.9,-4.98187955650829
2,0.5,1.5,11,12,15,1,-5.60714762090596
2,0.5,1.5,11,12,15,1.1,-6.21328806130645
2,0.5,1.5,11,12,15,1.2,-6.81803783422569
2,0.5,1.5,11,12,15,1.3,-7.40762780225391
2,0.5,1.5,11,12,15,1.4,-7.99454185448566
2,0.5,1.5,11,12,15,1.5,-8.57204850022304
2,0.5,1.5,11,12,15,1.6,-9.13817681861341
2,0.5,1.5,11,12,15,1.7,-9.70325240678676
2,0.5,1.5,11,12,15,1.8,-10.2622946654796
2,0.5,1.5,11,12,15,1.9,-10.8355331293794
2,0.5,1.5,11,12,15,2,-11.4083358049613
2,0.5,1.5,11,12,15,2.1,-11.994826010792
2,0.5,1.5,11,12,15,2.2,-12.5955054913064
2,0.5,1.5,11,12,15,2.3,-13.2092423863884
2,0.5,1.5,11,12,15,2.4,-13.8504118978059
2,0.5,1.5,11,12,15,2.5,-14.5061401461204
2,0.5,1.5,11,12,15,2.6,-15.1887075232992
2,0.5,1.5,11,12,15,2.7,-15.888113247269
2,0.5,1.5,11,12,15,2.8,-16.6047617845688
2,0.5,1.5,11,12,15,2.9,-17.3313136592181
2,0.5,1.5,11,12,15,3,-18.0534030008454
2,0.5,1.5,11,12,15,3.1,-18.7613496930402
2,0.5,1.5,11,12,15,3.2,-19.4346701585402
2,0.5,1.5,11,12,15,3.3,-20.0487408050212
2,0.5,1.5,11,12,15,3.4,-20.586459962096
2,0.5,1.5,11,12,15,3.5,-21.0187208623701
2,0.5,1.5,11,12,15,3.6,-21.3364104207524
2,0.5,1.5,11,12,15,3.7,-21.5238292931624
2,0.5,1.5,11,12,15,3.8,-21.5833368037894
2,0.5,1.5,11,12,15,3.9,-21.5248754788226
2,0.5,1.5,11,12,15,4,-21.3613847907401
2,0.5,1.5,11,12,15,4.1,-21.1145685698004
2,0.5,1.5,11,12,15,4.2,-20.803888166214
2,0.5,1.5,11,12,15,4.3,-20.4464682255529
2,0.5,1.5,11,12,15,4.4,-20.0581330793615
2,0.5,1.5,11,12,15,4.5,-19.6507538471544
2,0.5,1.5,11,12,15,4.6,-19.2345378616233
2,0.5,1.5,11,12,15,4.7,-18.8161188591948
2,0.5,1.5,11,12,15,4.8,-18.4007315485271
2,0.5,1.5,11,12,15,4.9,-17.9924535391744
2,0.5,1.5,11,12,15,5,-17.5949831476237
2,0.5,1.5,11,12,15,5.1,-17.2104055472522
2,0.5,1.5,11,12,15,5.2,-16.8407851643933
2,0.5,1.5,11,12,15,5.3,-16.4871744655978
2,0.5,1.5,11,12,15,5.4,-16.150382207785
2,0.5,1.5,11,12,15,5.5,-15.8310001948399
2,0.5,1.5,11,12,15,5.6,-15.5294733834204
2,0.5,1.5,11,12,15,5.7,-15.2459371188317
2,0.5,1.5,11,12,15,5.8,-14.9801164984836
2,0.5,1.5,11,12,15,5.9,-14.732264506782
2,0.5,1.5,11,12,15,6,-14.5022027873594
2,0.5,1.5,11,12,15,6.1,-14.2895876445932
2,0.5,1.5,11,12,15,6.2,-14.0941701070304
2,0.5,1.5,11,12,15,6.3,-13.9155091914597
2,0.5,1.5,11,12,15,6.4,-13.7533127652972
2,0.5,1.5,11,12,15,6.5,-13.6071887620914
2,0.5,1.5,11,12,15,6.6,-13.4766152816406
2,0.5,1.5,11,12,15,6.7,-13.3610003305723
2,0.5,1.5,11,12,15,6.8,-13.2598712500711
2,0.5,1.5,11,12,15,6.9,-13.1727644690244
2,0.5,1.5,11,12,15,7,-13.0990499410997
2,0.5,1.5,11,12,15,7.1,-13.0381077292821
2,0.5,1.5,11,12,15,7.2,-12.9892959946891
2,0.5,1.5,11,12,15,7.3,-12.9520118200542
2,0.5,1.5,11,12,15,7.4,-12.9255454894382
2,0.5,1.5,11,12,15,7.5,-12.9092671431525
2,0.5,1.5,11,12,15,7.6,-12.9023754436339
2,0.5,1.5,11,12,15,7.7,-12.9040281609716
2,0.5,1.5,11,12,15,7.8,-12.9135733286965
2,0.5,1.5,11,12,15,7.9,-12.9301158883842
2,0.5,1.5,11,12,15,8,-12.9527391296411
2,0.5,1.5,11,12,15,8.1,-12.9806775837314
2,0.5,1.5,11,12,15,8.2,-13.0131062980439
2,0.5,1.5,11,12,15,8.3,-13.0491708808496
2,0.5,1.5,11,12,15,8.4,-13.0878387647185
2,0.5,1.5,11,12,15,8.5,-13.1282679787402
2,0.5,1.5,11,12,15,8.6,-13.1698474566668
2,0.5,1.5,11,12,15,8.7,-13.2118180616222
2,0.5,1.5,11,12,15,8.8,-13.2535500954032
2,0.5,1.5,11,12,15,8.9,-13.2946729221221
2,0.5,1.5,11,12,15,9,-13.3348543442783
2,0.5,1.5,11,12,15,9.1,-13.3738698092247
2,0.5,1.5,11,12,15,9.2,-13.4116407778257
2,0.5,1.5,11,12,15,9.3,-13.4481283873327
2,0.5,1.5,11,12,15,9.4,-13.4832959547
2,0.5,1.5,11,12,15,9.5,-13.5172482702979
2,0.5,1.5,11,12,15,9.6,-13.550061883352
2,0.5,1.5,11,12,15,9.7,-13.5818346228696
2,0.5,1.5,11,12,15,9.8,-13.6126656471795
2,0.5,1.5,11,12,15,9.9,-13.6426873810615
2,0.5,1.5,11,12,15,10,-13.671836750968
2,0.5,1.5,11,12,15,10.1,-13.7002091799294
2,0.5,1.5,11,12,15,10.2,-13.7277783137265
2,0.5,1.5,11,12,15,10.3,-13.7544833461667
2,0.5,1.5,11,12,15,10.4,-13.7802372406901
2,0.5,1.5,11,12,15,10.5,-13.8049405539972
2,0.5,1.5,11,12,15,10.6,-13.8284420737
-2,0.5,2.5,9,8,5,0.6,-2.54969427932479
-2,0.5,2.5,9,8,5,0.7,-3.16695968658511
-2,0.5,2.5,9,8,5,0.8,-3.76451813407065
-2,0.5,2.5,9,8,5,0.9,-4.32787528589709
-2,0.5,2.5,9,8,5,1,-4.85455686548965
-2,0.5,2.5,9,8,5,1.1,-5.33629081160498
-2,0.5,2.5,9,8,5,1.2,-5.77703922523005
-2,0.5,2.5,9,8,5,1.3,-6.17349662208105
-2,0.5,2.5,9,8,5,1.4,-6.52950296984899
-2,0.5,2.5,9,8,5,1.5,-6.84558653075267
-2,0.5,2.5,9,8,5,1.6,-7.12289410259613
-2,0.5,2.5,9,8,5,1.7,-7.36684923493221
-2,0.5,2.5,9,8,5,1.8,-7.57869936526935
-2,0.5,2.5,9,8,5,1.9,-7.76555982124931
-2,0.5,2.5,9,8,5,2,-7.92694819791741
-2,0.5,2.5,9,8,5,2.1,-8.06794237573633
-2,0.5,2.5,9,8,5,2.2,-8.19157267347275
-2,0.5,2.5,9,8,5,2.3,-8.29953957331634
-2,0.5,2.5,9,8,5,2.4,-8.39756420302818
-2,0.5,2.5,9,8,5,2.5,-8.4854193770249
-2,0.5,2.5,9,8,5,2.6,-8.5675027715674
-2,0.5,2.5,9,8,5,2.7,-8.64460255554746
-2,0.5,2.5,9,8,5,2.8,-8.71871861485363
-2,0.5,2.5,9,8,5,2.9,-8.79124504805026
-2,0.5,2.5,9,8,5,3,-8.86301169966795
-2,0.5,2.5,9,8,5,3.1,-8.93472153352855
-2,0.5,2.5,9,8,5,3.2,-9.00785694773198
-2,0.5,2.5,9,8,5,3.3,-9.08084552844605
-2,0.5,2.5,9,8,5,3.4,-9.15642638641448
-2,0.5,2.5,9,8,5,3.5,-9.23336954199211
-2,0.5,2.5,9,8,5,3.6,-9.31267398111325
-2,0.5,2.5,9,8,5,3.7,-9.39480038873966
-2,0.5,2.5,9,8,5,3.8,-9.47891705866311
-2,0.5,2.5,9,8,5,3.9,-9.56617198046992
-2,0.5,2.5,9,8,5,4,-9.65668498985062
-2,0.5,2.5,9,8,5,4.1,-9.75027375898061
-2,0.5,2.5,9,8,5,4.2,-9.84748700970443
-2,0.5,2.5,9,8,5,4.3,-9.94786936582574
-2,0.5,2.5,9,8,5,4.4,-10.0520781599147
-2,0.5,2.5,9,8,5,4.5,-10.1597059428961
-2,0.5,2.5,9,8,5,4.6,-10.2714897706717
-2,0.5,2.5,9,8,5,4.7,-10.3876261968466
-2,0.5,2.5,9,8,5,4.8,-10.5076552925227
-2,0.5,2.5,9,8,5,4.9,-10.631654856447
-2,0.5,2.5,9,8,5,5,-10.7595390827991
-2,0.5,2.5,9,8,5,5.1,-10.891167492913
-2,0.5,2.5,9,8,5,5.2,-11.026531244528
-2,0.5,2.5,9,8,5,5.3,-11.1654018941461
-2,0.5,2.5,9,8,5,5.4,-11.3071226516359
-2,0.5,2.5,9,8,5,5.5,-11.4518490418255
-2,0.5,2.5,9,8,5,5.6,-11.599537595382
-2,0.5,2.5,9,8,5,5.7,-11.7502447281037
-2,0.5,2.5,9,8,5,5.8,-11.9045222107604
-2,0.5,2.5,9,8,5,5.9,-12.0621867720399
-2,0.5,2.5,9,8,5,6,-12.2231888883485
-2,0.5,2.5,9,8,5,6.1,-12.3876687411145
-2,0.5,2.5,9,8,5,6.2,-12.5560625539804
-2,0.5,2.5,9,8,5,6.3,-12.7284040832138
-2,0.5,2.5,9,8,5,6.4,-12.9043950968563
-2,0.5,2.5,9,8,5,6.5,-13.0840945965031
-2,0.5,2.5,9,8,5,6.6,-13.2680007328336
-2,0.5,2.5,9,8,5,6.7,-13.4555698095629
-2,0.5,2.5,9,8,5,6.8,-13.6461170861687
-2,0.5,2.5,9,8,5,6.9,-13.8395895603513
-2,0.5,2.5,9,8,5,7,-14.0359723290445
-2,0.5,2.5,9,8,5,7.1,-14.2344934139001
-2,0.5,2.5,9,8,5,7.2,-14.4345673919347
-2,0.5,2.5,9,8,5,7.3,-14.6362297339512
-2,0.5,2.5,9,8,5,7.4,-14.8389841520132
-2,0.5,2.5,9,8,5,7.5,-15.0425717089844
-2,0.5,2.5,9,8,5,7.6,-15.2465516592961
-2,0.5,2.5,9,8,5,7.7,-15.4507184721219
-2,0.5,2.5,9,8,5,7.8,-15.6550310658962
-2,0.5,2.5,9,8,5,7.9,-15.8597273539524
-2,0.5,2.5,9,8,5,8,-16.0651005040755
-2,0.5,2.5,9,8,5,8.1,-16.27059318384
-2,0.5,2.5,9,8,5,8.2,-16.4765810801806
-2,0.5,2.5,9,8,5,8.3,-16.6831791811811
-2,0.5,2.5,9,8,5,8.4,-16.8901344487829
-2,0.5,2.5,9,8,5,8.5,-17.0970443321574
-2,0.5,2.5,9,8,5,8.6,-17.3041173675482
-2,0.5,2.5,9,8,5,8.7,-17.5110629983576
-2,0.5,2.5,9,8,5,8.8,-17.7175544243893
-2,0.5,2.5,9,8,5,8.9,-17.9233636772616
-2,0.5,2.5,9,8,5,9,-18.1277112737126
-2,0.5,2.5,9,8,5,9.1,-18.3304662052735
-2,0.5,2.5,9,8,5,9.2,-18.5312173472017
-2,0.5,2.5,9,8,5,9.3,-18.7300389079887
-2,0.5,2.5,9,8,5,9.4,-18.9259248071923
-2,0.5,2.5,9,8,5,9.5,-19.1182996372647
-2,0.5,2.5,9,8,5,9.6,-19.3073047660535
-2,0.5,2.5,9,8,5,9.7,-19.492222040961
-2,0.5,2.5,9,8,5,9.8,-19.6725683518887
-2,0.5,2.5,9,8,5,9.9,-19.8482408856595
-2,0.5,2.5,9,8,5,10,-20.0189209526612
-2,0.5,2.5,9,8,5,10.1,-20.1841321547809
-2,0.5,2.5,9,8,5,10.2,-20.3435951191802
-2,0.5,2.5,9,8,5,10.3,-20.4961547331887
-2,0.5,2.5,9,8,5,10.4,-20.6413042116906
-2,0.5,2.5,9,8,5,10.5,-20.7779363664134
-2,0.5,2.5,9,8,5,10.6,-20.904690392056
2,0.5,2.5,9,8,5,0.6,-1.13512313640506
2,0.5,2.5,9,8,5,0.7,-1.52352743127
2,0.5,2.5,9,8,5,0.8,-1.9570693190255
2,0.5,2.5,9,8,5,0.9,-2.42398679846947
2,0.5,2.5,9,8,5,1,-2.91694655036557
2,0.5,2.5,9,8,5,1.1,-3.42515274348195
2,0.5,2.5,9,8,5,1.2,-3.94116475775378
2,0.5,2.5,9,8,5,1.3,-4.45807316052128
2,0.5,2.5,9,8,5,1.4,-4.969331319954
2,0.5,2.5,9,8,5,1.5,-5.47161213587908
2,0.5,2.5,9,8,5,1.6,-5.95954782062844
2,0.5,2.5,9,8,5,1.7,-6.43223379166204
2,0.5,2.5,9,8,5,1.8,-6.88658996256442
2,0.5,2.5,9,8,5,1.9,-7.32232111687042
2,0.5,2.5,9,8,5,2,-7.73712424670929
2,0.5,2.5,9,8,5,2.1,-8.1295629599759
2,0.5,2.5,9,8,5,2.2,-8.49861534939059
2,0.5,2.5,9,8,5,2.3,-8.84211090103119
2,0.5,2.5,9,8,5,2.4,-9.15956573566005
2,0.5,2.5,9,8,5,2.5,-9.44954064326148
2,0.5,2.5,9,8,5,2.6,-9.71148860610836
2,0.5,2.5,9,8,5,2.7,-9.94571275791146
2,0.5,2.5,9,8,5,2.8,-10.1524242621945
2,0.5,2.5,9,8,5,2.9,-10.33382790724
2,0.5,2.5,9,8,5,3,-10.492188188437
2,0.5,2.5,9,8,5,3.1,-10.6300068125436
2,0.5,2.5,9,8,5,3.2,-10.7515272004867
2,0.5,2.5,9,8,5,3.3,-10.8583005871283
2,0.5,2.5,9,8,5,3.4,-10.9550583833969
2,0.5,2.5,9,8,5,3.5,-11.0431581770968
2,0.5,2.5,9,8,5,3.6,-11.1252884163138
2,0.5,2.5,9,8,5,3.7,-11.2037411722234
2,0.5,2.5,9,8,5,3.8,-11.2793384343455
2,0.5,2.5,9,8,5,3.9,-11.3542835727157
2,0.5,2.5,9,8,5,4,-11.4293422144623
2,0.5,2.5,9,8,5,4.1,-11.5046196905185
2,0.5,2.5,9,8,5,4.2,-11.5812223546478
2,0.5,2.5,9,8,5,4.3,-11.6590958719518
2,0.5,2.5,9,8,5,4.4,-11.7382872608504
2,0.5,2.5,9,8,5,4.5,-11.8191205318863
2,0.5,2.5,9,8,5,4.6,-11.9009805710698
2,0.5,2.5,9,8,5,4.7,-11.983963947459
2,0.5,2.5,9,8,5,4.8,-12.0678166817679
2,0.5,2.5,9,8,5,4.9,-12.151418033895
2,0.5,2.5,9,8,5,5,-12.2344884573537
2,0.5,2.5,9,8,5,5.1,-12.3165870244849
2,0.5,2.5,9,8,5,5.2,-12.397213028101
2,0.5,2.5,9,8,5,5.3,-12.4758767916956
2,0.5,2.5,9,8,5,5.4,-12.5517824568786
2,0.5,2.5,9,8,5,5.5,-12.6243767480463
2,0.5,2.5,9,8,5,5.6,-12.6932831976452
2,0.5,2.5,9,8,5,5.7,-12.7579870179605
2,0.5,2.5,9,8,5,5.8,-12.8179750117319
2,0.5,2.5,9,8,5,5.9,-12.8725914677069
2,0.5,2.5,9,8,5,6,-12.9215146320708
2,0.5,2.5,9,8,5,6.1,-12.9643682078945
2,0.5,2.5,9,8,5,6.2,-13.0005624743541
2,0.5,2.5,9,8,5,6.3,-13.0295994950594
2,0.5,2.5,9,8,5,6.4,-13.0511832785638
2,0.5,2.5,9,8,5,6.5,-13.0653772954409
2,0.5,2.5,9,8,5,6.6,-13.0720170386169
2,0.5,2.5,9,8,5,6.7,-13.0707599994134
2,0.5,2.5,9,8,5,6.8,-13.0617190914806
2,0.5,2.5,9,8,5,6.9,-13.0453117502158
2,0.5,2.5,9,8,5,7,-13.0217687875652
2,0.5,2.5,9,8,5,7.1,-12.9916047043929
2,0.5,2.5,9,8,5,7.2,-12.9552691483433
2,0.5,2.5,9,8,5,7.3,-12.9132052609185
2,0.5,2.5,9,8,5,7.4,-12.8659541082869
2,0.5,2.5,9,8,5,7.5,-12.8142764217752
2,0.5,2.5,9,8,5,7.6,-12.758753440763
2,0.5,2.5,9,8,5,7.7,-12.6999981776191
2,0.5,2.5,9,8,5,7.8,-12.6384292173154
2,0.5,2.5,9,8,5,7.9,-12.5746209426607
2,0.5,2.5,9,8,5,8,-12.5091992497044
2,0.5,2.5,9,8,5,8.1,-12.4427036276387
2,0.5,2.5,9,8,5,8.2,-12.375572038027
2,0.5,2.5,9,8,5,8.3,-12.3084258724527
2,0.5,2.5,9,8,5,8.4,-12.241727468882
2,0.5,2.5,9,8,5,8.5,-12.1758442630137
2,0.5,2.5,9,8,5,8.6,-12.1111292961178
2,0.5,2.5,9,8,5,8.7,-12.0480153943486
2,0.5,2.5,9,8,5,8.8,-11.9869453378764
2,0.5,2.5,9,8,5,8.9,-11.928069521542
2,0.5,2.5,9,8,5,9,-11.8717081970598
2,0.5,2.5,9,8,5,9.1,-11.817989482704
2,0.5,2.5,9,8,5,9.2,-11.7670820373596
2,0.5,2.5,9,8,5,9.3,-11.7189095935339
2,0.5,2.5,9,8,5,9.4,-11.6734697268296
2,0.5,2.5,9,8,5,9.5,-11.6306836074434
2,0.5,2.5,9,8,5,9.6,-11.5905217613485
2,0.5,2.5,9,8,5,9.7,-11.5527388064382
2,0.5,2.5,9,8,5,9.8,-11.5169095406556
2,0.5,2.5,9,8,5,9.9,-11.4828043614066
2,0.5,2.5,9,8,5,10,-11.4503300537573
2,0.5,2.5,9,8,5,10.1,-11.4191356629047
2,0.5,2.5,9,8,5,10.2,-11.3888892035502
2,0.5,2.5,9,8,5,10.3,-11.3595840205496
2,0.5,2.5,9,8,5,10.4,-11.3312668154881
2,0.5,2.5,9,8,5,10.5,-11.303895500025
2,0.5,2.5,9,8,5,10.6,-11.2776072272189
-2,0.5,2.5,9,12,5,0.6,-2.48737880244321
-2,0.5,2.5,9,12,5,0.7,-3.0785346311925
-2,0.5,2.5,9,12,5,0.8,-3.64798207224486
-2,0.5,2.5,9,12,5,0.9,-4.1828426800013
-2,0.5,2.5,9,12,5,1,-4.68308526783049
-2,0.5,2.5,9,12,5,1.1,-5.14233488305941
-2,0.5,2.5,9,12,5,1.2,-5.5661424387232
-2,0.5,2.5,9,12,5,1.3,-5.95287890878075
-2,0.5,2.5,9,12,5,1.4,-6.3068049568351
-2,0.5,2.5,9,12,5,1.5,-6.62924714995914
-2,0.5,2.5,9,12,5,1.6,-6.9204669664414
-2,0.5,2.5,9,12,5,1.7,-7.18594513179378
-2,0.5,2.5,9,12,5,1.8,-7.42587735606963
-2,0.5,2.5,9,12,5,1.9,-7.64715041236896
-2,0.5,2.5,9,12,5,2,-7.84759573566675
-2,0.5,2.5,9,12,5,2.1,-8.0312757214145
-2,0.5,2.5,9,12,5,2.2,-8.19976628561749
-2,0.5,2.5,9,12,5,2.3,-8.35364011187269
-2,0.5,2.5,9,12,5,2.4,-8.49756179485242
-2,0.5,2.5,9,12,5,2.5,-8.63000935509668
-2,0.5,2.5,9,12,5,2.6,-8.75482721854832
-2,0.5,2.5,9,12,5,2.7,-8.87193780226568
-2,0.5,2.5,9,12,5,2.8,-8.98294663982849
-2,0.5,2.5,9,12,5,2.9,-9.08904756619823
-2,0.5,2.5,9,12,5,3,-9.19044718812206
-2,0.5,2.5,9,12,5,3.1,-9.28799345779321
-2,0.5,2.5,9,12,5,3.2,-9.38324607018081
-2,0.5,2.5,9,12,5,3.3,-9.47535480922176
-2,0.5,2.5,9,12,5,3.4,-9.56677281343335
-2,0.5,2.5,9,12,5,3.5,-9.65642646480893
-2,0.5,2.5,9,12,5,3.6,-9.74587807797248
-2,0.5,2.5,9,12,5,3.7,-9.83571359814389
-2,0.5,2.5,9,12,5,3.8,-9.92573130018235
-2,0.5,2.5,9,12,5,3.9,-10.0167786224107
-2,0.5,2.5,9,12,5,4,-10.1091621564835
-2,0.5,2.5,9,12,5,4.1,-10.2034361283752
-2,0.5,2.5,9,12,5,4.2,-10.3004150240742
-2,0.5,2.5,9,12,5,4.3,-10.3995741567124
-2,0.5,2.5,9,12,5,4.4,-10.501366176545
-2,0.5,2.5,9,12,5,4.5,-10.606317395027
-2,0.5,2.5,9,12,5,4.6,-10.7147721153398
-2,0.5,2.5,9,12,5,4.7,-10.826634184448
-2,0.5,2.5,9,12,5,4.8,-10.9421482751077
-2,0.5,2.5,9,12,5,4.9,-11.0611670646573
-2,0.5,2.5,9,12,5,5,-11.18346213034
-2,0.5,2.5,9,12,5,5.1,-11.3093708503675
-2,0.5,2.5,9,12,5,5.2,-11.4385651599805
-2,0.5,2.5,9,12,5,5.3,-11.5704253523497
-2,0.5,2.5,9,12,5,5.4,-11.7051903511663
-2,0.5,2.5,9,12,5,5.5,-11.8426527484229
-2,0.5,2.5,9,12,5,5.6,-11.9828411880786
-2,0.5,2.5,9,12,5,5.7,-12.1264932229704
-2,0.5,2.5,9,12,5,5.8,-12.273127023299
-2,0.5,2.5,9,12,5,5.9,-12.422516171196
-2,0.5,2.5,9,12,5,6,-12.5756341235135
-2,0.5,2.5,9,12,5,6.1,-12.7324346310514
-2,0.5,2.5,9,12,5,6.2,-12.8930177302438
-2,0.5,2.5,9,12,5,6.3,-13.0575298616161
-2,0.5,2.5,9,12,5,6.4,-13.2259413247863
-2,0.5,2.5,9,12,5,6.5,-13.3980738237479
-2,0.5,2.5,9,12,5,6.6,-13.5741517564436
-2,0.5,2.5,9,12,5,6.7,-13.7538461427371
-2,0.5,2.5,9,12,5,6.8,-13.9370941605126
-2,0.5,2.5,9,12,5,6.9,-14.1230725500266
-2,0.5,2.5,9,12,5,7,-14.3117600475856
-2,0.5,2.5,9,12,5,7.1,-14.5027017543893
-2,0.5,2.5,9,12,5,7.2,-14.6953143309884
-2,0.5,2.5,9,12,5,7.3,-14.8897943507732
-2,0.5,2.5,9,12,5,7.4,-15.0852746462988
-2,0.5,2.5,9,12,5,7.5,-15.281759485245
-2,0.5,2.5,9,12,5,7.6,-15.4793640511971
-2,0.5,2.5,9,12,5,7.7,-15.6776532173971
-2,0.5,2.5,9,12,5,7.8,-15.876673544928
-2,0.5,2.5,9,12,5,7.9,-16.0766645486943
-2,0.5,2.5,9,12,5,8,-16.2781468663424
-2,0.5,2.5,9,12,5,8.1,-16.4808435048022
-2,0.5,2.5,9,12,5,8.2,-16.6850145544161
-2,0.5,2.5,9,12,5,8.3,-16.8908104066149
-2,0.5,2.5,9,12,5,8.4,-17.0981114152965
-2,0.5,2.5,9,12,5,8.5,-17.3066659334935
-2,0.5,2.5,9,12,5,8.6,-17.516513548234
-2,0.5,2.5,9,12,5,8.7,-17.7273494680768
-2,0.5,2.5,9,12,5,8.8,-17.9389774265904
-2,0.5,2.5,9,12,5,8.9,-18.150985938538
-2,0.5,2.5,9,12,5,9,-18.362768670787
-2,0.5,2.5,9,12,5,9.1,-18.5744778252235
-2,0.5,2.5,9,12,5,9.2,-18.7854358208719
-2,0.5,2.5,9,12,5,9.3,-18.9949711091593
-2,0.5,2.5,9,12,5,9.4,-19.2025610939695
-2,0.5,2.5,9,12,5,9.5,-19.407755930207
-2,0.5,2.5,9,12,5,9.6,-19.6097771531393
-2,0.5,2.5,9,12,5,9.7,-19.8082847144417
-2,0.5,2.5,9,12,5,9.8,-20.0028198529622
-2,0.5,2.5,9,12,5,9.9,-20.1924135183311
-2,0.5,2.5,9,12,5,10,-20.3761237226019
-2,0.5,2.5,9,12,5,10.1,-20.553062345093
-2,0.5,2.5,9,12,5,10.2,-20.7221162303839
-2,0.5,2.5,9,12,5,10.3,-20.8822138958599
-2,0.5,2.5,9,12,5,10.4,-21.0316632358138
-2,0.5,2.5,9,12,5,10.5,-21.1693165203081
-2,0.5,2.5,9,12,5,10.6,-21.292902880477
2,0.5,2.5,9,12,5,0.6,nan
2,0.5,2.5,9,12,5,0.7,nan
2,0.5,2.5,9,12,5,0.8,nan
2,0.5,2.5,9,12,5,0.9,nan
2,0.5,2.5,9,12,5,1,nan
2,0.5,2.5,9,12,5,1.1,nan
2,0.5,2.5,9,12,5,1.2,nan
2,0.5,2.5,9,12,5,1.3,nan
2,0.5,2.5,9,12,5,1.4,nan
2,0.5,2.5,9,12,5,1.5,nan
2,0.5,2.5,9,12,5,1.6,nan
2,0.5,2.5,9,12,5,1.7,nan
2,0.5,2.5,9,12,5,1.8,nan
2,0.5,2.5,9,12,5,1.9,nan
2,0.5,2.5,9,12,5,2,nan
2,0.5,2.5,9,12,5,2.1,nan
2,0.5,2.5,9,12,5,2.2,nan
2,0.5,2.5,9,12,5,2.3,nan
2,0.5,2.5,9,12,5,2.4,nan
2,0.5,2.5,9,12,5,2.5,nan
2,0.5,2.5,9,12,5,2.6,nan
2,0.5,2.5,9,12,5,2.7,nan
2,0.5,2.5,9,12,5,2.8,nan
2,0.5,2.5,9,12,5,2.9,nan
2,0.5,2.5,9,12,5,3,nan
2,0.5,2.5,9,12,5,3.1,nan
2,0.5,2.5,9,12,5,3.2,nan
2,0.5,2.5,9,12,5,3.3,nan
2,0.5,2.5,9,12,5,3.4,nan
2,0.5,2.5,9,12,5,3.5,nan
2,0.5,2.5,9,12,5,3.6,nan
2,0.5,2.5,9,12,5,3.7,nan
2,0.5,2.5,9,12,5,3.8,nan
2,0.5,2.5,9,12,5,3.9,nan
2,0.5,2.5,9,12,5,4,nan
2,0.5,2.5,9,12,5,4.1,nan
2,0.5,2.5,9,12,5,4.2,nan
2,0.5,2.5,9,12,5,4.3,nan
2,0.5,2.5,9,12,5,4.4,nan
2,0.5,2.5,9,12,5,4.5,nan
2,0.5,2.5,9,12,5,4.6,nan
2,0.5,2.5,9,12,5,4.7,nan
2,0.5,2.5,9,12,5,4.8,nan
2,0.5,2.5,9,12,5,4.9,nan
2,0.5,2.5,9,12,5,5,nan
2,0.5,2.5,9,12,5,5.1,-12.810499547081
2,0.5,2.5,9,12,5,5.2,-12.8787935096339
2,0.5,2.5,9,12,5,5.3,-12.9437470799388
2,0.5,2.5,9,12,5,5.4,-13.0050341523434
2,0.5,2.5,9,12,5,5.5,-13.0620952395806
2,0.5,2.5,9,12,5,5.6,-13.1145133988747
2,0.5,2.5,9,12,5,5.7,-13.1617344463193
2,0.5,2.5,9,12,5,5.8,-13.2034157854209
2,0.5,2.5,9,12,5,5.9,-13.239205400273
2,0.5,2.5,9,12,5,6,-13.2686955071229
2,0.5,2.5,9,12,5,6.1,-13.2915724310318
2,0.5,2.5,9,12,5,6.2,-13.307391040807
2,0.5,2.5,9,12,5,6.3,-13.3158444301565
2,0.5,2.5,9,12,5,6.4,-13.3167547704448
2,0.5,2.5,9,12,5,6.5,-13.310177651545
2,0.5,2.5,9,12,5,6.6,-13.2960073272721
2,0.5,2.5,9,12,5,6.7,-13.2742857643025
2,0.5,2.5,9,12,5,6.8,-13.2452574507942
2,0.5,2.5,9,12,5,6.9,-13.2093789588526
2,0.5,2.5,9,12,5,7,-13.1669694001665
2,0.5,2.5,9,12,5,7.1,-13.1188036887697
2,0.5,2.5,9,12,5,7.2,-13.0654695941095
2,0.5,2.5,9,12,5,7.3,-13.0075930247781
2,0.5,2.5,9,12,5,7.4,-12.9458600021183
2,0.5,2.5,9,12,5,7.5,-12.8808996293458
2,0.5,2.5,9,12,5,7.6,-12.8133036447788
2,0.5,2.5,9,12,5,7.7,-12.7437082593024
2,0.5,2.5,9,12,5,7.8,-12.6728319874058
2,0.5,2.5,9,12,5,7.9,-12.6011671536569
2,0.5,2.5,9,12,5,8,-12.5292415598023
2,0.5,2.5,9,12,5,8.1,-12.4575159450995
2,0.5,2.5,9,12,5,8.2,-12.3864399052812
2,0.5,2.5,9,12,5,8.3,-12.3164477128759
2,0.5,2.5,9,12,5,8.4,-12.2481257579026
2,0.5,2.5,9,12,5,8.5,-12.1818764517413
2,0.5,2.5,9,12,5,8.6,-12.1179352509173
2,0.5,2.5,9,12,5,8.7,-12.0565765900638
2,0.5,2.5,9,12,5,8.8,-11.9980747297576
2,0.5,2.5,9,12,5,8.9,-11.9427306377531
2,0.5,2.5,9,12,5,9,-11.890753040116
2,0.5,2.5,9,12,5,9.1,-11.8423315728009
2,0.5,2.5,9,12,5,9.2,-11.7975157708913
2,0.5,2.5,9,12,5,9.3,-11.7563791174075
2,0.5,2.5,9,12,5,9.4,-11.7189188080025
2,0.5,2.5,9,12,5,9.5,-11.6849310912205
2,0.5,2.5,9,12,5,9.6,-11.6541172219521
2,0.5,2.5,9,12,5,9.7,-11.6264140043803
2,0.5,2.5,9,12,5,9.8,-11.6014452713283
2,0.5,2.5,9,12,5,9.9,-11.5787543327028
2,0.5,2.5,9,12,5,10,-11.5581706686621
2,0.5,2.5,9,12,5,10.1,-11.5393182359344
2,0.5,2.5,9,12,5,10.2,-11.5219154362491
2,0.5,2.5,9,12,5,10.3,-11.5057878163299
2,0.5,2.5,9,12,5,10.4,-11.4907716767297
2,0.5,2.5,9,12,5,10.5,-11.4768338263377
2,0.5,2.5,9,12,5,10.6,-11.4639956970113
-2,0.5,2.5,11,8,5,0.6,-2.47439047831891
-2,0.5,2.5,11,8,5,0.7,-3.06562339637461
-2,0.5,2.5,11,8,5,0.8,-3.63642521978365
-2,0.5,2.5,11,8,5,0.9,-4.17401735952427
-2,0.5,2.5,11,8,5,1,-4.6779138351628
-2,0.5,2.5,11,8,5,1.1,-5.14091640710389
-2,0.5,2.5,11,8,5,1.2,-5.56871456233282
-2,0.5,2.5,11,8,5,1.3,-5.95854052337236
-2,0.5,2.5,11,8,5,1.4,-6.31506406100765
-2,0.5,2.5,11,8,5,1.5,-6.63878931650292
-2,0.5,2.5,11,8,5,1.6,-6.930258092025
-2,0.5,2.5,11,8,5,1.7,-7.19481855348601
-2,0.5,2.5,11,8,5,1.8,-7.43279720532181
-2,0.5,2.5,11,8,5,1.9,-7.65125252022198
-2,0.5,2.5,11,8,5,2,-7.84786339436861
-2,0.5,2.5,11,8,5,2.1,-8.02707322197437
-2,0.5,2.5,11,8,5,2.2,-8.19057487581031
-2,0.5,2.5,11,8,5,2.3,-8.33904137154765
-2,0.5,2.5,11,8,5,2.4,-8.47733974399222
-2,0.5,2.5,11,8,5,2.5,-8.60399081815214
-2,0.5,2.5,11,8,5,2.6,-8.72312302459151
-2,0.5,2.5,11,8,5,2.7,-8.83491902991818
-2,0.5,2.5,11,8,5,2.8,-8.94073050370478
-2,0.5,2.5,11,8,5,2.9,-9.04199815001022
-2,0.5,2.5,11,8,5,3,-9.1389999322496
-2,0.5,2.5,11,8,5,3.1,-9.23276847602109
-2,0.5,2.5,11,8,5,3.2,-9.3245377786491
-2,0.5,2.5,11,8,5,3.3,-9.4137049666683
-2,0.5,2.5,11,8,5,3.4,-9.50273855588255
-2,0.5,2.5,11,8,5,3.5,-9.59061296288553
-2,0.5,2.5,11,8,5,3.6,-9.67879952778448
-2,0.5,2.5,11,8,5,3.7,-9.76780369169713
-2,0.5,2.5,11,8,5,3.8,-9.85720346940889
-2,0.5,2.5,11,8,5,3.9,-9.94813286338856
-2,0.5,2.5,11,8,5,4,-10.0409653049449
-2,0.5,2.5,11,8,5,4.1,-10.1357495654248
-2,0.5,2.5,11,8,5,4.2,-10.2333599094757
-2,0.5,2.5,11,8,5,4.3,-10.3334562060522
-2,0.5,2.5,11,8,5,4.4,-10.436489276526
-2,0.5,2.5,11,8,5,4.5,-10.5426843055505
-2,0.5,2.5,11,8,5,4.6,-10.6521055059624
-2,0.5,2.5,11,8,5,4.7,-10.7655030516714
-2,0.5,2.5,11,8,5,4.8,-10.8829108803121
-2,0.5,2.5,11,8,5,4.9,-11.0038143025339
-2,0.5,2.5,11,8,5,5,-11.1284368788139
-2,0.5,2.5,11,8,5,5.1,-11.2564619506955
-2,0.5,2.5,11,8,5,5.2,-11.3877545791785
-2,0.5,2.5,11,8,5,5.3,-11.522282486361
-2,0.5,2.5,11,8,5,5.4,-11.6598341747801
-2,0.5,2.5,11,8,5,5.5,-11.8004223557947
-2,0.5,2.5,11,8,5,5.6,-11.9436238794709
-2,0.5,2.5,11,8,5,5.7,-12.0897964700118
-2,0.5,2.5,11,8,5,5.8,-12.2389120794079
-2,0.5,2.5,11,8,5,5.9,-12.3913641693042
-2,0.5,2.5,11,8,5,6,-12.5469661852317
-2,0.5,2.5,11,8,5,6.1,-12.7063175749886
-2,0.5,2.5,11,8,5,6.2,-12.8696566953663
-2,0.5,2.5,11,8,5,6.3,-13.0367704389754
-2,0.5,2.5,11,8,5,6.4,-13.2077425821698
-2,0.5,2.5,11,8,5,6.5,-13.3824279513923
-2,0.5,2.5,11,8,5,6.6,-13.5608739062678
-2,0.5,2.5,11,8,5,6.7,-13.7425617073933
-2,0.5,2.5,11,8,5,6.8,-13.9272358321165
-2,0.5,2.5,11,8,5,6.9,-14.1148649893
-2,0.5,2.5,11,8,5,7,-14.305020448294
-2,0.5,2.5,11,8,5,7.1,-14.4973547635733
-2,0.5,2.5,11,8,5,7.2,-14.691456760503
-2,0.5,2.5,11,8,5,7.3,-14.8871801159358
-2,0.5,2.5,11,8,5,7.4,-15.0840335296668
-2,0.5,2.5,11,8,5,7.5,-15.281534960541
-2,0.5,2.5,11,8,5,7.6,-15.4800999593509
-2,0.5,2.5,11,8,5,7.7,-15.6793463545123
-2,0.5,2.5,11,8,5,7.8,-15.8790346517171
-2,0.5,2.5,11,8,5,7.9,-16.0795476378993
-2,0.5,2.5,11,8,5,8,-16.2810080519023
-2,0.5,2.5,11,8,5,8.1,-16.4835769854001
-2,0.5,2.5,11,8,5,8.2,-16.6873617462161
-2,0.5,2.5,11,8,5,8.3,-16.8923426805807
-2,0.5,2.5,11,8,5,8.4,-17.098291499829
-2,0.5,2.5,11,8,5,8.5,-17.3053451835504
-2,0.5,2.5,11,8,5,8.6,-17.5132624237946
-2,0.5,2.5,11,8,5,8.7,-17.7219334822846
-2,0.5,2.5,11,8,5,8.8,-17.9310991930182
-2,0.5,2.5,11,8,5,8.9,-18.1406562600858
-2,0.5,2.5,11,8,5,9,-18.350115670185
-2,0.5,2.5,11,8,5,9.1,-18.5585154585377
-2,0.5,2.5,11,8,5,9.2,-18.7656269946134
-2,0.5,2.5,11,8,5,9.3,-18.9713111711144
-2,0.5,2.5,11,8,5,9.4,-19.1748567785246
-2,0.5,2.5,11,8,5,9.5,-19.3759111520211
-2,0.5,2.5,11,8,5,9.6,-19.5738587562926
-2,0.5,2.5,11,8,5,9.7,-19.7681291512929
-2,0.5,2.5,11,8,5,9.8,-19.9579241554487
-2,0.5,2.5,11,8,5,9.9,-20.142552621473
-2,0.5,2.5,11,8,5,10,-20.3213390073181
-2,0.5,2.5,11,8,5,10.1,-20.4933814633735
-2,0.5,2.5,11,8,5,10.2,-20.6576098209724
-2,0.5,2.5,11,8,5,10.3,-20.8130688575648
-2,0.5,2.5,11,8,5,10.4,-20.9587593394031
-2,0.5,2.5,11,8,5,10.5,-21.0928098978037
-2,0.5,2.5,11,8,5,10.6,-21.2140128811742
-2,0.5,2.5,11,12,5,0.6,-2.56643139345194
-2,0.5,2.5,11,12,5,0.7,-3.17884280435382
-2,0.5,2.5,11,12,5,0.8,-3.76930095593714
-2,0.5,2.5,11,12,5,0.9,-4.32354369722261
-2,0.5,2.5,11,12,5,1,-4.84048591800912
-2,0.5,2.5,11,12,5,1.1,-5.31305937743851
-2,0.5,2.5,11,12,5,1.2,-5.74534834307971
-2,0.5,2.5,11,12,5,1.3,-6.13546710957309
-2,0.5,2.5,11,12,5,1.4,-6.48670127689772
-2,0.5,2.5,11,12,5,1.5,-6.80049898646867
-2,0.5,2.5,11,12,5,1.6,-7.0771585358292
-2,0.5,2.5,11,12,5,1.7,-7.32224584482139
-2,0.5,2.5,11,12,5,1.8,-7.53656881121526
-2,0.5,2.5,11,12,5,1.9,-7.72713841162873
-2,0.5,2.5,11,12,5,2,-7.8931403844883
-2,0.5,2.5,11,12,5,2.1,-8.03935366768243
-2,0.5,2.5,11,12,5,2.2,-8.16866372839925
-2,0.5,2.5,11,12,5,2.3,-8.28244648424057
-2,0.5,2.5,11,12,5,2.4,-8.38639331485295
-2,0.5,2.5,11,12,5,2.5,-8.47982934815238
-2,0.5,2.5,11,12,5,2.6,-8.56736572323384
-2,0.5,2.5,11,12,5,2.7,-8.64963659899961
-2,0.5,2.5,11,12,5,2.8,-8.72829685090018
-2,0.5,2.5,11,12,5,2.9,-8.80497915176611
-2,0.5,2.5,11,12,5,3,-8.88044993880857
-2,0.5,2.5,11,12,5,3.1,-8.95531868798203
-2,0.5,2.5,11,12,5,3.2,-9.03111699561351
-2,0.5,2.5,11,12,5,3.3,-9.10646032348993
-2,0.5,2.5,11,12,5,3.4,-9.18366260576478
-2,0.5,2.5,11,12,5,3.5,-9.26195415554211
-2,0.5,2.5,11,12,5,3.6,-9.34224533158084
-2,0.5,2.5,11,12,5,3.7,-9.42504507376016
-2,0.5,2.5,11,12,5,3.8,-9.5096546182735
-2,0.5,2.5,11,12,5,3.9,-9.59708588206458
-2,0.5,2.5,11,12,5,4,-9.68774246306795
-2,0.5,2.5,11,12,5,4.1,-9.78107769696216
-2,0.5,2.5,11,12,5,4.2,-9.87812911640036
-2,0.5,2.5,11,12,5,4.3,-9.97847083316967
-2,0.5,2.5,11,12,5,4.4,-10.0822320959688
-2,0.5,2.5,11,12,5,4.5,-10.1893814540236
-2,0.5,2.5,11,12,5,4.6,-10.3010767797728
-2,0.5,2.5,11,12,5,4.7,-10.4172161583018
-2,0.5,2.5,11,12,5,4.8,-10.5373914132262
-2,0.5,2.5,11,12,5,4.9,-10.6610467158188
-2,0.5,2.5,11,12,5,5,-10.7888272102901
-2,0.5,2.5,11,12,5,5.1,-10.9201840405603
-2,0.5,2.5,11,12,5,5.2,-11.055232333423
-2,0.5,2.5,11,12,5,5.3,-11.1938807737243
-2,0.5,2.5,11,12,5,5.4,-11.3357663810165
-2,0.5,2.5,11,12,5,5.5,-11.4806169219076
-2,0.5,2.5,11,12,5,5.6,-11.628356845628
-2,0.5,2.5,11,12,5,5.7,-11.7794626295813
-2,0.5,2.5,11,12,5,5.8,-11.9340437100646
-2,0.5,2.5,11,12,5,5.9,-12.0918548131295
-2,0.5,2.5,11,12,5,6,-12.2530904236147
-2,0.5,2.5,11,12,5,6.1,-12.4180527666998
-2,0.5,2.5,11,12,5,6.2,-12.5870525137208
-2,0.5,2.5,11,12,5,6.3,-12.7597665396322
-2,0.5,2.5,11,12,5,6.4,-12.9362644939862
-2,0.5,2.5,11,12,5,6.5,-13.1169375245853
-2,0.5,2.5,11,12,5,6.6,-13.3014076327575
-2,0.5,2.5,11,12,5,6.7,-13.4893766980652
-2,0.5,2.5,11,12,5,6.8,-13.6809394244228
-2,0.5,2.5,11,12,5,6.9,-13.8753212469
-2,0.5,2.5,11,12,5,7,-14.0722488559719
-2,0.5,2.5,11,12,5,7.1,-14.2715453759181
-2,0.5,2.5,11,12,5,7.2,-14.4727998077555
-2,0.5,2.5,11,12,5,7.3,-14.6752511016531
-2,0.5,2.5,11,12,5,7.4,-14.8790812119289
-2,0.5,2.5,11,12,5,7.5,-15.0837185358704
-2,0.5,2.5,11,12,5,7.6,-15.2888063799489
-2,0.5,2.5,11,12,5,7.7,-15.4942800854473
-2,0.5,2.5,11,12,5,7.8,-15.7002303569335
-2,0.5,2.5,11,12,5,7.9,-15.9063500767082
-2,0.5,2.5,11,12,5,8,-16.1131284129178
-2,0.5,2.5,11,12,5,8.1,-16.3203550729395
-2,0.5,2.5,11,12,5,8.2,-16.5276985944746
-2,0.5,2.5,11,12,5,8.3,-16.7352285636884
-2,0.5,2.5,11,12,5,8.4,-16.9432314878722
-2,0.5,2.5,11,12,5,8.5,-17.1513591071835
-2,0.5,2.5,11,12,5,8.6,-17.3591224558436
-2,0.5,2.5,11,12,5,8.7,-17.5662169623457
-2,0.5,2.5,11,12,5,8.8,-17.7724107946976
-2,0.5,2.5,11,12,5,8.9,-17.9775629244276
-2,0.5,2.5,11,12,5,9,-18.1813981611448
-2,0.5,2.5,11,12,5,9.1,-18.3830724598141
-2,0.5,2.5,11,12,5,9.2,-18.5823443937177
-2,0.5,2.5,11,12,5,9.3,-18.7791163897837
-2,0.5,2.5,11,12,5,9.4,-18.972882430946
-2,0.5,2.5,11,12,5,9.5,-19.1629522487044
-2,0.5,2.5,11,12,5,9.6,-19.3488938088003
-2,0.5,2.5,11,12,5,9.7,-19.5305825607743
-2,0.5,2.5,11,12,5,9.8,-19.7078312347226
-2,0.5,2.5,11,12,5,9.9,-19.8799352428951
-2,0.5,2.5,11,12,5,10,-20.0462841950772
-2,0.5,2.5,11,12,5,10.1,-20.2062836046244
-2,0.5,2.5,11,12,5,10.2,-20.3594326300664
-2,0.5,2.5,11,12,5,10.3,-20.5052934212539
-2,0.5,2.5,11,12,5,10.4,-20.6429834876266
-2,0.5,2.5,11,12,5,10.5,-20.7713459237271
-2,0.5,2.5,11,12,5,10.6,-20.889390171653
