"df [mm],""ex1 [mm]"",""ex2 [mm]"",""Phase [deg]"",""XPF1 [mm]"",""XPF2 [mm]"",""YG [mm]"",""Freq [GHz]"",""max(Average_SAR) []"""
-2,0.5,1.5,0,9,8,5,0.6,7.61332207232675
-2,0.5,1.5,0,9,8,5,0.7,7.3567989055636
-2,0.5,1.5,0,9,8,5,0.8,7.00067860014079
-2,0.5,1.5,0,9,8,5,0.9,6.63287211667263
-2,0.5,1.5,0,9,8,5,1,6.30117153517344
-2,0.5,1.5,0,9,8,5,1.1,6.01564765605026
-2,0.5,1.5,0,9,8,5,1.2,5.78442905282905
-2,0.5,1.5,0,9,8,5,1.3,5.61082401056227
-2,0.5,1.5,0,9,8,5,1.4,5.48346695243751
-2,0.5,1.5,0,9,8,5,1.5,5.40453699648791
-2,0.5,1.5,0,9,8,5,1.6,5.36222193762818
-2,0.5,1.5,0,9,8,5,1.7,5.34897036525937
-2,0.5,1.5,0,9,8,5,1.8,5.36063037974543
-2,0.5,1.5,0,9,8,5,1.9,5.38722842744248
-2,0.5,1.5,0,9,8,5,2,5.43092753756451
-2,0.5,1.5,0,9,8,5,2.1,5.4826846293815
-2,0.5,1.5,0,9,8,5,2.2,5.53822951854346
-2,0.5,1.5,0,9,8,5,2.3,5.59899257043107
-2,0.5,1.5,0,9,8,5,2.4,5.65940234712326
-2,0.5,1.5,0,9,8,5,2.5,5.72062026371227
-2,0.5,1.5,0,9,8,5,2.6,5.78018538652269
-2,0.5,1.5,0,9,8,5,2.7,5.83842929480517
-2,0.5,1.5,0,9,8,5,2.8,5.89414068627082
-2,0.5,1.5,0,9,8,5,2.9,5.94811566204844
-2,0.5,1.5,0,9,8,5,3,6.00097445535143
-2,0.5,1.5,0,9,8,5,3.1,6.05187728351238
-2,0.5,1.5,0,9,8,5,3.2,6.1019336623207
-2,0.5,1.5,0,9,8,5,3.3,6.15106453404506
-2,0.5,1.5,0,9,8,5,3.4,6.19938307644943
-2,0.5,1.5,0,9,8,5,3.5,6.24757103406274
-2,0.5,1.5,0,9,8,5,3.6,6.29449151943157
-2,0.5,1.5,0,9,8,5,3.7,6.34113215246149
-2,0.5,1.5,0,9,8,5,3.8,6.38689369739681
-2,0.5,1.5,0,9,8,5,3.9,6.4316323903842
-2,0.5,1.5,0,9,8,5,4,6.47556073157184
-2,0.5,1.5,0,9,8,5,4.1,6.51875991344565
-2,0.5,1.5,0,9,8,5,4.2,6.56095482705722
-2,0.5,1.5,0,9,8,5,4.3,6.60221170967276
-2,0.5,1.5,0,9,8,5,4.4,6.64219497420922
-2,0.5,1.5,0,9,8,5,4.5,6.68095789034632
-2,0.5,1.5,0,9,8,5,4.6,6.71860781993127
-2,0.5,1.5,0,9,8,5,4.7,6.75499700833547
-2,0.5,1.5,0,9,8,5,4.8,6.79024592047683
-2,0.5,1.5,0,9,8,5,4.9,6.82423297860721
-2,0.5,1.5,0,9,8,5,5,6.85731054472457
-2,0.5,1.5,0,9,8,5,5.1,6.88955407182337
-2,0.5,1.5,0,9,8,5,5.2,6.92081573506828
-2,0.5,1.5,0,9,8,5,5.3,6.95140220131866
-2,0.5,1.5,0,9,8,5,5.4,6.98159929967752
-2,0.5,1.5,0,9,8,5,5.5,7.01144587218572
-2,0.5,1.5,0,9,8,5,5.6,7.04126936405138
-2,0.5,1.5,0,9,8,5,5.7,7.07115454289538
-2,0.5,1.5,0,9,8,5,5.8,7.10128052250895
-2,0.5,1.5,0,9,8,5,5.9,7.13170583550614
-2,0.5,1.5,0,9,8,5,6,7.16234059958455
-2,0.5,1.5,0,9,8,5,6.1,7.19341333235812
-2,0.5,1.5,0,9,8,5,6.2,7.22485961893564
-2,0.5,1.5,0,9,8,5,6.3,7.25676850747153
-2,0.5,1.5,0,9,8,5,6.4,7.28911670106081
-2,0.5,1.5,0,9,8,5,6.5,7.32215187048637
-2,0.5,1.5,0,9,8,5,6.6,7.35584365912522
-2,0.5,1.5,0,9,8,5,6.7,7.39022138077199
-2,0.5,1.5,0,9,8,5,6.8,7.42549016069785
-2,0.5,1.5,0,9,8,5,6.9,7.46167190177074
-2,0.5,1.5,0,9,8,5,7,7.49889635053133
-2,0.5,1.5,0,9,8,5,7.1,7.53740461486978
-2,0.5,1.5,0,9,8,5,7.2,7.57748402244806
-2,0.5,1.5,0,9,8,5,7.3,7.61923299143094
-2,0.5,1.5,0,9,8,5,7.4,7.66273588000618
-2,0.5,1.5,0,9,8,5,7.5,7.70817225297469
-2,0.5,1.5,0,9,8,5,7.6,7.75559410742154
-2,0.5,1.5,0,9,8,5,7.7,7.80508869916195
-2,0.5,1.5,0,9,8,5,7.8,7.85675251129268
-2,0.5,1.5,0,9,8,5,7.9,7.91072804410018
-2,0.5,1.5,0,9,8,5,8,7.9670039193258
-2,0.5,1.5,0,9,8,5,8.1,8.02554202228898
-2,0.5,1.5,0,9,8,5,8.2,8.08631474389999
-2,0.5,1.5,0,9,8,5,8.3,8.14932512279169
-2,0.5,1.5,0,9,8,5,8.4,8.21469057693327
-2,0.5,1.5,0,9,8,5,8.5,8.28236648067618
-2,0.5,1.5,0,9,8,5,8.6,8.35235724178162
-2,0.5,1.5,0,9,8,5,8.7,8.42461779063522
-2,0.5,1.5,0,9,8,5,8.8,8.49922439220171
-2,0.5,1.5,0,9,8,5,8.9,8.57614289275176
-2,0.5,1.5,0,9,8,5,9,8.6553716138011
-2,0.5,1.5,0,9,8,5,9.1,8.73694462296509
-2,0.5,1.5,0,9,8,5,9.2,8.82075118189576
-2,0.5,1.5,0,9,8,5,9.3,8.90685287999057
-2,0.5,1.5,0,9,8,5,9.4,8.99513382185223
-2,0.5,1.5,0,9,8,5,9.5,9.08553512326964
-2,0.5,1.5,0,9,8,5,9.6,9.17809267124465
-2,0.5,1.5,0,9,8,5,9.7,9.27270502775577
-2,0.5,1.5,0,9,8,5,9.8,9.36929996307546
-2,0.5,1.5,0,9,8,5,9.9,9.46784236146832
-2,0.5,1.5,0,9,8,5,10,9.56826634823556
-2,0.5,1.5,0,9,8,5,10.1,9.67053453901719
-2,0.5,1.5,0,9,8,5,10.2,9.77459330457235
-2,0.5,1.5,0,9,8,5,10.3,9.88038806114497
-2,0.5,1.5,0,9,8,5,10.4,9.98783903710743
-2,0.5,1.5,0,9,8,5,10.5,10.0969097960835
-2,0.5,1.5,0,9,8,5,10.6,10.2075709505693
2,0.5,1.5,0,9,8,5,0.6,7.64503263637189
2,0.5,1.5,0,9,8,5,0.7,8.1503580508958
2,0.5,1.5,0,9,8,5,0.8,8.41492511051872
2,0.5,1.5,0,9,8,5,0.9,8.48411611228713
2,0.5,1.5,0,9,8,5,1,8.40924352629648
2,0.5,1.5,0,9,8,5,1.1,8.2330096722763
2,0.5,1.5,0,9,8,5,1.2,7.99971113199107
2,0.5,1.5,0,9,8,5,1.3,7.74195613536879
2,0.5,1.5,0,9,8,5,1.4,7.4825942797847
2,0.5,1.5,0,9,8,5,1.5,7.23932657988204
2,0.5,1.5,0,9,8,5,1.6,7.02030966714753
2,0.5,1.5,0,9,8,5,1.7,6.83020120693778
2,0.5,1.5,0,9,8,5,1.8,6.67070446697187
2,0.5,1.5,0,9,8,5,1.9,6.54012307017706
2,0.5,1.5,0,9,8,5,2,6.44037487154108
2,0.5,1.5,0,9,8,5,2.1,6.36674806867221
2,0.5,1.5,0,9,8,5,2.2,6.31670059922669
2,0.5,1.5,0,9,8,5,2.3,6.30115450343783
2,0.5,1.5,0,9,8,5,2.4,6.35555387671435
2,0.5,1.5,0,9,8,5,2.5,6.42942175878903
2,0.5,1.5,0,9,8,5,2.6,6.51736780196508
2,0.5,1.5,0,9,8,5,2.7,6.61626649365993
2,0.5,1.5,0,9,8,5,2.8,6.72153381771758
2,0.5,1.5,0,9,8,5,2.9,6.83023827633246
2,0.5,1.5,0,9,8,5,3,6.93994982765441
2,0.5,1.5,0,9,8,5,3.1,7.04832843996378
2,0.5,1.5,0,9,8,5,3.2,7.15464628297794
2,0.5,1.5,0,9,8,5,3.3,7.25867945893781
2,0.5,1.5,0,9,8,5,3.4,7.36004476460761
2,0.5,1.5,0,9,8,5,3.5,7.45978270342485
2,0.5,1.5,0,9,8,5,3.6,7.55825315501324
2,0.5,1.5,0,9,8,5,3.7,7.65678181019222
2,0.5,1.5,0,9,8,5,3.8,7.75588745790143
2,0.5,1.5,0,9,8,5,3.9,7.85655244266209
2,0.5,1.5,0,9,8,5,4,7.95995941173454
2,0.5,1.5,0,9,8,5,4.1,8.06683407704534
2,0.5,1.5,0,9,8,5,4.2,8.17777121732605
2,0.5,1.5,0,9,8,5,4.3,8.29338369500949
2,0.5,1.5,0,9,8,5,4.4,8.41436718517452
2,0.5,1.5,0,9,8,5,4.5,8.54106903792216
2,0.5,1.5,0,9,8,5,4.6,8.67372336976801
2,0.5,1.5,0,9,8,5,4.7,8.81258902519795
2,0.5,1.5,0,9,8,5,4.8,8.95793825043429
2,0.5,1.5,0,9,8,5,4.9,9.10961072107252
2,0.5,1.5,0,9,8,5,5,9.2674064705368
2,0.5,1.5,0,9,8,5,5.1,9.43126042111362
2,0.5,1.5,0,9,8,5,5.2,9.60087174902317
2,0.5,1.5,0,9,8,5,5.3,9.77598827318819
2,0.5,1.5,0,9,8,5,5.4,9.95606261693326
2,0.5,1.5,0,9,8,5,5.5,10.1406984557054
2,0.5,1.5,0,9,8,5,5.6,10.3296271939534
2,0.5,1.5,0,9,8,5,5.7,10.5223473681534
2,0.5,1.5,0,9,8,5,5.8,10.7184743363184
2,0.5,1.5,0,9,8,5,5.9,10.9175266533916
2,0.5,1.5,0,9,8,5,6,11.1191287513198
2,0.5,1.5,0,9,8,5,6.1,11.322799048631
2,0.5,1.5,0,9,8,5,6.2,11.5279934702146
2,0.5,1.5,0,9,8,5,6.3,11.7341207214636
2,0.5,1.5,0,9,8,5,6.4,11.9405893091916
2,0.5,1.5,0,9,8,5,6.5,12.146756613449
2,0.5,1.5,0,9,8,5,6.6,12.3519606678694
2,0.5,1.5,0,9,8,5,6.7,12.5555438872496
2,0.5,1.5,0,9,8,5,6.8,12.7569177882618
2,0.5,1.5,0,9,8,5,6.9,12.9555138018272
2,0.5,1.5,0,9,8,5,7,13.1507437784456
2,0.5,1.5,0,9,8,5,7.1,13.3420819859434
2,0.5,1.5,0,9,8,5,7.2,13.529174201966
2,0.5,1.5,0,9,8,5,7.3,13.7117014657171
2,0.5,1.5,0,9,8,5,7.4,13.8894097875179
2,0.5,1.5,0,9,8,5,7.5,14.0621732368608
2,0.5,1.5,0,9,8,5,7.6,14.2297284463108
2,0.5,1.5,0,9,8,5,7.7,14.3919326246218
2,0.5,1.5,0,9,8,5,7.8,14.5489766352583
2,0.5,1.5,0,9,8,5,7.9,14.7008760815595
2,0.5,1.5,0,9,8,5,8,14.8477192311561
2,0.5,1.5,0,9,8,5,8.1,14.9896657806554
2,0.5,1.5,0,9,8,5,8.2,15.1268127460545
2,0.5,1.5,0,9,8,5,8.3,15.2593040411943
2,0.5,1.5,0,9,8,5,8.4,15.387522260519
2,0.5,1.5,0,9,8,5,8.5,15.5116687863204
2,0.5,1.5,0,9,8,5,8.6,15.6318724086962
2,0.5,1.5,0,9,8,5,8.7,15.748321390894
2,0.5,1.5,0,9,8,5,8.8,15.8613742839446
2,0.5,1.5,0,9,8,5,8.9,15.9712991962068
2,0.5,1.5,0,9,8,5,9,16.0783070067432
2,0.5,1.5,0,9,8,5,9.1,16.1826597801425
2,0.5,1.5,0,9,8,5,9.2,16.2847589607743
2,0.5,1.5,0,9,8,5,9.3,16.384842295828
2,0.5,1.5,0,9,8,5,9.4,16.483252397945
2,0.5,1.5,0,9,8,5,9.5,16.5801680008443
2,0.5,1.5,0,9,8,5,9.6,16.6758740807631
2,0.5,1.5,0,9,8,5,9.7,16.7706394716648
2,0.5,1.5,0,9,8,5,9.8,16.864729483931
2,0.5,1.5,0,9,8,5,9.9,16.9581982243722
2,0.5,1.5,0,9,8,5,10,17.051252561723
2,0.5,1.5,0,9,8,5,10.1,17.1439829790354
2,0.5,1.5,0,9,8,5,10.2,17.236423663301
2,0.5,1.5,0,9,8,5,10.3,17.3285611439232
2,0.5,1.5,0,9,8,5,10.4,17.4204230692835
2,0.5,1.5,0,9,8,5,10.5,17.5119030417016
2,0.5,1.5,0,9,8,5,10.6,17.6028851684516
-2,0.5,1.5,0,9,12,5,0.6,8.02673314195156
-2,0.5,1.5,0,9,12,5,0.7,7.80521971190455
-2,0.5,1.5,0,9,12,5,0.8,7.46861619159461
-2,0.5,1.5,0,9,12,5,0.9,7.10179965383814
-2,0.5,1.5,0,9,12,5,1,6.74969604049621
-2,0.5,1.5,0,9,12,5,1.1,6.43066602317392
-2,0.5,1.5,0,9,12,5,1.2,6.15228108519382
-2,0.5,1.5,0,9,12,5,1.3,5.91968316937385
-2,0.5,1.5,0,9,12,5,1.4,5.72552077040998
-2,0.5,1.5,0,9,12,5,1.5,5.57257506682972
-2,0.5,1.5,0,9,12,5,1.6,5.45283671783604
-2,0.5,1.5,0,9,12,5,1.7,5.36136618471737
-2,0.5,1.5,0,9,12,5,1.8,5.29399723331216
-2,0.5,1.5,0,9,12,5,1.9,5.24456038900152
-2,0.5,1.5,0,9,12,5,2,5.21528020375454
-2,0.5,1.5,0,9,12,5,2.1,5.19915088393426
-2,0.5,1.5,0,9,12,5,2.2,5.19453235154684
-2,0.5,1.5,0,9,12,5,2.3,5.20145462386838
-2,0.5,1.5,0,9,12,5,2.4,5.21656482894127
-2,0.5,1.5,0,9,12,5,2.5,5.23981781675422
-2,0.5,1.5,0,9,12,5,2.6,5.26946499149418
-2,0.5,1.5,0,9,12,5,2.7,5.30534909755477
-2,0.5,1.5,0,9,12,5,2.8,5.34582488560627
-2,0.5,1.5,0,9,12,5,2.9,5.39056512563473
-2,0.5,1.5,0,9,12,5,3,5.43966954917658
-2,0.5,1.5,0,9,12,5,3.1,5.49166451088367
-2,0.5,1.5,0,9,12,5,3.2,5.54661186654666
-2,0.5,1.5,0,9,12,5,3.3,5.60376080896188
-2,0.5,1.5,0,9,12,5,3.4,5.66262038998137
-2,0.5,1.5,0,9,12,5,3.5,5.72304707827202
-2,0.5,1.5,0,9,12,5,3.6,5.78368859499778
-2,0.5,1.5,0,9,12,5,3.7,5.84506718005806
-2,0.5,1.5,0,9,12,5,3.8,5.90588817212696
-2,0.5,1.5,0,9,12,5,3.9,5.96613737078417
-2,0.5,1.5,0,9,12,5,4,6.02579408430538
-2,0.5,1.5,0,9,12,5,4.1,6.08452870711432
-2,0.5,1.5,0,9,12,5,4.2,6.14197062244177
-2,0.5,1.5,0,9,12,5,4.3,6.19787867135742
-2,0.5,1.5,0,9,12,5,4.4,6.25220660330756
-2,0.5,1.5,0,9,12,5,4.5,6.30470809320448
-2,0.5,1.5,0,9,12,5,4.6,6.35536968914017
-2,0.5,1.5,0,9,12,5,4.7,6.40412580062345
-2,0.5,1.5,0,9,12,5,4.8,6.45096041237366
-2,0.5,1.5,0,9,12,5,4.9,6.49587949491802
-2,0.5,1.5,0,9,12,5,5,6.53895220250732
-2,0.5,1.5,0,9,12,5,5.1,6.58015966442708
-2,0.5,1.5,0,9,12,5,5.2,6.61983933621605
-2,0.5,1.5,0,9,12,5,5.3,6.65817078830005
-2,0.5,1.5,0,9,12,5,5.4,6.69525434943554
-2,0.5,1.5,0,9,12,5,5.5,6.73139056957369
-2,0.5,1.5,0,9,12,5,5.6,6.76660917885622
-2,0.5,1.5,0,9,12,5,5.7,6.80116528553255
-2,0.5,1.5,0,9,12,5,5.8,6.83534942597301
-2,0.5,1.5,0,9,12,5,5.9,6.86922713784797
-2,0.5,1.5,0,9,12,5,6,6.90301386584756
-2,0.5,1.5,0,9,12,5,6.1,6.9366492886274
-2,0.5,1.5,0,9,12,5,6.2,6.97028099072882
-2,0.5,1.5,0,9,12,5,6.3,7.00406963610304
-2,0.5,1.5,0,9,12,5,6.4,7.03803276562598
-2,0.5,1.5,0,9,12,5,6.5,7.0722905208396
-2,0.5,1.5,0,9,12,5,6.6,7.10692326233028
-2,0.5,1.5,0,9,12,5,6.7,7.14222472901083
-2,0.5,1.5,0,9,12,5,6.8,7.17834109603983
-2,0.5,1.5,0,9,12,5,6.9,7.21531822084242
-2,0.5,1.5,0,9,12,5,7,7.25343778218006
-2,0.5,1.5,0,9,12,5,7.1,7.2927814452774
-2,0.5,1.5,0,9,12,5,7.2,7.33361615866905
-2,0.5,1.5,0,9,12,5,7.3,7.37616106606361
-2,0.5,1.5,0,9,12,5,7.4,7.42048037730484
-2,0.5,1.5,0,9,12,5,7.5,7.46670178858239
-2,0.5,1.5,0,9,12,5,7.6,7.51491486012022
-2,0.5,1.5,0,9,12,5,7.7,7.56527573083349
-2,0.5,1.5,0,9,12,5,7.8,7.61784958703214
-2,0.5,1.5,0,9,12,5,7.9,7.67276420095556
-2,0.5,1.5,0,9,12,5,8,7.73012924465717
-2,0.5,1.5,0,9,12,5,8.1,7.78979809435551
-2,0.5,1.5,0,9,12,5,8.2,7.85182076891848
-2,0.5,1.5,0,9,12,5,8.3,7.91621725564508
-2,0.5,1.5,0,9,12,5,8.4,7.98304520037687
-2,0.5,1.5,0,9,12,5,8.5,8.05239922262801
-2,0.5,1.5,0,9,12,5,8.6,8.12416578635351
-2,0.5,1.5,0,9,12,5,8.7,8.19832808669687
-2,0.5,1.5,0,9,12,5,8.8,8.27493625565582
-2,0.5,1.5,0,9,12,5,8.9,8.35392950491329
-2,0.5,1.5,0,9,12,5,9,8.43536704479532
-2,0.5,1.5,0,9,12,5,9.1,8.51918142052052
-2,0.5,1.5,0,9,12,5,9.2,8.60535614855058
-2,0.5,1.5,0,9,12,5,9.3,8.69382659233671
-2,0.5,1.5,0,9,12,5,9.4,8.7845477084348
-2,0.5,1.5,0,9,12,5,9.5,8.87745971920293
-2,0.5,1.5,0,9,12,5,9.6,8.97249189582324
-2,0.5,1.5,0,9,12,5,9.7,9.06961694174287
-2,0.5,1.5,0,9,12,5,9.8,9.16876345347019
-2,0.5,1.5,0,9,12,5,9.9,9.26980652307219
-2,0.5,1.5,0,9,12,5,10,9.37272392111258
-2,0.5,1.5,0,9,12,5,10.1,9.47736287226574
-2,0.5,1.5,0,9,12,5,10.2,9.58361692453647
-2,0.5,1.5,0,9,12,5,10.3,9.6914992823419
-2,0.5,1.5,0,9,12,5,10.4,9.80087868938261
-2,0.5,1.5,0,9,12,5,10.5,9.911642003206
-2,0.5,1.5,0,9,12,5,10.6,10.0237011640423
2,0.5,1.5,0,9,12,5,0.6,7.7898883400384
2,0.5,1.5,0,9,12,5,0.7,8.33507562639517
2,0.5,1.5,0,9,12,5,0.8,8.64728242268525
2,0.5,1.5,0,9,12,5,0.9,8.76872755709342
2,0.5,1.5,0,9,12,5,1,8.74741157620769
2,0.5,1.5,0,9,12,5,1.1,8.62120490087226
2,0.5,1.5,0,9,12,5,1.2,8.43147624751724
2,0.5,1.5,0,9,12,5,1.3,8.2076963275333
2,0.5,1.5,0,9,12,5,1.4,7.97103672240538
2,0.5,1.5,0,9,12,5,1.5,7.73918091823631
2,0.5,1.5,0,9,12,5,1.6,7.52020037330281
2,0.5,1.5,0,9,12,5,1.7,7.31972646445756
2,0.5,1.5,0,9,12,5,1.8,7.1401794788941
2,0.5,1.5,0,9,12,5,1.9,6.98047403597679
2,0.5,1.5,0,9,12,5,2,6.84369233648056
2,0.5,1.5,0,9,12,5,2.1,6.72586828971119
2,0.5,1.5,0,9,12,5,2.2,6.6258699951377
2,0.5,1.5,0,9,12,5,2.3,6.54295104058707
2,0.5,1.5,0,9,12,5,2.4,6.47422180817452
2,0.5,1.5,0,9,12,5,2.5,6.41941547180496
2,0.5,1.5,0,9,12,5,2.6,6.376040546189
2,0.5,1.5,0,9,12,5,2.7,6.3440422733692
2,0.5,1.5,0,9,12,5,2.8,6.32182849103075
2,0.5,1.5,0,9,12,5,2.9,6.30930365190908
2,0.5,1.5,0,9,12,5,3,6.30677850961887
2,0.5,1.5,0,9,12,5,3.1,6.31351322143495
2,0.5,1.5,0,9,12,5,3.2,6.33021304101564
2,0.5,1.5,0,9,12,5,3.3,6.35672224738886
2,0.5,1.5,0,9,12,5,3.4,6.39314502478905
2,0.5,1.5,0,9,12,5,3.5,6.4398300486577
2,0.5,1.5,0,9,12,5,3.6,6.49615595856299
2,0.5,1.5,0,9,12,5,3.7,6.56273448035
2,0.5,1.5,0,9,12,5,3.8,6.63907438078116
2,0.5,1.5,0,9,12,5,3.9,6.7251575030535
2,0.5,1.5,0,9,12,5,4,6.82103916780602
2,0.5,1.5,0,9,12,5,4.1,6.92621850958107
2,0.5,1.5,0,9,12,5,4.2,7.04063912678773
2,0.5,1.5,0,9,12,5,4.3,7.16412121090423
2,0.5,1.5,0,9,12,5,4.4,7.29632090074214
2,0.5,1.5,0,9,12,5,4.5,7.43703689633802
2,0.5,1.5,0,9,12,5,4.6,7.58607121242282
2,0.5,1.5,0,9,12,5,4.7,7.74320609382789
2,0.5,1.5,0,9,12,5,4.8,7.90819586849831
2,0.5,1.5,0,9,12,5,4.9,8.08039582441073
2,0.5,1.5,0,9,12,5,5,8.25955211803616
2,0.5,1.5,0,9,12,5,5.1,8.44527335718688
2,0.5,1.5,0,9,12,5,5.2,8.63710137216379
2,0.5,1.5,0,9,12,5,5.3,8.83440358321775
2,0.5,1.5,0,9,12,5,5.4,9.03674241381106
2,0.5,1.5,0,9,12,5,5.5,9.24366251915014
2,0.5,1.5,0,9,12,5,5.6,9.45471835318275
2,0.5,1.5,0,9,12,5,5.7,9.66943390995743
2,0.5,1.5,0,9,12,5,5.8,9.88730943740536
2,0.5,1.5,0,9,12,5,5.9,10.1078299245963
2,0.5,1.5,0,9,12,5,6,10.3305245843808
2,0.5,1.5,0,9,12,5,6.1,10.5548497478151
2,0.5,1.5,0,9,12,5,6.2,10.7801428271781
2,0.5,1.5,0,9,12,5,6.3,11.0057823606326
2,0.5,1.5,0,9,12,5,6.4,11.2311266567886
2,0.5,1.5,0,9,12,5,6.5,11.4553921351537
2,0.5,1.5,0,9,12,5,6.6,11.6778715838734
2,0.5,1.5,0,9,12,5,6.7,11.8979200151889
2,0.5,1.5,0,9,12,5,6.8,12.1148186231426
2,0.5,1.5,0,9,12,5,6.9,12.3279589693394
2,0.5,1.5,0,9,12,5,7,12.5366529071997
2,0.5,1.5,0,9,12,5,7.1,12.7403885297212
2,0.5,1.5,0,9,12,5,7.2,12.9387482420298
2,0.5,1.5,0,9,12,5,7.3,13.1312999436534
2,0.5,1.5,0,9,12,5,7.4,13.3177085869601
2,0.5,1.5,0,9,12,5,7.5,13.4977511851224
2,0.5,1.5,0,9,12,5,7.6,13.671265806016
2,0.5,1.5,0,9,12,5,7.7,13.8381898633582
2,0.5,1.5,0,9,12,5,7.8,13.998467335517
2,0.5,1.5,0,9,12,5,7.9,14.1520831966935
2,0.5,1.5,0,9,12,5,8,14.299127290977
2,0.5,1.5,0,9,12,5,8.1,14.43961766916
2,0.5,1.5,0,9,12,5,8.2,14.5738013666455
2,0.5,1.5,0,9,12,5,8.3,14.7017935395313
2,0.5,1.5,0,9,12,5,8.4,14.8238091124267
2,0.5,1.5,0,9,12,5,8.5,14.9401211446109
2,0.5,1.5,0,9,12,5,8.6,15.0509530234653
2,0.5,1.5,0,9,12,5,8.7,15.1566536333005
2,0.5,1.5,0,9,12,5,8.8,15.2574708830554
2,0.5,1.5,0,9,12,5,8.9,15.3537065794732
2,0.5,1.5,0,9,12,5,9,15.4456457763262
2,0.5,1.5,0,9,12,5,9.1,15.5337748857276
2,0.5,1.5,0,9,12,5,9.2,15.6185819128588
2,0.5,1.5,0,9,12,5,9.3,15.7002747582066
2,0.5,1.5,0,9,12,5,9.4,15.7792156160851
2,0.5,1.5,0,9,12,5,9.5,15.8558346607573
2,0.5,1.5,0,9,12,5,9.6,15.9304651958493
2,0.5,1.5,0,9,12,5,9.7,16.0033627761623
2,0.5,1.5,0,9,12,5,9.8,16.0748897240089
2,0.5,1.5,0,9,12,5,9.9,16.145290453237
2,0.5,1.5,0,9,12,5,10,16.2147880612443
2,0.5,1.5,0,9,12,5,10.1,16.283475795843
2,0.5,1.5,0,9,12,5,10.2,16.3514474269524
2,0.5,1.5,0,9,12,5,10.3,16.4187020432647
2,0.5,1.5,0,9,12,5,10.4,16.4852179103954
2,0.5,1.5,0,9,12,5,10.5,16.5509671326001
2,0.5,1.5,0,9,12,5,10.6,16.6158369479859
-2,0.5,1.5,0,11,8,5,0.6,7.90775161595712
-2,0.5,1.5,0,11,8,5,0.7,7.67917813129214
-2,0.5,1.5,0,11,8,5,0.8,7.33529179178631
-2,0.5,1.5,0,11,8,5,0.9,6.96260137409836
-2,0.5,1.5,0,11,8,5,1,6.60650514192028
-2,0.5,1.5,0,11,8,5,1.1,6.2865835578259
-2,0.5,1.5,0,11,8,5,1.2,6.00952716603038
-2,0.5,1.5,0,11,8,5,1.3,5.78145787543854
-2,0.5,1.5,0,11,8,5,1.4,5.59476846716854
-2,0.5,1.5,0,11,8,5,1.5,5.45182084921086
-2,0.5,1.5,0,11,8,5,1.6,5.34429021721361
-2,0.5,1.5,0,11,8,5,1.7,5.26631237840839
-2,0.5,1.5,0,11,8,5,1.8,5.21390905277166
-2,0.5,1.5,0,11,8,5,1.9,5.179918940716
-2,0.5,1.5,0,11,8,5,2,5.16658932965731
-2,0.5,1.5,0,11,8,5,2.1,5.16643014993274
-2,0.5,1.5,0,11,8,5,2.2,5.17730679840706
-2,0.5,1.5,0,11,8,5,2.3,5.19927818608596
-2,0.5,1.5,0,11,8,5,2.4,5.22832253694449
-2,0.5,1.5,0,11,8,5,2.5,5.26481504862647
-2,0.5,1.5,0,11,8,5,2.6,5.30647165960052
-2,0.5,1.5,0,11,8,5,2.7,5.353182378974
-2,0.5,1.5,0,11,8,5,2.8,5.40359903219956
-2,0.5,1.5,0,11,8,5,2.9,5.456939913461
-2,0.5,1.5,0,11,8,5,3,5.51356711863798
-2,0.5,1.5,0,11,8,5,3.1,5.57188942671432
-2,0.5,1.5,0,11,8,5,3.2,5.6323497452973
-2,0.5,1.5,0,11,8,5,3.3,5.69427544306895
-2,0.5,1.5,0,11,8,5,3.4,5.7570902970691
-2,0.5,1.5,0,11,8,5,3.5,5.82091934407395
-2,0.5,1.5,0,11,8,5,3.6,5.88434232566783
-2,0.5,1.5,0,11,8,5,3.7,5.94789352367423
-2,0.5,1.5,0,11,8,5,3.8,6.01054522640565
-2,0.5,1.5,0,11,8,5,3.9,6.07226772016404
-2,0.5,1.5,0,11,8,5,4,6.13304351940187
-2,0.5,1.5,0,11,8,5,4.1,6.19252466148898
-2,0.5,1.5,0,11,8,5,4.2,6.25059538916766
-2,0.5,1.5,0,11,8,5,4.3,6.30686029054374
-2,0.5,1.5,0,11,8,5,4.4,6.36136360940106
-2,0.5,1.5,0,11,8,5,4.5,6.41379791186703
-2,0.5,1.5,0,11,8,5,4.6,6.4643575660494
-2,0.5,1.5,0,11,8,5,4.7,6.5129993970476
-2,0.5,1.5,0,11,8,5,4.8,6.55976524850712
-2,0.5,1.5,0,11,8,5,4.9,6.60454379409426
-2,0.5,1.5,0,11,8,5,5,6.64739732962556
-2,0.5,1.5,0,11,8,5,5.1,6.68845291897504
-2,0.5,1.5,0,11,8,5,5.2,6.72802381022089
-2,0.5,1.5,0,11,8,5,5.3,6.76630304495213
-2,0.5,1.5,0,11,8,5,5.4,6.80344752547271
-2,0.5,1.5,0,11,8,5,5.5,6.83980749647716
-2,0.5,1.5,0,11,8,5,5.6,6.8753611752286
-2,0.5,1.5,0,11,8,5,5.7,6.91062761469137
-2,0.5,1.5,0,11,8,5,5.8,6.94553974307935
-2,0.5,1.5,0,11,8,5,5.9,6.98013736800393
-2,0.5,1.5,0,11,8,5,6,7.01463252811799
-2,0.5,1.5,0,11,8,5,6.1,7.0492189680588
-2,0.5,1.5,0,11,8,5,6.2,7.08390989599272
-2,0.5,1.5,0,11,8,5,6.3,7.11867126636797
-2,0.5,1.5,0,11,8,5,6.4,7.15376113688026
-2,0.5,1.5,0,11,8,5,6.5,7.18921731691065
-2,0.5,1.5,0,11,8,5,6.6,7.22527907973685
-2,0.5,1.5,0,11,8,5,6.7,7.26204856559261
-2,0.5,1.5,0,11,8,5,6.8,7.29965739327935
-2,0.5,1.5,0,11,8,5,6.9,7.33819825376591
-2,0.5,1.5,0,11,8,5,7,7.37792936675482
-2,0.5,1.5,0,11,8,5,7.1,7.41900190385104
-2,0.5,1.5,0,11,8,5,7.2,7.46153837941301
-2,0.5,1.5,0,11,8,5,7.3,7.50577666824853
-2,0.5,1.5,0,11,8,5,7.4,7.55174309585887
-2,0.5,1.5,0,11,8,5,7.5,7.59979159984554
-2,0.5,1.5,0,11,8,5,7.6,7.64993088802847
-2,0.5,1.5,0,11,8,5,7.7,7.70227969085911
-2,0.5,1.5,0,11,8,5,7.8,7.75689387564452
-2,0.5,1.5,0,11,8,5,7.9,7.81384101563914
-2,0.5,1.5,0,11,8,5,8,7.87306918335608
-2,0.5,1.5,0,11,8,5,8.1,7.93468236489621
-2,0.5,1.5,0,11,8,5,8.2,7.9987112391471
-2,0.5,1.5,0,11,8,5,8.3,8.06512872023391
-2,0.5,1.5,0,11,8,5,8.4,8.13387860087415
-2,0.5,1.5,0,11,8,5,8.5,8.20507716433253
-2,0.5,1.5,0,11,8,5,8.6,8.27868183370159
-2,0.5,1.5,0,11,8,5,8.7,8.35470543864036
-2,0.5,1.5,0,11,8,5,8.8,8.43322691881736
-2,0.5,1.5,0,11,8,5,8.9,8.5142012546813
-2,0.5,1.5,0,11,8,5,9,8.5975706287689
-2,0.5,1.5,0,11,8,5,9.1,8.68332479853861
-2,0.5,1.5,0,11,8,5,9.2,8.77142665488184
-2,0.5,1.5,0,11,8,5,9.3,8.8618280511766
-2,0.5,1.5,0,11,8,5,9.4,8.95449272511628
-2,0.5,1.5,0,11,8,5,9.5,9.04933698860676
-2,0.5,1.5,0,11,8,5,9.6,9.14633787130716
-2,0.5,1.5,0,11,8,5,9.7,9.24540852326727
-2,0.5,1.5,0,11,8,5,9.8,9.34642763140977
-2,0.5,1.5,0,11,8,5,9.9,9.44936738478625
-2,0.5,1.5,0,11,8,5,10,9.55413556418781
-2,0.5,1.5,0,11,8,5,10.1,9.66064704160507
-2,0.5,1.5,0,11,8,5,10.2,9.76877686029187
-2,0.5,1.5,0,11,8,5,10.3,9.87851338757519
-2,0.5,1.5,0,11,8,5,10.4,9.98967468274432
-2,0.5,1.5,0,11,8,5,10.5,10.1021439829586
-2,0.5,1.5,0,11,8,5,10.6,10.2158574267919
2,0.5,1.5,0,11,8,5,0.6,7.80182401051835
2,0.5,1.5,0,11,8,5,0.7,8.36975426471996
2,0.5,1.5,0,11,8,5,0.8,8.70338918172905
2,0.5,1.5,0,11,8,5,0.9,8.84282008064679
2,0.5,1.5,0,11,8,5,1,8.83419728597494
2,0.5,1.5,0,11,8,5,1.1,8.71585215653866
2,0.5,1.5,0,11,8,5,1.2,8.52940743201317
2,0.5,1.5,0,11,8,5,1.3,8.30563060227493
2,0.5,1.5,0,11,8,5,1.4,8.06645249015407
2,0.5,1.5,0,11,8,5,1.5,7.8304341085429
2,0.5,1.5,0,11,8,5,1.6,7.60659548587576
2,0.5,1.5,0,11,8,5,1.7,7.40042909735882
2,0.5,1.5,0,11,8,5,1.8,7.21466965693367
2,0.5,1.5,0,11,8,5,1.9,7.04784587918779
2,0.5,1.5,0,11,8,5,2,6.90337733084261
2,0.5,1.5,0,11,8,5,2.1,6.77704649030286
2,0.5,1.5,0,11,8,5,2.2,6.66759767376111
2,0.5,1.5,0,11,8,5,2.3,6.57443982918186
2,0.5,1.5,0,11,8,5,2.4,6.49456424673613
2,0.5,1.5,0,11,8,5,2.5,6.42771113719088
2,0.5,1.5,0,11,8,5,2.6,6.37160990038638
2,0.5,1.5,0,11,8,5,2.7,6.32637362002091
2,0.5,1.5,0,11,8,5,2.8,6.29060901256631
2,0.5,1.5,0,11,8,5,2.9,6.26655119136419
2,0.5,1.5,0,11,8,5,3,6.2535536806382
2,0.5,1.5,0,11,8,5,3.1,6.25145574931231
2,0.5,1.5,0,11,8,5,3.2,6.29808983662443
2,0.5,1.5,0,11,8,5,3.3,6.35192718484669
2,0.5,1.5,0,11,8,5,3.4,6.41309661168665
2,0.5,1.5,0,11,8,5,3.5,6.48170860211356
2,0.5,1.5,0,11,8,5,3.6,6.55740662475951
2,0.5,1.5,0,11,8,5,3.7,6.64083864213013
2,0.5,1.5,0,11,8,5,3.8,6.73153775843529
2,0.5,1.5,0,11,8,5,3.9,6.82973464153423
2,0.5,1.5,0,11,8,5,4,6.93569749595625
2,0.5,1.5,0,11,8,5,4.1,7.04938686791309
2,0.5,1.5,0,11,8,5,4.2,7.17069595149413
2,0.5,1.5,0,11,8,5,4.3,7.29956455545034
2,0.5,1.5,0,11,8,5,4.4,7.43614815570634
2,0.5,1.5,0,11,8,5,4.5,7.58016784609645
2,0.5,1.5,0,11,8,5,4.6,7.73166028786019
2,0.5,1.5,0,11,8,5,4.7,7.89047425524298
2,0.5,1.5,0,11,8,5,4.8,8.05667913954819
2,0.5,1.5,0,11,8,5,4.9,8.2297754464936
2,0.5,1.5,0,11,8,5,5,8.40935266592525
2,0.5,1.5,0,11,8,5,5.1,8.59511317810662
2,0.5,1.5,0,11,8,5,5.2,8.78668832388026
2,0.5,1.5,0,11,8,5,5.3,8.98369059832086
2,0.5,1.5,0,11,8,5,5.4,9.18569980848597
2,0.5,1.5,0,11,8,5,5.5,9.39232141921799
2,0.5,1.5,0,11,8,5,5.6,9.60303971566366
2,0.5,1.5,0,11,8,5,5.7,9.81732495980344
2,0.5,1.5,0,11,8,5,5.8,10.034676838388
2,0.5,1.5,0,11,8,5,5.9,10.2547927473422
2,0.5,1.5,0,11,8,5,6,10.4772239466436
2,0.5,1.5,0,11,8,5,6.1,10.701482212479
2,0.5,1.5,0,11,8,5,6.2,10.9269289696817
2,0.5,1.5,0,11,8,5,6.3,11.1529290654473
2,0.5,1.5,0,11,8,5,6.4,11.3789705078825
2,0.5,1.5,0,11,8,5,6.5,11.6040606231633
2,0.5,1.5,0,11,8,5,6.6,11.8275456329853
2,0.5,1.5,0,11,8,5,6.7,12.0489752157291
2,0.5,1.5,0,11,8,5,6.8,12.2675874778716
2,0.5,1.5,0,11,8,5,6.9,12.4827293766139
2,0.5,1.5,0,11,8,5,7,12.6938052936368
2,0.5,1.5,0,11,8,5,7.1,12.9001848527016
2,0.5,1.5,0,11,8,5,7.2,13.1014376857772
2,0.5,1.5,0,11,8,5,7.3,13.2972040846024
2,0.5,1.5,0,11,8,5,7.4,13.4872099526536
2,0.5,1.5,0,11,8,5,7.5,13.6712646060552
2,0.5,1.5,0,11,8,5,7.6,13.8491614995674
2,0.5,1.5,0,11,8,5,7.7,14.0207900483587
2,0.5,1.5,0,11,8,5,7.8,14.1860188733849
2,0.5,1.5,0,11,8,5,7.9,14.3449930917197
2,0.5,1.5,0,11,8,5,8,14.4978120044146
2,0.5,1.5,0,11,8,5,8.1,14.6445626615698
2,0.5,1.5,0,11,8,5,8.2,14.7852748837935
2,0.5,1.5,0,11,8,5,8.3,14.9202091098704
2,0.5,1.5,0,11,8,5,8.4,15.0495188821413
2,0.5,1.5,0,11,8,5,8.5,15.1734777704621
2,0.5,1.5,0,11,8,5,8.6,15.2923323863881
2,0.5,1.5,0,11,8,5,8.7,15.4064678283887
2,0.5,1.5,0,11,8,5,8.8,15.5161296591158
2,0.5,1.5,0,11,8,5,8.9,15.6215523608147
2,0.5,1.5,0,11,8,5,9,15.7231461257863
2,0.5,1.5,0,11,8,5,9.1,15.8212003384371
2,0.5,1.5,0,11,8,5,9.2,15.9161256052503
2,0.5,1.5,0,11,8,5,9.3,16.0083190583155
2,0.5,1.5,0,11,8,5,9.4,16.0980495863937
2,0.5,1.5,0,11,8,5,9.5,16.185661655281
2,0.5,1.5,0,11,8,5,9.6,16.2714949332792
2,0.5,1.5,0,11,8,5,9.7,16.3558063785941
2,0.5,1.5,0,11,8,5,9.8,16.4388168857196
2,0.5,1.5,0,11,8,5,9.9,16.5207419621086
2,0.5,1.5,0,11,8,5,10,16.6017294179163
2,0.5,1.5,0,11,8,5,10.1,16.6819408904573
2,0.5,1.5,0,11,8,5,10.2,16.7614317809924
2,0.5,1.5,0,11,8,5,10.3,16.840084313373
2,0.5,1.5,0,11,8,5,10.4,16.9181589826162
2,0.5,1.5,0,11,8,5,10.5,16.9955722176221
2,0.5,1.5,0,11,8,5,10.6,17.0722141067741
-2,0.5,1.5,0,11,12,5,0.6,7.77000831046002
-2,0.5,1.5,0,11,12,5,0.7,7.51936083612497
-2,0.5,1.5,0,11,12,5,0.8,7.16365863968782
-2,0.5,1.5,0,11,12,5,0.9,6.79052975317828
-2,0.5,1.5,0,11,12,5,1,6.44830435739556
-2,0.5,1.5,0,11,12,5,1.1,6.14628892347948
-2,0.5,1.5,0,11,12,5,1.2,5.89390309055739
-2,0.5,1.5,0,11,12,5,1.3,5.69515269286811
-2,0.5,1.5,0,11,12,5,1.4,5.53969387380637
-2,0.5,1.5,0,11,12,5,1.5,5.43163523571411
-2,0.5,1.5,0,11,12,5,1.6,5.35881667353914
-2,0.5,1.5,0,11,12,5,1.7,5.31495965461501
-2,0.5,1.5,0,11,12,5,1.8,5.29698882775584
-2,0.5,1.5,0,11,12,5,1.9,5.29474894840915
-2,0.5,1.5,0,11,12,5,2,5.31165292490289
-2,0.5,1.5,0,11,12,5,2.1,5.33921976312882
-2,0.5,1.5,0,11,12,5,2.2,5.37367360567252
-2,0.5,1.5,0,11,12,5,2.3,5.41667291766747
-2,0.5,1.5,0,11,12,5,2.4,5.46279532033949
-2,0.5,1.5,0,11,12,5,2.5,5.51285419949094
-2,0.5,1.5,0,11,12,5,2.6,5.56459321705821
-2,0.5,1.5,0,11,12,5,2.7,5.6182190085482
-2,0.5,1.5,0,11,12,5,2.8,5.67244210259975
-2,0.5,1.5,0,11,12,5,2.9,5.72746688898383
-2,0.5,1.5,0,11,12,5,3,5.78380119222749
-2,0.5,1.5,0,11,12,5,3.1,5.84023908613975
-2,0.5,1.5,0,11,12,5,3.2,5.89763756733799
-2,0.5,1.5,0,11,12,5,3.3,5.95518167023144
-2,0.5,1.5,0,11,12,5,3.4,6.01300125690569
-2,0.5,1.5,0,11,12,5,3.5,6.07148543395147
-2,0.5,1.5,0,11,12,5,3.6,6.1295888605666
-2,0.5,1.5,0,11,12,5,3.7,6.18773838750551
-2,0.5,1.5,0,11,12,5,3.8,6.24493774726681
-2,0.5,1.5,0,11,12,5,3.9,6.3015123121877
-2,0.5,1.5,0,11,12,5,4,6.35738877700836
-2,0.5,1.5,0,11,12,5,4.1,6.41247273287652
-2,0.5,1.5,0,11,12,5,4.2,6.46672107756483
-2,0.5,1.5,0,11,12,5,4.3,6.51960460609131
-2,0.5,1.5,0,11,12,5,4.4,6.57114735601356
-2,0.5,1.5,0,11,12,5,4.5,6.62124470127496
-2,0.5,1.5,0,11,12,5,4.6,6.67005298112913
-2,0.5,1.5,0,11,12,5,4.7,6.71754927121451
-2,0.5,1.5,0,11,12,5,4.8,6.76380052186093
-2,0.5,1.5,0,11,12,5,4.9,6.80846822937516
-2,0.5,1.5,0,11,12,5,5,6.85156100195778
-2,0.5,1.5,0,11,12,5,5.1,6.89346260761409
-2,0.5,1.5,0,11,12,5,5.2,6.9344313783091
-2,0.5,1.5,0,11,12,5,5.3,6.97423700267447
-2,0.5,1.5,0,11,12,5,5.4,7.01328432500747
-2,0.5,1.5,0,11,12,5,5.5,7.05189852731847
-2,0.5,1.5,0,11,12,5,5.6,7.09014806257102
-2,0.5,1.5,0,11,12,5,5.7,7.12813847460907
-2,0.5,1.5,0,11,12,5,5.8,7.16604933895525
-2,0.5,1.5,0,11,12,5,5.9,7.20390322640756
-2,0.5,1.5,0,11,12,5,6,7.24200044392843
-2,0.5,1.5,0,11,12,5,6.1,7.28019044773575
-2,0.5,1.5,0,11,12,5,6.2,7.31853269121193
-2,0.5,1.5,0,11,12,5,6.3,7.35702870241369
-2,0.5,1.5,0,11,12,5,6.4,7.39585878510861
-2,0.5,1.5,0,11,12,5,6.5,7.43490679164378
-2,0.5,1.5,0,11,12,5,6.6,7.47444959062928
-2,0.5,1.5,0,11,12,5,6.7,7.51460871798207
-2,0.5,1.5,0,11,12,5,6.8,7.5555533349895
-2,0.5,1.5,0,11,12,5,6.9,7.59727447558507
-2,0.5,1.5,0,11,12,5,7,7.64018303340436
-2,0.5,1.5,0,11,12,5,7.1,7.68414949782509
-2,0.5,1.5,0,11,12,5,7.2,7.72945181558268
-2,0.5,1.5,0,11,12,5,7.3,7.77635428282924
-2,0.5,1.5,0,11,12,5,7.4,7.8249216427485
-2,0.5,1.5,0,11,12,5,7.5,7.87538981323107
-2,0.5,1.5,0,11,12,5,7.6,7.92786900272586
-2,0.5,1.5,0,11,12,5,7.7,7.98246459074569
-2,0.5,1.5,0,11,12,5,7.8,8.03914053876776
-2,0.5,1.5,0,11,12,5,7.9,8.09815465507179
-2,0.5,1.5,0,11,12,5,8,8.15954550690299
-2,0.5,1.5,0,11,12,5,8.1,8.22320395120747
-2,0.5,1.5,0,11,12,5,8.2,8.28914007901486
-2,0.5,1.5,0,11,12,5,8.3,8.35741155431987
-2,0.5,1.5,0,11,12,5,8.4,8.4279735887375
-2,0.5,1.5,0,11,12,5,8.5,8.50079766728113
-2,0.5,1.5,0,11,12,5,8.6,8.57606432127711
-2,0.5,1.5,0,11,12,5,8.7,8.65377028362292
-2,0.5,1.5,0,11,12,5,8.8,8.73380100017967
-2,0.5,1.5,0,11,12,5,8.9,8.81616757632052
-2,0.5,1.5,0,11,12,5,9,8.90087918979392
-2,0.5,1.5,0,11,12,5,9.1,8.98797884110487
-2,0.5,1.5,0,11,12,5,9.2,9.07745876754522
-2,0.5,1.5,0,11,12,5,9.3,9.16930710837153
-2,0.5,1.5,0,11,12,5,9.4,9.26345866857458
-2,0.5,1.5,0,11,12,5,9.5,9.35988758708612
-2,0.5,1.5,0,11,12,5,9.6,9.45845571138665
-2,0.5,1.5,0,11,12,5,9.7,9.55913465844585
-2,0.5,1.5,0,11,12,5,9.8,9.66190419240947
-2,0.5,1.5,0,11,12,5,9.9,9.7666936380031
-2,0.5,1.5,0,11,12,5,10,9.87343439226892
-2,0.5,1.5,0,11,12,5,10.1,9.98206710987037
-2,0.5,1.5,0,11,12,5,10.2,10.0925611665193
-2,0.5,1.5,0,11,12,5,10.3,10.2048151669735
-2,0.5,1.5,0,11,12,5,10.4,10.3187707619482
-2,0.5,1.5,0,11,12,5,10.5,10.4343932699479
-2,0.5,1.5,0,11,12,5,10.6,10.5516558079049
2,0.5,1.5,0,11,12,5,0.6,7.51539737251997
2,0.5,1.5,0,11,12,5,0.7,8.00197366578248
2,0.5,1.5,0,11,12,5,0.8,8.25251440071402
2,0.5,1.5,0,11,12,5,0.9,8.31334879907724
2,0.5,1.5,0,11,12,5,1,8.2376815477099
2,0.5,1.5,0,11,12,5,1.1,8.06146433359561
2,0.5,1.5,0,11,12,5,1.2,7.8310684675683
2,0.5,1.5,0,11,12,5,1.3,7.57713270685668
2,0.5,1.5,0,11,12,5,1.4,7.3207031487321
2,0.5,1.5,0,11,12,5,1.5,7.08145510982579
2,0.5,1.5,0,11,12,5,1.6,6.86503629360707
2,0.5,1.5,0,11,12,5,1.7,6.67672032479343
2,0.5,1.5,0,11,12,5,1.8,6.51969105632356
2,0.5,1.5,0,11,12,5,1.9,6.3915636766315
2,0.5,1.5,0,11,12,5,2,6.29687585972064
2,0.5,1.5,0,11,12,5,2.1,6.22927149818953
2,0.5,1.5,0,11,12,5,2.2,6.18634175431619
2,0.5,1.5,0,11,12,5,2.3,6.16670693413603
2,0.5,1.5,0,11,12,5,2.4,6.1658402907143
2,0.5,1.5,0,11,12,5,2.5,6.18429269201356
2,0.5,1.5,0,11,12,5,2.6,6.21915520409355
2,0.5,1.5,0,11,12,5,2.7,6.2652710814532
2,0.5,1.5,0,11,12,5,2.8,6.31948616670273
2,0.5,1.5,0,11,12,5,2.9,6.37984798139986
2,0.5,1.5,0,11,12,5,3,6.44495031473038
2,0.5,1.5,0,11,12,5,3.1,6.51319132155652
2,0.5,1.5,0,11,12,5,3.2,6.58432969397033
2,0.5,1.5,0,11,12,5,3.3,6.65783790362083
2,0.5,1.5,0,11,12,5,3.4,6.73378149766744
2,0.5,1.5,0,11,12,5,3.5,6.81284227990534
2,0.5,1.5,0,11,12,5,3.6,6.89492790060726
2,0.5,1.5,0,11,12,5,3.7,6.98107295616368
2,0.5,1.5,0,11,12,5,3.8,7.07137818067399
2,0.5,1.5,0,11,12,5,3.9,7.1662577432059
2,0.5,1.5,0,11,12,5,4,7.26661380423171
2,0.5,1.5,0,11,12,5,4.1,7.37267011572179
2,0.5,1.5,0,11,12,5,4.2,7.48479713093418
2,0.5,1.5,0,11,12,5,4.3,7.60330351514421
2,0.5,1.5,0,11,12,5,4.4,7.72834629811999
2,0.5,1.5,0,11,12,5,4.5,7.86007903535473
2,0.5,1.5,0,11,12,5,4.6,7.99869500866515
2,0.5,1.5,0,11,12,5,4.7,8.14422336064934
2,0.5,1.5,0,11,12,5,4.8,8.29673964728944
2,0.5,1.5,0,11,12,5,4.9,8.45593160959896
2,0.5,1.5,0,11,12,5,5,8.62153798979437
2,0.5,1.5,0,11,12,5,5.1,8.79344049136099
2,0.5,1.5,0,11,12,5,5.2,8.97121003207102
2,0.5,1.5,0,11,12,5,5.3,9.1545104217867
2,0.5,1.5,0,11,12,5,5.4,9.34300826967486
2,0.5,1.5,0,11,12,5,5.5,9.53612249361906
2,0.5,1.5,0,11,12,5,5.6,9.73344406471793
2,0.5,1.5,0,11,12,5,5.7,9.934595781767
2,0.5,1.5,0,11,12,5,5.8,10.1391926772692
2,0.5,1.5,0,11,12,5,5.9,10.34683460937
2,0.5,1.5,0,11,12,5,6,10.5571202257312
2,0.5,1.5,0,11,12,5,6.1,10.7696029413936
2,0.5,1.5,0,11,12,5,6.2,10.9836633226182
2,0.5,1.5,0,11,12,5,6.3,11.1987161529685
2,0.5,1.5,0,11,12,5,6.4,11.4141726452294
2,0.5,1.5,0,11,12,5,6.5,11.6294981639992
2,0.5,1.5,0,11,12,5,6.6,11.8439317548018
2,0.5,1.5,0,11,12,5,6.7,12.056728941556
2,0.5,1.5,0,11,12,5,6.8,12.2673777806532
2,0.5,1.5,0,11,12,5,6.9,12.4752867752393
2,0.5,1.5,0,11,12,5,7,12.6798005041236
2,0.5,1.5,0,11,12,5,7.1,12.880421717882
2,0.5,1.5,0,11,12,5,7.2,13.0768318691178
2,0.5,1.5,0,11,12,5,7.3,13.2686148191287
2,0.5,1.5,0,11,12,5,7.4,13.4553883102359
2,0.5,1.5,0,11,12,5,7.5,13.6369935103469
2,0.5,1.5,0,11,12,5,7.6,13.8133143459876
2,0.5,1.5,0,11,12,5,7.7,13.9841204021338
2,0.5,1.5,0,11,12,5,7.8,14.1493449896913
2,0.5,1.5,0,11,12,5,7.9,14.309126667536
2,0.5,1.5,0,11,12,5,8,14.4634252733503
2,0.5,1.5,0,11,12,5,8.1,14.6123867135264
2,0.5,1.5,0,11,12,5,8.2,14.7563298897284
2,0.5,1.5,0,11,12,5,8.3,14.8961013295901
2,0.5,1.5,0,11,12,5,8.4,15.0308672969948
2,0.5,1.5,0,11,12,5,8.5,15.1608669549884
2,0.5,1.5,0,11,12,5,8.6,15.2862517757284
2,0.5,1.5,0,11,12,5,8.7,15.4072628232615
2,0.5,1.5,0,11,12,5,8.8,15.5241403041749
2,0.5,1.5,0,11,12,5,8.9,15.6370375499749
2,0.5,1.5,0,11,12,5,9,15.7463559744121
2,0.5,1.5,0,11,12,5,9.1,15.8523882995427
2,0.5,1.5,0,11,12,5,9.2,15.9553581286864
2,0.5,1.5,0,11,12,5,9.3,16.0556437388312
2,0.5,1.5,0,11,12,5,9.4,16.1535698137094
2,0.5,1.5,0,11,12,5,9.5,16.2494502617088
2,0.5,1.5,0,11,12,5,9.6,16.3435481701588
2,0.5,1.5,0,11,12,5,9.7,16.4360611793075
2,0.5,1.5,0,11,12,5,9.8,16.5272815646053
2,0.5,1.5,0,11,12,5,9.9,16.6173727532562
2,0.5,1.5,0,11,12,5,10,16.706405146087
2,0.5,1.5,0,11,12,5,10.1,16.7945830851345
2,0.5,1.5,0,11,12,5,10.2,16.8818747103933
2,0.5,1.5,0,11,12,5,10.3,16.9683324858302
2,0.5,1.5,0,11,12,5,10.4,17.0538678029212
2,0.5,1.5,0,11,12,5,10.5,17.1384248906146
2,0.5,1.5,0,11,12,5,10.6,17.2219298940509
-2,0.5,1.5,0,9,8,15,0.6,5.2630380280564
-2,0.5,1.5,0,9,8,15,0.7,4.36137137779206
-2,0.5,1.5,0,9,8,15,0.8,3.70072160906772
-2,0.5,1.5,0,9,8,15,0.9,3.26032649619088
-2,0.5,1.5,0,9,8,15,1,3.03003936467908
-2,0.5,1.5,0,9,8,15,1.1,2.95146323384166
-2,0.5,1.5,0,9,8,15,1.2,2.99779866100521
-2,0.5,1.5,0,9,8,15,1.3,3.14285738763894
-2,0.5,1.5,0,9,8,15,1.4,3.35091689941668
-2,0.5,1.5,0,9,8,15,1.5,3.61262671131179
-2,0.5,1.5,0,9,8,15,1.6,3.90618985762264
-2,0.5,1.5,0,9,8,15,1.7,4.21728782873067
-2,0.5,1.5,0,9,8,15,1.8,4.54047342030595
-2,0.5,1.5,0,9,8,15,1.9,4.86266832709294
-2,0.5,1.5,0,9,8,15,2,5.18467285686076
-2,0.5,1.5,0,9,8,15,2.1,5.49805470762302
-2,0.5,1.5,0,9,8,15,2.2,5.79839579300807
-2,0.5,1.5,0,9,8,15,2.3,6.08499840861387
-2,0.5,1.5,0,9,8,15,2.4,6.34983429830823
-2,0.5,1.5,0,9,8,15,2.5,6.59372396081017
-2,0.5,1.5,0,9,8,15,2.6,6.81539144606089
-2,0.5,1.5,0,9,8,15,2.7,7.01544956522621
-2,0.5,1.5,0,9,8,15,2.8,7.19385005732424
-2,0.5,1.5,0,9,8,15,2.9,7.35182992460514
-2,0.5,1.5,0,9,8,15,3,7.49104420709873
-2,0.5,1.5,0,9,8,15,3.1,7.61248030433774
-2,0.5,1.5,0,9,8,15,3.2,7.71804091094237
-2,0.5,1.5,0,9,8,15,3.3,7.80932348316254
-2,0.5,1.5,0,9,8,15,3.4,7.88802570766291
-2,0.5,1.5,0,9,8,15,3.5,7.95589734526053
-2,0.5,1.5,0,9,8,15,3.6,8.01418332793966
-2,0.5,1.5,0,9,8,15,3.7,8.06467993785779
-2,0.5,1.5,0,9,8,15,3.8,8.10817146528487
-2,0.5,1.5,0,9,8,15,3.9,8.14600327541432
-2,0.5,1.5,0,9,8,15,4,8.17893262515754
-2,0.5,1.5,0,9,8,15,4.1,8.20784211408659
-2,0.5,1.5,0,9,8,15,4.2,8.23329858653054
-2,0.5,1.5,0,9,8,15,4.3,8.25591675681225
-2,0.5,1.5,0,9,8,15,4.4,8.27594035263149
-2,0.5,1.5,0,9,8,15,4.5,8.29388362144969
-2,0.5,1.5,0,9,8,15,4.6,8.3100657092995
-2,0.5,1.5,0,9,8,15,4.7,8.32520011858727
-2,0.5,1.5,0,9,8,15,4.8,8.33988268644281
-2,0.5,1.5,0,9,8,15,4.9,8.35448192681487
-2,0.5,1.5,0,9,8,15,5,8.36969280938965
-2,0.5,1.5,0,9,8,15,5.1,8.38606712220794
-2,0.5,1.5,0,9,8,15,5.2,8.40437101370316
-2,0.5,1.5,0,9,8,15,5.3,8.4252056500925
-2,0.5,1.5,0,9,8,15,5.4,8.44931326523811
-2,0.5,1.5,0,9,8,15,5.5,8.47723107951586
-2,0.5,1.5,0,9,8,15,5.6,8.50940232412356
-2,0.5,1.5,0,9,8,15,5.7,8.54605515045771
-2,0.5,1.5,0,9,8,15,5.8,8.58756686740906
-2,0.5,1.5,0,9,8,15,5.9,8.63413896991879
-2,0.5,1.5,0,9,8,15,6,8.68578157168684
-2,0.5,1.5,0,9,8,15,6.1,8.74225577168625
-2,0.5,1.5,0,9,8,15,6.2,8.80356499416519
-2,0.5,1.5,0,9,8,15,6.3,8.86949926180239
-2,0.5,1.5,0,9,8,15,6.4,8.93995000640672
-2,0.5,1.5,0,9,8,15,6.5,9.0145676374078
-2,0.5,1.5,0,9,8,15,6.6,9.09312577339563
-2,0.5,1.5,0,9,8,15,6.7,9.17530286472746
-2,0.5,1.5,0,9,8,15,6.8,9.26051638989534
-2,0.5,1.5,0,9,8,15,6.9,9.34837571817378
-2,0.5,1.5,0,9,8,15,7,9.43854360078869
-2,0.5,1.5,0,9,8,15,7.1,9.53051200711119
-2,0.5,1.5,0,9,8,15,7.2,9.62383130074621
-2,0.5,1.5,0,9,8,15,7.3,9.71799661660621
-2,0.5,1.5,0,9,8,15,7.4,9.81257525643607
-2,0.5,1.5,0,9,8,15,7.5,9.90729359289264
-2,0.5,1.5,0,9,8,15,7.6,10.0017586677283
-2,0.5,1.5,0,9,8,15,7.7,10.0957228358768
-2,0.5,1.5,0,9,8,15,7.8,10.1889268795381
-2,0.5,1.5,0,9,8,15,7.9,10.2812540677218
-2,0.5,1.5,0,9,8,15,8,10.3726392110686
-2,0.5,1.5,0,9,8,15,8.1,10.4630183278546
-2,0.5,1.5,0,9,8,15,8.2,10.5524934859646
-2,0.5,1.5,0,9,8,15,8.3,10.6412385102984
-2,0.5,1.5,0,9,8,15,8.4,10.7295542925894
-2,0.5,1.5,0,9,8,15,8.5,10.817628713204
-2,0.5,1.5,0,9,8,15,8.6,10.9056348570157
-2,0.5,1.5,0,9,8,15,8.7,10.9937964710162
-2,0.5,1.5,0,9,8,15,8.8,11.0823604945941
-2,0.5,1.5,0,9,8,15,8.9,11.171422461398
-2,0.5,1.5,0,9,8,15,9,11.261153691633
-2,0.5,1.5,0,9,8,15,9.1,11.351484182085
-2,0.5,1.5,0,9,8,15,9.2,11.4423501592228
-2,0.5,1.5,0,9,8,15,9.3,11.5335973180157
-2,0.5,1.5,0,9,8,15,9.4,11.6250523988757
-2,0.5,1.5,0,9,8,15,9.5,11.7164855211909
-2,0.5,1.5,0,9,8,15,9.6,11.8076814043445
-2,0.5,1.5,0,9,8,15,9.7,11.8983236744648
-2,0.5,1.5,0,9,8,15,9.8,11.9879864649372
-2,0.5,1.5,0,9,8,15,9.9,12.0764926864408
-2,0.5,1.5,0,9,8,15,10,12.1634696811053
-2,0.5,1.5,0,9,8,15,10.1,12.2486974199327
-2,0.5,1.5,0,9,8,15,10.2,12.3319991970441
-2,0.5,1.5,0,9,8,15,10.3,12.4132120750826
-2,0.5,1.5,0,9,8,15,10.4,12.4922143901784
-2,0.5,1.5,0,9,8,15,10.5,12.5690222843684
-2,0.5,1.5,0,9,8,15,10.6,12.6436881093473
2,0.5,1.5,0,9,8,15,0.6,6.67387101407484
2,0.5,1.5,0,9,8,15,0.7,5.59799182179616
2,0.5,1.5,0,9,8,15,0.8,4.68491832959529
2,0.5,1.5,0,9,8,15,0.9,3.9791256004445
2,0.5,1.5,0,9,8,15,1,3.48973111053147
2,0.5,1.5,0,9,8,15,1.1,3.18044942406001
2,0.5,1.5,0,9,8,15,1.2,3.02579351284007
2,0.5,1.5,0,9,8,15,1.3,3.00182936104056
2,0.5,1.5,0,9,8,15,1.4,3.07550988997286
2,0.5,1.5,0,9,8,15,1.5,3.23617386749276
2,0.5,1.5,0,9,8,15,1.6,3.45712861847352
2,0.5,1.5,0,9,8,15,1.7,3.72544188974508
2,0.5,1.5,0,9,8,15,1.8,4.03234015366995
2,0.5,1.5,0,9,8,15,1.9,4.36545311884697
2,0.5,1.5,0,9,8,15,2,4.72225110522744
2,0.5,1.5,0,9,8,15,2.1,5.09312104836438
2,0.5,1.5,0,9,8,15,2.2,5.47557171107477
2,0.5,1.5,0,9,8,15,2.3,5.88059399802682
2,0.5,1.5,0,9,8,15,2.4,6.28547211571226
2,0.5,1.5,0,9,8,15,2.5,6.68252726221779
2,0.5,1.5,0,9,8,15,2.6,7.06979953042672
2,0.5,1.5,0,9,8,15,2.7,7.44284442857282
2,0.5,1.5,0,9,8,15,2.8,7.80185852380711
2,0.5,1.5,0,9,8,15,2.9,8.14393146301525
2,0.5,1.5,0,9,8,15,3,8.46679093046151
2,0.5,1.5,0,9,8,15,3.1,8.7705605404992
2,0.5,1.5,0,9,8,15,3.2,9.05593190680286
2,0.5,1.5,0,9,8,15,3.3,9.32434872035308
2,0.5,1.5,0,9,8,15,3.4,9.57749722835199
2,0.5,1.5,0,9,8,15,3.5,9.81668075880655
2,0.5,1.5,0,9,8,15,3.6,10.0440499162679
2,0.5,1.5,0,9,8,15,3.7,10.2606690486102
2,0.5,1.5,0,9,8,15,3.8,10.4677553216016
2,0.5,1.5,0,9,8,15,3.9,10.6666573479978
2,0.5,1.5,0,9,8,15,4,10.8584662967091
2,0.5,1.5,0,9,8,15,4.1,11.0439624308811
2,0.5,1.5,0,9,8,15,4.2,11.2231971278178
2,0.5,1.5,0,9,8,15,4.3,11.3965888607752
2,0.5,1.5,0,9,8,15,4.4,11.5644938715072
2,0.5,1.5,0,9,8,15,4.5,11.7270875683187
2,0.5,1.5,0,9,8,15,4.6,11.8845556621239
2,0.5,1.5,0,9,8,15,4.7,12.0366113722383
2,0.5,1.5,0,9,8,15,4.8,12.1830732328793
2,0.5,1.5,0,9,8,15,4.9,12.3237784239261
2,0.5,1.5,0,9,8,15,5,12.4587709187772
2,0.5,1.5,0,9,8,15,5.1,12.5879711259648
2,0.5,1.5,0,9,8,15,5.2,12.7116819392023
2,0.5,1.5,0,9,8,15,5.3,12.8300196765959
2,0.5,1.5,0,9,8,15,5.4,12.9432763115561
2,0.5,1.5,0,9,8,15,5.5,13.0520016743334
2,0.5,1.5,0,9,8,15,5.6,13.1567481790726
2,0.5,1.5,0,9,8,15,5.7,13.2580732388473
2,0.5,1.5,0,9,8,15,5.8,13.3564706794608
2,0.5,1.5,0,9,8,15,5.9,13.4526853048051
2,0.5,1.5,0,9,8,15,6,13.5476659341722
2,0.5,1.5,0,9,8,15,6.1,13.6420961666858
2,0.5,1.5,0,9,8,15,6.2,13.7365471341042
2,0.5,1.5,0,9,8,15,6.3,13.8317552231316
2,0.5,1.5,0,9,8,15,6.4,13.9285376343889
2,0.5,1.5,0,9,8,15,6.5,14.0274785689518
2,0.5,1.5,0,9,8,15,6.6,14.1292589912865
2,0.5,1.5,0,9,8,15,6.7,14.2345213615363
2,0.5,1.5,0,9,8,15,6.8,14.3438396097713
2,0.5,1.5,0,9,8,15,6.9,14.4577041606189
2,0.5,1.5,0,9,8,15,7,14.5765335190776
2,0.5,1.5,0,9,8,15,7.1,14.7006121296272
2,0.5,1.5,0,9,8,15,7.2,14.8301907811262
2,0.5,1.5,0,9,8,15,7.3,14.9653685851222
2,0.5,1.5,0,9,8,15,7.4,15.1062265522749
2,0.5,1.5,0,9,8,15,7.5,15.2526817645963
2,0.5,1.5,0,9,8,15,7.6,15.4046940328418
2,0.5,1.5,0,9,8,15,7.7,15.5619409067835
2,0.5,1.5,0,9,8,15,7.8,15.72400068704
2,0.5,1.5,0,9,8,15,7.9,15.8903951436321
2,0.5,1.5,0,9,8,15,8,16.060517664843
2,0.5,1.5,0,9,8,15,8.1,16.2337669491747
2,0.5,1.5,0,9,8,15,8.2,16.4095498704951
2,0.5,1.5,0,9,8,15,8.3,16.5871688367092
2,0.5,1.5,0,9,8,15,8.4,16.7660448734749
2,0.5,1.5,0,9,8,15,8.5,16.9455634249806
2,0.5,1.5,0,9,8,15,8.6,17.125249284399
2,0.5,1.5,0,9,8,15,8.7,17.3047102007448
2,0.5,1.5,0,9,8,15,8.8,17.48383000102
2,0.5,1.5,0,9,8,15,8.9,17.6624730512597
2,0.5,1.5,0,9,8,15,9,17.8406372218016
2,0.5,1.5,0,9,8,15,9.1,18.018577389011
2,0.5,1.5,0,9,8,15,9.2,18.1964444500318
2,0.5,1.5,0,9,8,15,9.3,18.3745215337646
2,0.5,1.5,0,9,8,15,9.4,18.5532728942034
2,0.5,1.5,0,9,8,15,9.5,18.7332418836422
2,0.5,1.5,0,9,8,15,9.6,18.9146544051133
2,0.5,1.5,0,9,8,15,9.7,19.0979494360242
2,0.5,1.5,0,9,8,15,9.8,19.2838283610162
2,0.5,1.5,0,9,8,15,9.9,19.4725756190718
2,0.5,1.5,0,9,8,15,10,19.6645110481547
2,0.5,1.5,0,9,8,15,10.1,19.8599080564769
2,0.5,1.5,0,9,8,15,10.2,20.0590690255911
2,0.5,1.5,0,9,8,15,10.3,20.2618734906392
2,0.5,1.5,0,9,8,15,10.4,20.4681556513951
2,0.5,1.5,0,9,8,15,10.5,20.6780479755917
2,0.5,1.5,0,9,8,15,10.6,20.89126118979
-2,0.5,1.5,0,9,12,15,0.6,5.91182959960697
-2,0.5,1.5,0,9,12,15,0.7,5.02195450694623
-2,0.5,1.5,0,9,12,15,0.8,4.33701142457075
-2,0.5,1.5,0,9,12,15,0.9,3.84080373683052
-2,0.5,1.5,0,9,12,15,1,3.52398063009429
-2,0.5,1.5,0,9,12,15,1.1,3.33811806314489
-2,0.5,1.5,0,9,12,15,1.2,3.25523972307012
-2,0.5,1.5,0,9,12,15,1.3,3.27461757772083
-2,0.5,1.5,0,9,12,15,1.4,3.35484003929794
-2,0.5,1.5,0,9,12,15,1.5,3.48944429688854
-2,0.5,1.5,0,9,12,15,1.6,3.65516010018879
-2,0.5,1.5,0,9,12,15,1.7,3.84137022292457
-2,0.5,1.5,0,9,12,15,1.8,4.08665792498281
-2,0.5,1.5,0,9,12,15,1.9,4.34235487249958
-2,0.5,1.5,0,9,12,15,2,4.60159042735604
-2,0.5,1.5,0,9,12,15,2.1,4.85543975853149
-2,0.5,1.5,0,9,12,15,2.2,5.09556330567906
-2,0.5,1.5,0,9,12,15,2.3,5.32806180563104
-2,0.5,1.5,0,9,12,15,2.4,5.54676360453099
-2,0.5,1.5,0,9,12,15,2.5,5.75067523194246
-2,0.5,1.5,0,9,12,15,2.6,5.94063564890517
-2,0.5,1.5,0,9,12,15,2.7,6.11558960896513
-2,0.5,1.5,0,9,12,15,2.8,6.27523614431028
-2,0.5,1.5,0,9,12,15,2.9,6.42114305534772
-2,0.5,1.5,0,9,12,15,3,6.55393214891977
-2,0.5,1.5,0,9,12,15,3.1,6.67356769297079
-2,0.5,1.5,0,9,12,15,3.2,6.78118432187515
-2,0.5,1.5,0,9,12,15,3.3,6.87729721727873
-2,0.5,1.5,0,9,12,15,3.4,6.96295627833495
-2,0.5,1.5,0,9,12,15,3.5,7.0387918007264
-2,0.5,1.5,0,9,12,15,3.6,7.10519587010743
-2,0.5,1.5,0,9,12,15,3.7,7.16306330052712
-2,0.5,1.5,0,9,12,15,3.8,7.21274837215409
-2,0.5,1.5,0,9,12,15,3.9,7.25486029988883
-2,0.5,1.5,0,9,12,15,4,7.29014669381993
-2,0.5,1.5,0,9,12,15,4.1,7.31944891927409
-2,0.5,1.5,0,9,12,15,4.2,7.34317009450468
-2,0.5,1.5,0,9,12,15,4.3,7.36217328182437
-2,0.5,1.5,0,9,12,15,4.4,7.37720790262767
-2,0.5,1.5,0,9,12,15,4.5,7.38893190925084
-2,0.5,1.5,0,9,12,15,4.6,7.39822989659458
-2,0.5,1.5,0,9,12,15,4.7,7.40590785704894
-2,0.5,1.5,0,9,12,15,4.8,7.41283378083863
-2,0.5,1.5,0,9,12,15,4.9,7.41985930663583
-2,0.5,1.5,0,9,12,15,5,7.42765122189087
-2,0.5,1.5,0,9,12,15,5.1,7.4368910144972
-2,0.5,1.5,0,9,12,15,5.2,7.44847906733676
-2,0.5,1.5,0,9,12,15,5.3,7.46310626583489
-2,0.5,1.5,0,9,12,15,5.4,7.4814076973631
-2,0.5,1.5,0,9,12,15,5.5,7.5036995820625
-2,0.5,1.5,0,9,12,15,5.6,7.53058317373985
-2,0.5,1.5,0,9,12,15,5.7,7.56230097875346
-2,0.5,1.5,0,9,12,15,5.8,7.59922745988127
-2,0.5,1.5,0,9,12,15,5.9,7.64116744720629
-2,0.5,1.5,0,9,12,15,6,7.68830635217607
-2,0.5,1.5,0,9,12,15,6.1,7.74057702921045
-2,0.5,1.5,0,9,12,15,6.2,7.79763800488462
-2,0.5,1.5,0,9,12,15,6.3,7.85933451715149
-2,0.5,1.5,0,9,12,15,6.4,7.92552170070207
-2,0.5,1.5,0,9,12,15,6.5,7.99596611577485
-2,0.5,1.5,0,9,12,15,6.6,8.07024008236141
-2,0.5,1.5,0,9,12,15,6.7,8.14801898457014
-2,0.5,1.5,0,9,12,15,6.8,8.22878011026757
-2,0.5,1.5,0,9,12,15,6.9,8.31201123825791
-2,0.5,1.5,0,9,12,15,7,8.3973755720083
-2,0.5,1.5,0,9,12,15,7.1,8.48439185730716
-2,0.5,1.5,0,9,12,15,7.2,8.57253617860914
-2,0.5,1.5,0,9,12,15,7.3,8.66130207130077
-2,0.5,1.5,0,9,12,15,7.4,8.75024387029654
-2,0.5,1.5,0,9,12,15,7.5,8.83895683688811
-2,0.5,1.5,0,9,12,15,7.6,8.92721984259836
-2,0.5,1.5,0,9,12,15,7.7,9.01456947622037
-2,0.5,1.5,0,9,12,15,7.8,9.10085447795925
-2,0.5,1.5,0,9,12,15,7.9,9.18592177102826
-2,0.5,1.5,0,9,12,15,8,9.26959392026518
-2,0.5,1.5,0,9,12,15,8.1,9.35185002010143
-2,0.5,1.5,0,9,12,15,8.2,9.43286491344535
-2,0.5,1.5,0,9,12,15,8.3,9.51273234830088
-2,0.5,1.5,0,9,12,15,8.4,9.59156208996466
-2,0.5,1.5,0,9,12,15,8.5,9.66953452497143
-2,0.5,1.5,0,9,12,15,8.6,9.74685816285208
-2,0.5,1.5,0,9,12,15,8.7,9.82370969136387
-2,0.5,1.5,0,9,12,15,8.8,9.90027600784484
-2,0.5,1.5,0,9,12,15,8.9,9.97668316807494
-2,0.5,1.5,0,9,12,15,9,10.0530991477877
-2,0.5,1.5,0,9,12,15,9.1,10.1294956073376
-2,0.5,1.5,0,9,12,15,9.2,10.2059280001314
-2,0.5,1.5,0,9,12,15,9.3,10.282385630932
-2,0.5,1.5,0,9,12,15,9.4,10.3586951313511
-2,0.5,1.5,0,9,12,15,9.5,10.4347524085062
-2,0.5,1.5,0,9,12,15,9.6,10.5104570158629
-2,0.5,1.5,0,9,12,15,9.7,10.5856296736251
-2,0.5,1.5,0,9,12,15,9.8,10.6600641425817
-2,0.5,1.5,0,9,12,15,9.9,10.7336040606595
-2,0.5,1.5,0,9,12,15,10,10.8062115551196
-2,0.5,1.5,0,9,12,15,10.1,10.8776443535324
-2,0.5,1.5,0,9,12,15,10.2,10.9478901286408
-2,0.5,1.5,0,9,12,15,10.3,11.016925523466
-2,0.5,1.5,0,9,12,15,10.4,11.084669600485
-2,0.5,1.5,0,9,12,15,10.5,11.1512047553127
-2,0.5,1.5,0,9,12,15,10.6,11.2165548781292
2,0.5,1.5,0,9,12,15,0.6,7.17293635852159
2,0.5,1.5,0,9,12,15,0.7,6.07730213003531
2,0.5,1.5,0,9,12,15,0.8,5.14711498617959
2,0.5,1.5,0,9,12,15,0.9,4.42428438352331
2,0.5,1.5,0,9,12,15,1,3.91454440808325
2,0.5,1.5,0,9,12,15,1.1,3.57976936793469
2,0.5,1.5,0,9,12,15,1.2,3.39289687151373
2,0.5,1.5,0,9,12,15,1.3,3.32913394781541
2,0.5,1.5,0,9,12,15,1.4,3.35608329346095
2,0.5,1.5,0,9,12,15,1.5,3.46326241961079
2,0.5,1.5,0,9,12,15,1.6,3.62587853809255
2,0.5,1.5,0,9,12,15,1.7,3.83196293521525
2,0.5,1.5,0,9,12,15,1.8,4.07272325261538
2,0.5,1.5,0,9,12,15,1.9,4.3380309476362
2,0.5,1.5,0,9,12,15,2,4.62544805457823
2,0.5,1.5,0,9,12,15,2.1,4.92639895157393
2,0.5,1.5,0,9,12,15,2.2,5.23381008363418
2,0.5,1.5,0,9,12,15,2.3,5.54904597095738
2,0.5,1.5,0,9,12,15,2.4,5.86602793628838
2,0.5,1.5,0,9,12,15,2.5,6.18244724904226
2,0.5,1.5,0,9,12,15,2.6,6.49592713284126
2,0.5,1.5,0,9,12,15,2.7,6.80411523752393
2,0.5,1.5,0,9,12,15,2.8,7.10535752177902
2,0.5,1.5,0,9,12,15,2.9,7.39874057566948
2,0.5,1.5,0,9,12,15,3,7.68337878155116
2,0.5,1.5,0,9,12,15,3.1,7.95898860877702
2,0.5,1.5,0,9,12,15,3.2,8.22488630350244
2,0.5,1.5,0,9,12,15,3.3,8.48206725897057
2,0.5,1.5,0,9,12,15,3.4,8.73045675625569
2,0.5,1.5,0,9,12,15,3.5,8.9701850959083
2,0.5,1.5,0,9,12,15,3.6,9.20202103119428
2,0.5,1.5,0,9,12,15,3.7,9.42570986032878
2,0.5,1.5,0,9,12,15,3.8,9.64160870300962
2,0.5,1.5,0,9,12,15,3.9,9.84993722420059
2,0.5,1.5,0,9,12,15,4,10.0503702423296
2,0.5,1.5,0,9,12,15,4.1,10.2434866947402
2,0.5,1.5,0,9,12,15,4.2,10.4293159189457
2,0.5,1.5,0,9,12,15,4.3,10.607653205463
2,0.5,1.5,0,9,12,15,4.4,10.7784765458403
2,0.5,1.5,0,9,12,15,4.5,10.9419403555535
2,0.5,1.5,0,9,12,15,4.6,11.0981900395745
2,0.5,1.5,0,9,12,15,4.7,11.2472261151459
2,0.5,1.5,0,9,12,15,4.8,11.3888625527817
2,0.5,1.5,0,9,12,15,4.9,11.5233630676673
2,0.5,1.5,0,9,12,15,5,11.6510113509478
2,0.5,1.5,0,9,12,15,5.1,11.7721126497011
2,0.5,1.5,0,9,12,15,5.2,11.886938756835
2,0.5,1.5,0,9,12,15,5.3,11.9957968751839
2,0.5,1.5,0,9,12,15,5.4,12.0992177836738
2,0.5,1.5,0,9,12,15,5.5,12.1978833623665
2,0.5,1.5,0,9,12,15,5.6,12.292440682042
2,0.5,1.5,0,9,12,15,5.7,12.3836490079221
2,0.5,1.5,0,9,12,15,5.8,12.4721536397707
2,0.5,1.5,0,9,12,15,5.9,12.5586343295508
2,0.5,1.5,0,9,12,15,6,12.6439547311854
2,0.5,1.5,0,9,12,15,6.1,12.7287734296394
2,0.5,1.5,0,9,12,15,6.2,12.8138867196727
2,0.5,1.5,0,9,12,15,6.3,12.8999093506512
2,0.5,1.5,0,9,12,15,6.4,12.9875474524413
2,0.5,1.5,0,9,12,15,6.5,13.0774841484366
2,0.5,1.5,0,9,12,15,6.6,13.1703637288001
2,0.5,1.5,0,9,12,15,6.7,13.2667110076231
2,0.5,1.5,0,9,12,15,6.8,13.3670068312664
2,0.5,1.5,0,9,12,15,6.9,13.4716628945485
2,0.5,1.5,0,9,12,15,7,13.5810405026131
2,0.5,1.5,0,9,12,15,7.1,13.6954756909313
2,0.5,1.5,0,9,12,15,7.2,13.815204363633
2,0.5,1.5,0,9,12,15,7.3,13.9403280798022
2,0.5,1.5,0,9,12,15,7.4,14.0707771133349
2,0.5,1.5,0,9,12,15,7.5,14.2065037134455
2,0.5,1.5,0,9,12,15,7.6,14.3473762284935
2,0.5,1.5,0,9,12,15,7.7,14.4931454848585
2,0.5,1.5,0,9,12,15,7.8,14.6433415536293
2,0.5,1.5,0,9,12,15,7.9,14.7976645999817
2,0.5,1.5,0,9,12,15,8,14.9555945075275
2,0.5,1.5,0,9,12,15,8.1,15.1164587066509
2,0.5,1.5,0,9,12,15,8.2,15.2798063948349
2,0.5,1.5,0,9,12,15,8.3,15.4450297915993
2,0.5,1.5,0,9,12,15,8.4,15.6116247607039
2,0.5,1.5,0,9,12,15,8.5,15.7790789528118
2,0.5,1.5,0,9,12,15,8.6,15.9470220571179
2,0.5,1.5,0,9,12,15,8.7,16.1150997090442
2,0.5,1.5,0,9,12,15,8.8,16.2830735801805
2,0.5,1.5,0,9,12,15,8.9,16.4506814160117
2,0.5,1.5,0,9,12,15,9,16.6179009172569
2,0.5,1.5,0,9,12,15,9.1,16.7848621019631
2,0.5,1.5,0,9,12,15,9.2,16.9516829296095
2,0.5,1.5,0,9,12,15,9.3,17.1185128003525
2,0.5,1.5,0,9,12,15,9.4,17.2855453445299
2,0.5,1.5,0,9,12,15,9.5,17.4530503897922
2,0.5,1.5,0,9,12,15,9.6,17.6212220305913
2,0.5,1.5,0,9,12,15,9.7,17.7904771664355
2,0.5,1.5,0,9,12,15,9.8,17.9612167663569
2,0.5,1.5,0,9,12,15,9.9,18.1336240869826
2,0.5,1.5,0,9,12,15,10,18.30784810501
2,0.5,1.5,0,9,12,15,10.1,18.4842084461276
2,0.5,1.5,0,9,12,15,10.2,18.6628950768473
2,0.5,1.5,0,9,12,15,10.3,18.8439243245213
2,0.5,1.5,0,9,12,15,10.4,19.027238886305
2,0.5,1.5,0,9,12,15,10.5,19.2128874579545
2,0.5,1.5,0,9,12,15,10.6,19.4007129561635
-2,0.5,1.5,0,11,8,15,0.6,6.01469167153669
-2,0.5,1.5,0,11,8,15,0.7,5.13719352725436
-2,0.5,1.5,0,11,8,15,0.8,4.45181528815424
-2,0.5,1.5,0,11,8,15,0.9,3.94609646862957
-2,0.5,1.5,0,11,8,15,1,3.61518681646742
-2,0.5,1.5,0,11,8,15,1.1,3.41018744473769
-2,0.5,1.5,0,11,8,15,1.2,3.30589996701554
-2,0.5,1.5,0,11,8,15,1.3,3.2898369573362
-2,0.5,1.5,0,11,8,15,1.4,3.32593392485239
-2,0.5,1.5,0,11,8,15,1.5,3.49392276224293
-2,0.5,1.5,0,11,8,15,1.6,3.7378669043981
-2,0.5,1.5,0,11,8,15,1.7,3.99698778136074
-2,0.5,1.5,0,11,8,15,1.8,4.27186561052461
-2,0.5,1.5,0,11,8,15,1.9,4.54501877450909
-2,0.5,1.5,0,11,8,15,2,4.82193179379272
-2,0.5,1.5,0,11,8,15,2.1,5.09323952619026
-2,0.5,1.5,0,11,8,15,2.2,5.35009122299446
-2,0.5,1.5,0,11,8,15,2.3,5.59928823537438
-2,0.5,1.5,0,11,8,15,2.4,5.8340653030064
-2,0.5,1.5,0,11,8,15,2.5,6.05431574647248
-2,0.5,1.5,0,11,8,15,2.6,6.25962921795141
-2,0.5,1.5,0,11,8,15,2.7,6.44975008429294
-2,0.5,1.5,0,11,8,15,2.8,6.62434217129456
-2,0.5,1.5,0,11,8,15,2.9,6.78452352705465
-2,0.5,1.5,0,11,8,15,3,6.93112525820803
-2,0.5,1.5,0,11,8,15,3.1,7.06406581643021
-2,0.5,1.5,0,11,8,15,3.2,7.18440164589119
-2,0.5,1.5,0,11,8,15,3.3,7.29242913603902
-2,0.5,1.5,0,11,8,15,3.4,7.3886918142974
-2,0.5,1.5,0,11,8,15,3.5,7.47359876676943
-2,0.5,1.5,0,11,8,15,3.6,7.54762414934527
-2,0.5,1.5,0,11,8,15,3.7,7.61145695379153
-2,0.5,1.5,0,11,8,15,3.8,7.66508516418653
-2,0.5,1.5,0,11,8,15,3.9,7.70938712531395
-2,0.5,1.5,0,11,8,15,4,7.74518543401037
-2,0.5,1.5,0,11,8,15,4.1,7.77354800230097
-2,0.5,1.5,0,11,8,15,4.2,7.79518772396465
-2,0.5,1.5,0,11,8,15,4.3,7.81096262125865
-2,0.5,1.5,0,11,8,15,4.4,7.82209703769835
-2,0.5,1.5,0,11,8,15,4.5,7.82956177859122
-2,0.5,1.5,0,11,8,15,4.6,7.83445376650338
-2,0.5,1.5,0,11,8,15,4.7,7.83795432355889
-2,0.5,1.5,0,11,8,15,4.8,7.84096420759975
-2,0.5,1.5,0,11,8,15,4.9,7.84430634797979
-2,0.5,1.5,0,11,8,15,5,7.84897787548773
-2,0.5,1.5,0,11,8,15,5.1,7.85583262773978
-2,0.5,1.5,0,11,8,15,5.2,7.86553334947602
-2,0.5,1.5,0,11,8,15,5.3,7.87899832921009
-2,0.5,1.5,0,11,8,15,5.4,7.89693585079759
-2,0.5,1.5,0,11,8,15,5.5,7.91986781986218
-2,0.5,1.5,0,11,8,15,5.6,7.94806651821368
-2,0.5,1.5,0,11,8,15,5.7,7.98188645526478
-2,0.5,1.5,0,11,8,15,5.8,8.0215486136645
-2,0.5,1.5,0,11,8,15,5.9,8.0669875232061
-2,0.5,1.5,0,11,8,15,6,8.11819029375322
-2,0.5,1.5,0,11,8,15,6.1,8.17514979078652
-2,0.5,1.5,0,11,8,15,6.2,8.23757634863957
-2,0.5,1.5,0,11,8,15,6.3,8.30518393361467
-2,0.5,1.5,0,11,8,15,6.4,8.37765360679749
-2,0.5,1.5,0,11,8,15,6.5,8.45473346144349
-2,0.5,1.5,0,11,8,15,6.6,8.53603758245099
-2,0.5,1.5,0,11,8,15,6.7,8.62093894262432
-2,0.5,1.5,0,11,8,15,6.8,8.70899696877664
-2,0.5,1.5,0,11,8,15,6.9,8.7996901118144
-2,0.5,1.5,0,11,8,15,7,8.89236752275565
-2,0.5,1.5,0,11,8,15,7.1,8.98654505169003
-2,0.5,1.5,0,11,8,15,7.2,9.0816531568436
-2,0.5,1.5,0,11,8,15,7.3,9.17704291933215
-2,0.5,1.5,0,11,8,15,7.4,9.27208334400553
-2,0.5,1.5,0,11,8,15,7.5,9.36634857745176
-2,0.5,1.5,0,11,8,15,7.6,9.45950115624895
-2,0.5,1.5,0,11,8,15,7.7,9.55111582833456
-2,0.5,1.5,0,11,8,15,7.8,9.64084113621241
-2,0.5,1.5,0,11,8,15,7.9,9.72861397783547
-2,0.5,1.5,0,11,8,15,8,9.81422032837796
-2,0.5,1.5,0,11,8,15,8.1,9.89770083615949
-2,0.5,1.5,0,11,8,15,8.2,9.97927385254932
-2,0.5,1.5,0,11,8,15,8.3,10.0590631744366
-2,0.5,1.5,0,11,8,15,8.4,10.1374218363345
-2,0.5,1.5,0,11,8,15,8.5,10.2146378568653
-2,0.5,1.5,0,11,8,15,8.6,10.2910205969994
-2,0.5,1.5,0,11,8,15,8.7,10.3670865589016
-2,0.5,1.5,0,11,8,15,8.8,10.4430792031625
-2,0.5,1.5,0,11,8,15,8.9,10.5193086543722
-2,0.5,1.5,0,11,8,15,9,10.596044853501
-2,0.5,1.5,0,11,8,15,9.1,10.6735618883301
-2,0.5,1.5,0,11,8,15,9.2,10.7519897331398
-2,0.5,1.5,0,11,8,15,9.3,10.8314164058525
-2,0.5,1.5,0,11,8,15,9.4,10.9118456554029
-2,0.5,1.5,0,11,8,15,9.5,10.9932120231828
-2,0.5,1.5,0,11,8,15,9.6,11.0753414576952
-2,0.5,1.5,0,11,8,15,9.7,11.1580368855777
-2,0.5,1.5,0,11,8,15,9.8,11.2411545757573
-2,0.5,1.5,0,11,8,15,9.9,11.3243803629592
-2,0.5,1.5,0,11,8,15,10,11.4074651134154
-2,0.5,1.5,0,11,8,15,10.1,11.4901004302685
-2,0.5,1.5,0,11,8,15,10.2,11.5720819824526
-2,0.5,1.5,0,11,8,15,10.3,11.6531228395055
-2,0.5,1.5,0,11,8,15,10.4,11.7330915277061
-2,0.5,1.5,0,11,8,15,10.5,11.8118695920167
-2,0.5,1.5,0,11,8,15,10.6,11.8893033264558
2,0.5,1.5,0,11,8,15,0.6,6.82405877014685
2,0.5,1.5,0,11,8,15,0.7,5.7515043461704
2,0.5,1.5,0,11,8,15,0.8,4.84626026533074
2,0.5,1.5,0,11,8,15,0.9,4.14940073674142
2,0.5,1.5,0,11,8,15,1,3.66689513774706
2,0.5,1.5,0,11,8,15,1.1,3.35955340070624
2,0.5,1.5,0,11,8,15,1.2,3.2004795704631
2,0.5,1.5,0,11,8,15,1.3,3.16506714471872
2,0.5,1.5,0,11,8,15,1.4,3.2202236303987
2,0.5,1.5,0,11,8,15,1.5,3.35630338851346
2,0.5,1.5,0,11,8,15,1.6,3.54727751322788
2,0.5,1.5,0,11,8,15,1.7,3.78107222573515
2,0.5,1.5,0,11,8,15,1.8,4.05053199341347
2,0.5,1.5,0,11,8,15,1.9,4.35080753978837
2,0.5,1.5,0,11,8,15,2,4.67299060557852
2,0.5,1.5,0,11,8,15,2.1,5.00854069428479
2,0.5,1.5,0,11,8,15,2.2,5.34966935490202
2,0.5,1.5,0,11,8,15,2.3,5.69831299996257
2,0.5,1.5,0,11,8,15,2.4,6.04763406447474
2,0.5,1.5,0,11,8,15,2.5,6.39624326150815
2,0.5,1.5,0,11,8,15,2.6,6.74155754619956
2,0.5,1.5,0,11,8,15,2.7,7.08090204754522
2,0.5,1.5,0,11,8,15,2.8,7.4129482564119
2,0.5,1.5,0,11,8,15,2.9,7.73584681100353
2,0.5,1.5,0,11,8,15,3,8.04967043587598
2,0.5,1.5,0,11,8,15,3.1,8.35399088270525
2,0.5,1.5,0,11,8,15,3.2,8.64788096201087
2,0.5,1.5,0,11,8,15,3.3,8.93199940419398
2,0.5,1.5,0,11,8,15,3.4,9.20605008449092
2,0.5,1.5,0,11,8,15,3.5,9.47001988714225
2,0.5,1.5,0,11,8,15,3.6,9.72429215823862
2,0.5,1.5,0,11,8,15,3.7,9.96866019901711
2,0.5,1.5,0,11,8,15,3.8,10.2030961752379
2,0.5,1.5,0,11,8,15,3.9,10.4276132531619
2,0.5,1.5,0,11,8,15,4,10.6421732557146
2,0.5,1.5,0,11,8,15,4.1,10.8472840505802
2,0.5,1.5,0,11,8,15,4.2,11.0427996522575
2,0.5,1.5,0,11,8,15,4.3,11.2282288000825
2,0.5,1.5,0,11,8,15,4.4,11.4038679818524
2,0.5,1.5,0,11,8,15,4.5,11.5700922482087
2,0.5,1.5,0,11,8,15,4.6,11.7271865156647
2,0.5,1.5,0,11,8,15,4.7,11.875281944639
2,0.5,1.5,0,11,8,15,4.8,12.0143671303551
2,0.5,1.5,0,11,8,15,4.9,12.1450298828108
2,0.5,1.5,0,11,8,15,5,12.2678500519744
2,0.5,1.5,0,11,8,15,5.1,12.3832517825792
2,0.5,1.5,0,11,8,15,5.2,12.4915914062405
2,0.5,1.5,0,11,8,15,5.3,12.5934695304129
2,0.5,1.5,0,11,8,15,5.4,12.6898104129071
2,0.5,1.5,0,11,8,15,5.5,12.7813651984241
2,0.5,1.5,0,11,8,15,5.6,12.8691248727999
2,0.5,1.5,0,11,8,15,5.7,12.9538433682057
2,0.5,1.5,0,11,8,15,5.8,13.0363743452506
2,0.5,1.5,0,11,8,15,5.9,13.1176657385609
2,0.5,1.5,0,11,8,15,6,13.1986399024372
2,0.5,1.5,0,11,8,15,6.1,13.2800166834082
2,0.5,1.5,0,11,8,15,6.2,13.3627165428727
2,0.5,1.5,0,11,8,15,6.3,13.4475469354628
2,0.5,1.5,0,11,8,15,6.4,13.5352734812439
2,0.5,1.5,0,11,8,15,6.5,13.6266068086664
2,0.5,1.5,0,11,8,15,6.6,13.7221905972221
2,0.5,1.5,0,11,8,15,6.7,13.8228565091411
2,0.5,1.5,0,11,8,15,6.8,13.9289192898668
2,0.5,1.5,0,11,8,15,6.9,14.0407881131567
2,0.5,1.5,0,11,8,15,7,14.1589223824843
2,0.5,1.5,0,11,8,15,7.1,14.2836239118455
2,0.5,1.5,0,11,8,15,7.2,14.4149772113067
2,0.5,1.5,0,11,8,15,7.3,14.5530515572973
2,0.5,1.5,0,11,8,15,7.4,14.697831670844
2,0.5,1.5,0,11,8,15,7.5,14.8492384632725
2,0.5,1.5,0,11,8,15,7.6,15.0069032916851
2,0.5,1.5,0,11,8,15,7.7,15.170296167191
2,0.5,1.5,0,11,8,15,7.8,15.3387604691316
2,0.5,1.5,0,11,8,15,7.9,15.5115969296302
2,0.5,1.5,0,11,8,15,8,15.6882273961361
2,0.5,1.5,0,11,8,15,8.1,15.867732522621
2,0.5,1.5,0,11,8,15,8.2,16.0492147781225
2,0.5,1.5,0,11,8,15,8.3,16.2317783741289
2,0.5,1.5,0,11,8,15,8.4,16.4146424697753
2,0.5,1.5,0,11,8,15,8.5,16.5970134798206
2,0.5,1.5,0,11,8,15,8.6,16.7782534532062
2,0.5,1.5,0,11,8,15,8.7,16.9578768653241
2,0.5,1.5,0,11,8,15,8.8,17.1355937778261
2,0.5,1.5,0,11,8,15,8.9,17.3112736834298
2,0.5,1.5,0,11,8,15,9,17.4849737230074
2,0.5,1.5,0,11,8,15,9.1,17.6567490002551
2,0.5,1.5,0,11,8,15,9.2,17.8266913237392
2,0.5,1.5,0,11,8,15,9.3,17.9953041262064
2,0.5,1.5,0,11,8,15,9.4,18.1630846835561
2,0.5,1.5,0,11,8,15,9.5,18.3305862918605
2,0.5,1.5,0,11,8,15,9.6,18.4984302794763
2,0.5,1.5,0,11,8,15,9.7,18.6673121231096
2,0.5,1.5,0,11,8,15,9.8,18.8379444358344
2,0.5,1.5,0,11,8,15,9.9,19.0109300340493
2,0.5,1.5,0,11,8,15,10,19.1869029784339
2,0.5,1.5,0,11,8,15,10.1,19.3663437678382
2,0.5,1.5,0,11,8,15,10.2,19.5497273957724
2,0.5,1.5,0,11,8,15,10.3,19.7372473958245
2,0.5,1.5,0,11,8,15,10.4,19.9290362713411
2,0.5,1.5,0,11,8,15,10.5,20.1250457282625
2,0.5,1.5,0,11,8,15,10.6,20.3252456094064
-2,0.5,1.5,0,11,12,15,0.6,5.54262405901263
-2,0.5,1.5,0,11,12,15,0.7,4.68455228293296
-2,0.5,1.5,0,11,12,15,0.8,4.03381616274819
-2,0.5,1.5,0,11,12,15,0.9,3.57735771459118
-2,0.5,1.5,0,11,12,15,1,3.30292126076999
-2,0.5,1.5,0,11,12,15,1.1,3.16848286771123
-2,0.5,1.5,0,11,12,15,1.2,3.14341086441486
-2,0.5,1.5,0,11,12,15,1.3,3.21059942721696
-2,0.5,1.5,0,11,12,15,1.4,3.33965192386625
-2,0.5,1.5,0,11,12,15,1.5,3.52406571861267
-2,0.5,1.5,0,11,12,15,1.6,3.74228438086418
-2,0.5,1.5,0,11,12,15,1.7,4.00222858474626
-2,0.5,1.5,0,11,12,15,1.8,4.29266975349238
-2,0.5,1.5,0,11,12,15,1.9,4.58257747426477
-2,0.5,1.5,0,11,12,15,2,4.87709507755759
-2,0.5,1.5,0,11,12,15,2.1,5.16554938052683
-2,0.5,1.5,0,11,12,15,2.2,5.43824512292931
-2,0.5,1.5,0,11,12,15,2.3,5.70181484134964
-2,0.5,1.5,0,11,12,15,2.4,5.94899273883561
-2,0.5,1.5,0,11,12,15,2.5,6.17864315640126
-2,0.5,1.5,0,11,12,15,2.6,6.39079914247477
-2,0.5,1.5,0,11,12,15,2.7,6.58518714307841
-2,0.5,1.5,0,11,12,15,2.8,6.76193898359215
-2,0.5,1.5,0,11,12,15,2.9,6.92192284891532
-2,0.5,1.5,0,11,12,15,3,7.06653383274997
-2,0.5,1.5,0,11,12,15,3.1,7.19663350402586
-2,0.5,1.5,0,11,12,15,3.2,7.31375477879262
-2,0.5,1.5,0,11,12,15,3.3,7.41934375486418
-2,0.5,1.5,0,11,12,15,3.4,7.51464193555756
-2,0.5,1.5,0,11,12,15,3.5,7.60088344302046
-2,0.5,1.5,0,11,12,15,3.6,7.67899258994194
-2,0.5,1.5,0,11,12,15,3.7,7.74999609508628
-2,0.5,1.5,0,11,12,15,3.8,7.81405887981723
-2,0.5,1.5,0,11,12,15,3.9,7.87173496957015
-2,0.5,1.5,0,11,12,15,4,7.92322448673435
-2,0.5,1.5,0,11,12,15,4.1,7.96893401864848
-2,0.5,1.5,0,11,12,15,4.2,8.00879824676886
-2,0.5,1.5,0,11,12,15,4.3,8.04283450223756
-2,0.5,1.5,0,11,12,15,4.4,8.07114796854415
-2,0.5,1.5,0,11,12,15,4.5,8.09447512144692
-2,0.5,1.5,0,11,12,15,4.6,8.11346054266138
-2,0.5,1.5,0,11,12,15,4.7,8.12854254655345
-2,0.5,1.5,0,11,12,15,4.8,8.14058006793868
-2,0.5,1.5,0,11,12,15,4.9,8.15021875669725
-2,0.5,1.5,0,11,12,15,5,8.15846142112857
-2,0.5,1.5,0,11,12,15,5.1,8.16614597542209
-2,0.5,1.5,0,11,12,15,5.2,8.1744920243954
-2,0.5,1.5,0,11,12,15,5.3,8.18427019866806
-2,0.5,1.5,0,11,12,15,5.4,8.19653398307571
-2,0.5,1.5,0,11,12,15,5.5,8.21215228819234
-2,0.5,1.5,0,11,12,15,5.6,8.23185119616418
-2,0.5,1.5,0,11,12,15,5.7,8.25597344610291
-2,0.5,1.5,0,11,12,15,5.8,8.28508763333589
-2,0.5,1.5,0,11,12,15,5.9,8.31945562936808
-2,0.5,1.5,0,11,12,15,6,8.35930181552023
-2,0.5,1.5,0,11,12,15,6.1,8.40474214332106
-2,0.5,1.5,0,11,12,15,6.2,8.4557509985004
-2,0.5,1.5,0,11,12,15,6.3,8.51225864187745
-2,0.5,1.5,0,11,12,15,6.4,8.57426928498722
-2,0.5,1.5,0,11,12,15,6.5,8.6416103526053
-2,0.5,1.5,0,11,12,15,6.6,8.71397199700968
-2,0.5,1.5,0,11,12,15,6.7,8.79098626168845
-2,0.5,1.5,0,11,12,15,6.8,8.87234471642328
-2,0.5,1.5,0,11,12,15,6.9,8.9578245769834
-2,0.5,1.5,0,11,12,15,7,9.04687074690256
-2,0.5,1.5,0,11,12,15,7.1,9.13893976242643
-2,0.5,1.5,0,11,12,15,7.2,9.23347696529612
-2,0.5,1.5,0,11,12,15,7.3,9.32997039392811
-2,0.5,1.5,0,11,12,15,7.4,9.42799168213453
-2,0.5,1.5,0,11,12,15,7.5,9.5268478927863
-2,0.5,1.5,0,11,12,15,7.6,9.62610655398309
-2,0.5,1.5,0,11,12,15,7.7,9.72534383992049
-2,0.5,1.5,0,11,12,15,7.8,9.82414926653631
-2,0.5,1.5,0,11,12,15,7.9,9.9220752645922
-2,0.5,1.5,0,11,12,15,8,10.0188601579661
-2,0.5,1.5,0,11,12,15,8.1,10.1142653947495
-2,0.5,1.5,0,11,12,15,8.2,10.2081625369546
-2,0.5,1.5,0,11,12,15,8.3,10.3005081726038
-2,0.5,1.5,0,11,12,15,8.4,10.3912062301328
-2,0.5,1.5,0,11,12,15,8.5,10.4803418863255
-2,0.5,1.5,0,11,12,15,8.6,10.5680790032027
-2,0.5,1.5,0,11,12,15,8.7,10.6545331190076
-2,0.5,1.5,0,11,12,15,8.8,10.7397798538706
-2,0.5,1.5,0,11,12,15,8.9,10.8239581562677
-2,0.5,1.5,0,11,12,15,9,10.9072432637611
-2,0.5,1.5,0,11,12,15,9.1,10.9897338133327
-2,0.5,1.5,0,11,12,15,9.2,11.0714442190395
-2,0.5,1.5,0,11,12,15,9.3,11.1524347640689
-2,0.5,1.5,0,11,12,15,9.4,11.2327719508994
-2,0.5,1.5,0,11,12,15,9.5,11.3124065852567
-2,0.5,1.5,0,11,12,15,9.6,11.3913192894247
-2,0.5,1.5,0,11,12,15,9.7,11.4694312176057
-2,0.5,1.5,0,11,12,15,9.8,11.5466669464849
-2,0.5,1.5,0,11,12,15,9.9,11.6230758280573
-2,0.5,1.5,0,11,12,15,10,11.6985907587044
-2,0.5,1.5,0,11,12,15,10.1,11.773132431901
-2,0.5,1.5,0,11,12,15,10.2,11.8466941989924
-2,0.5,1.5,0,11,12,15,10.3,11.9192153926012
-2,0.5,1.5,0,11,12,15,10.4,11.9907168044508
-2,0.5,1.5,0,11,12,15,10.5,12.0612273799883
-2,0.5,1.5,0,11,12,15,10.6,12.1309206008563
2,0.5,1.5,0,11,12,15,0.6,6.68470733037271
2,0.5,1.5,0,11,12,15,0.7,5.62622334834646
2,0.5,1.5,0,11,12,15,0.8,4.72664429091179
2,0.5,1.5,0,11,12,15,0.9,4.02986945423994
2,0.5,1.5,0,11,12,15,1,3.54696695032288
2,0.5,1.5,0,11,12,15,1.1,3.23723370099379
2,0.5,1.5,0,11,12,15,1.2,3.07803179316577
2,0.5,1.5,0,11,12,15,1.3,3.04636814151648
2,0.5,1.5,0,11,12,15,1.4,3.10767614233398
2,0.5,1.5,0,11,12,15,1.5,3.25526623993785
2,0.5,1.5,0,11,12,15,1.6,3.46045096908263
2,0.5,1.5,0,11,12,15,1.7,3.71146014652759
2,0.5,1.5,0,11,12,15,1.8,4.00093017883843
2,0.5,1.5,0,11,12,15,1.9,4.31538185520355
2,0.5,1.5,0,11,12,15,2,4.65380313028909
2,0.5,1.5,0,11,12,15,2.1,5.00699204059383
2,0.5,1.5,0,11,12,15,2.2,5.36523494465711
2,0.5,1.5,0,11,12,15,2.3,5.73079092884347
2,0.5,1.5,0,11,12,15,2.4,6.09625729246227
2,0.5,1.5,0,11,12,15,2.5,6.45772452746989
2,0.5,1.5,0,11,12,15,2.6,6.81331428739208
2,0.5,1.5,0,11,12,15,2.7,7.15917334137945
2,0.5,1.5,0,11,12,15,2.8,7.49372227611775
2,0.5,1.5,0,11,12,15,2.9,7.81516754944268
2,0.5,1.5,0,11,12,15,3,8.12315341020436
2,0.5,1.5,0,11,12,15,3.1,8.41790915355192
2,0.5,1.5,0,11,12,15,3.2,8.69921204615466
2,0.5,1.5,0,11,12,15,3.3,8.96840479675308
2,0.5,1.5,0,11,12,15,3.4,9.22669285828788
2,0.5,1.5,0,11,12,15,3.5,9.4761483023833
2,0.5,1.5,0,11,12,15,3.6,9.71888189350742
2,0.5,1.5,0,11,12,15,3.7,9.95391092755674
2,0.5,1.5,0,11,12,15,3.8,10.1823780024861
2,0.5,1.5,0,11,12,15,3.9,10.4050256594309
2,0.5,1.5,0,11,12,15,4,10.6219382610315
2,0.5,1.5,0,11,12,15,4.1,10.8338279373122
2,0.5,1.5,0,11,12,15,4.2,11.0403946945006
2,0.5,1.5,0,11,12,15,4.3,11.2412628099717
2,0.5,1.5,0,11,12,15,4.4,11.4361843320591
2,0.5,1.5,0,11,12,15,4.5,11.6249693348912
2,0.5,1.5,0,11,12,15,4.6,11.8071501392508
2,0.5,1.5,0,11,12,15,4.7,11.9822446768922
2,0.5,1.5,0,11,12,15,4.8,12.1498245306102
2,0.5,1.5,0,11,12,15,4.9,12.3094074056954
2,0.5,1.5,0,11,12,15,5,12.460975860501
2,0.5,1.5,0,11,12,15,5.1,12.604529485508
2,0.5,1.5,0,11,12,15,5.2,12.740167587541
2,0.5,1.5,0,11,12,15,5.3,12.8680710335897
2,0.5,1.5,0,11,12,15,5.4,12.9886172558648
2,0.5,1.5,0,11,12,15,5.5,13.102203917921
2,0.5,1.5,0,11,12,15,5.6,13.2096769669964
2,0.5,1.5,0,11,12,15,5.7,13.3115705921877
2,0.5,1.5,0,11,12,15,5.8,13.4088367621135
2,0.5,1.5,0,11,12,15,5.9,13.502368304399
2,0.5,1.5,0,11,12,15,6,13.5929099487369
2,0.5,1.5,0,11,12,15,6.1,13.6812742095119
2,0.5,1.5,0,11,12,15,6.2,13.7683474377902
2,0.5,1.5,0,11,12,15,6.3,13.8550070355204
2,0.5,1.5,0,11,12,15,6.4,13.9421642452532
2,0.5,1.5,0,11,12,15,6.5,14.0306096536057
2,0.5,1.5,0,11,12,15,6.6,14.1210514172536
2,0.5,1.5,0,11,12,15,6.7,14.2142048132739
2,0.5,1.5,0,11,12,15,6.8,14.3108002499045
2,0.5,1.5,0,11,12,15,6.9,14.411398150797
2,0.5,1.5,0,11,12,15,7,14.5165659703151
2,0.5,1.5,0,11,12,15,7.1,14.6266512717535
2,0.5,1.5,0,11,12,15,7.2,14.7421265797507
2,0.5,1.5,0,11,12,15,7.3,14.8632747593099
2,0.5,1.5,0,11,12,15,7.4,14.9902550848247
2,0.5,1.5,0,11,12,15,7.5,15.1230946347724
2,0.5,1.5,0,11,12,15,7.6,15.2617467221106
2,0.5,1.5,0,11,12,15,7.7,15.4061433431818
2,0.5,1.5,0,11,12,15,7.8,15.5560995387345
2,0.5,1.5,0,11,12,15,7.9,15.7112144881632
2,0.5,1.5,0,11,12,15,8,15.8711828356524
2,0.5,1.5,0,11,12,15,8.1,16.035571730101
2,0.5,1.5,0,11,12,15,8.2,16.2037916269772
2,0.5,1.5,0,11,12,15,8.3,16.3752256829691
2,0.5,1.5,0,11,12,15,8.4,16.5492899164945
2,0.5,1.5,0,11,12,15,8.5,16.7255398456191
2,0.5,1.5,0,11,12,15,8.6,16.9035399379011
2,0.5,1.5,0,11,12,15,8.7,17.0827278759565
2,0.5,1.5,0,11,12,15,8.8,17.2628308597872
2,0.5,1.5,0,11,12,15,8.9,17.4435734033892
2,0.5,1.5,0,11,12,15,9,17.624775182275
2,0.5,1.5,0,11,12,15,9.1,17.8062850833709
2,0.5,1.5,0,11,12,15,9.2,17.9880694945672
2,0.5,1.5,0,11,12,15,9.3,18.1700767291233
2,0.5,1.5,0,11,12,15,9.4,18.352369180931
2,0.5,1.5,0,11,12,15,9.5,18.5350840322877
2,0.5,1.5,0,11,12,15,9.6,18.7184083218041
2,0.5,1.5,0,11,12,15,9.7,18.9025469604139
2,0.5,1.5,0,11,12,15,9.8,19.0877131247726
2,0.5,1.5,0,11,12,15,9.9,19.2741278016443
2,0.5,1.5,0,11,12,15,10,19.4619565894508
2,0.5,1.5,0,11,12,15,10.1,19.6515048119286
2,0.5,1.5,0,11,12,15,10.2,19.8428732380738
2,0.5,1.5,0,11,12,15,10.3,20.0362139661541
2,0.5,1.5,0,11,12,15,10.4,20.2316191069675
2,0.5,1.5,0,11,12,15,10.5,20.4291480619036
2,0.5,1.5,0,11,12,15,10.6,20.6285727392776
-2,0.5,2.5,0,9,8,5,0.6,7.61510178624562
-2,0.5,2.5,0,9,8,5,0.7,7.42179958940007
-2,0.5,2.5,0,9,8,5,0.8,7.12325444387169
-2,0.5,2.5,0,9,8,5,0.9,6.79953218723113
-2,0.5,2.5,0,9,8,5,1,6.4966512549716
-2,0.5,2.5,0,9,8,5,1.1,6.2296117703339
-2,0.5,2.5,0,9,8,5,1.2,6.00828421408589
-2,0.5,2.5,0,9,8,5,1.3,5.8379919398504
-2,0.5,2.5,0,9,8,5,1.4,5.71148946021608
-2,0.5,2.5,0,9,8,5,1.5,5.63095502322514
-2,0.5,2.5,0,9,8,5,1.6,5.58734643428335
-2,0.5,2.5,0,9,8,5,1.7,5.57422577967426
-2,0.5,2.5,0,9,8,5,1.8,5.58791855538605
-2,0.5,2.5,0,9,8,5,1.9,5.61981875298303
-2,0.5,2.5,0,9,8,5,2,5.67164487968804
-2,0.5,2.5,0,9,8,5,2.1,5.73512916125251
-2,0.5,2.5,0,9,8,5,2.2,5.80619585838134
-2,0.5,2.5,0,9,8,5,2.3,5.88560576846205
-2,0.5,2.5,0,9,8,5,2.4,5.9680832478666
-2,0.5,2.5,0,9,8,5,2.5,6.05391185329555
-2,0.5,2.5,0,9,8,5,2.6,6.14055048511091
-2,0.5,2.5,0,9,8,5,2.7,6.22801413011008
-2,0.5,2.5,0,9,8,5,2.8,6.31489762416791
-2,0.5,2.5,0,9,8,5,2.9,6.40120203797915
-2,0.5,2.5,0,9,8,5,3,6.48764906458348
-2,0.5,2.5,0,9,8,5,3.1,6.57296081933659
-2,0.5,2.5,0,9,8,5,3.2,6.65831538528064
-2,0.5,2.5,0,9,8,5,3.3,6.74339919180581
-2,0.5,2.5,0,9,8,5,3.4,6.82826535820475
-2,0.5,2.5,0,9,8,5,3.5,6.91329620820296
-2,0.5,2.5,0,9,8,5,3.6,6.99774005513176
-2,0.5,2.5,0,9,8,5,3.7,7.0822985917634
-2,0.5,2.5,0,9,8,5,3.8,7.16621024540437
-2,0.5,2.5,0,9,8,5,3.9,7.2492696236145
-2,0.5,2.5,0,9,8,5,4,7.33147734507737
-2,0.5,2.5,0,9,8,5,4.1,7.41281015690932
-2,0.5,2.5,0,9,8,5,4.2,7.49299839709933
-2,0.5,2.5,0,9,8,5,4.3,7.57167787087534
-2,0.5,2.5,0,9,8,5,4.4,7.64858395046036
-2,0.5,2.5,0,9,8,5,4.5,7.72353451467294
-2,0.5,2.5,0,9,8,5,4.6,7.79646050452054
-2,0.5,2.5,0,9,8,5,4.7,7.86691329440161
-2,0.5,2.5,0,9,8,5,4.8,7.93509554209496
-2,0.5,2.5,0,9,8,5,4.9,8.00103771487421
-2,0.5,2.5,0,9,8,5,5,8.06439010116351
-2,0.5,2.5,0,9,8,5,5.1,8.12487518686997
-2,0.5,2.5,0,9,8,5,5.2,8.18294315052091
-2,0.5,2.5,0,9,8,5,5.3,8.23863067484691
-2,0.5,2.5,0,9,8,5,5.4,8.29220461471719
-2,0.5,2.5,0,9,8,5,5.5,8.34378330330939
-2,0.5,2.5,0,9,8,5,5.6,8.39375199937601
-2,0.5,2.5,0,9,8,5,5.7,8.44233549125441
-2,0.5,2.5,0,9,8,5,5.8,8.48957025009879
-2,0.5,2.5,0,9,8,5,5.9,8.53556647763027
-2,0.5,2.5,0,9,8,5,6,8.58060470055176
-2,0.5,2.5,0,9,8,5,6.1,8.62470967853718
-2,0.5,2.5,0,9,8,5,6.2,8.66772000283494
-2,0.5,2.5,0,9,8,5,6.3,8.7098663411228
-2,0.5,2.5,0,9,8,5,6.4,8.75126752866444
-2,0.5,2.5,0,9,8,5,6.5,8.79215256165873
-2,0.5,2.5,0,9,8,5,6.6,8.8327539866373
-2,0.5,2.5,0,9,8,5,6.7,8.87308083963528
-2,0.5,2.5,0,9,8,5,6.8,8.91336022304858
-2,0.5,2.5,0,9,8,5,6.9,8.95384924110867
-2,0.5,2.5,0,9,8,5,7,8.99491055562997
-2,0.5,2.5,0,9,8,5,7.1,9.03673148960068
-2,0.5,2.5,0,9,8,5,7.2,9.07982110186634
-2,0.5,2.5,0,9,8,5,7.3,9.12433435292517
-2,0.5,2.5,0,9,8,5,7.4,9.17065932093068
-2,0.5,2.5,0,9,8,5,7.5,9.21904834472581
-2,0.5,2.5,0,9,8,5,7.6,9.26975767278257
-2,0.5,2.5,0,9,8,5,7.7,9.32293190907219
-2,0.5,2.5,0,9,8,5,7.8,9.37887749920082
-2,0.5,2.5,0,9,8,5,7.9,9.43776917796389
-2,0.5,2.5,0,9,8,5,8,9.49951754789002
-2,0.5,2.5,0,9,8,5,8.1,9.56421859028506
-2,0.5,2.5,0,9,8,5,8.2,9.63200144219023
-2,0.5,2.5,0,9,8,5,8.3,9.70288116324723
-2,0.5,2.5,0,9,8,5,8.4,9.77683322836851
-2,0.5,2.5,0,9,8,5,8.5,9.85398046066703
-2,0.5,2.5,0,9,8,5,8.6,9.93444034569973
-2,0.5,2.5,0,9,8,5,8.7,10.0181445987582
-2,0.5,2.5,0,9,8,5,8.8,10.1051908909511
-2,0.5,2.5,0,9,8,5,8.9,10.195585455822
-2,0.5,2.5,0,9,8,5,9,10.2894839127301
-2,0.5,2.5,0,9,8,5,9.1,10.3869111931171
-2,0.5,2.5,0,9,8,5,9.2,10.48792049484
-2,0.5,2.5,0,9,8,5,9.3,10.5924601229072
-2,0.5,2.5,0,9,8,5,9.4,10.7004410970397
-2,0.5,2.5,0,9,8,5,9.5,10.8120073090341
-2,0.5,2.5,0,9,8,5,9.6,10.9271128704084
-2,0.5,2.5,0,9,8,5,9.7,11.0456569888471
-2,0.5,2.5,0,9,8,5,9.8,11.1676248537822
-2,0.5,2.5,0,9,8,5,9.9,11.2930437460494
-2,0.5,2.5,0,9,8,5,10,11.4218156833699
-2,0.5,2.5,0,9,8,5,10.1,11.5539502571114
-2,0.5,2.5,0,9,8,5,10.2,11.6893654339652
-2,0.5,2.5,0,9,8,5,10.3,11.8279933466365
-2,0.5,2.5,0,9,8,5,10.4,11.9698326083008
-2,0.5,2.5,0,9,8,5,10.5,12.1148354806453
-2,0.5,2.5,0,9,8,5,10.6,12.2628987070591
2,0.5,2.5,0,9,8,5,0.6,7.67249363637945
2,0.5,2.5,0,9,8,5,0.7,8.22237009514582
2,0.5,2.5,0,9,8,5,0.8,8.55291667529657
2,0.5,2.5,0,9,8,5,0.9,8.70133295083214
2,0.5,2.5,0,9,8,5,1,8.70956005291516
2,0.5,2.5,0,9,8,5,1.1,8.6131865127657
2,0.5,2.5,0,9,8,5,1.2,8.44922228584302
2,0.5,2.5,0,9,8,5,1.3,8.24723469746523
2,0.5,2.5,0,9,8,5,1.4,8.02817373046053
2,0.5,2.5,0,9,8,5,1.5,7.81052314085481
2,0.5,2.5,0,9,8,5,1.6,7.60335273681202
2,0.5,2.5,0,9,8,5,1.7,7.41312902896577
2,0.5,2.5,0,9,8,5,1.8,7.2432288097797
2,0.5,2.5,0,9,8,5,1.9,7.09342650569047
2,0.5,2.5,0,9,8,5,2,6.96749215019004
2,0.5,2.5,0,9,8,5,2.1,6.86192426762922
2,0.5,2.5,0,9,8,5,2.2,6.77565498103685
2,0.5,2.5,0,9,8,5,2.3,6.70813556027922
2,0.5,2.5,0,9,8,5,2.4,6.65618696149629
2,0.5,2.5,0,9,8,5,2.5,6.6314519304531
2,0.5,2.5,0,9,8,5,2.6,6.67844340897703
2,0.5,2.5,0,9,8,5,2.7,6.77070495337599
2,0.5,2.5,0,9,8,5,2.8,6.87292806581274
2,0.5,2.5,0,9,8,5,2.9,6.98216280212563
2,0.5,2.5,0,9,8,5,3,7.09561477620937
2,0.5,2.5,0,9,8,5,3.1,7.21034986526521
2,0.5,2.5,0,9,8,5,3.2,7.32506748482676
2,0.5,2.5,0,9,8,5,3.3,7.43843190077328
2,0.5,2.5,0,9,8,5,3.4,7.54969738336372
2,0.5,2.5,0,9,8,5,3.5,7.6590197238715
2,0.5,2.5,0,9,8,5,3.6,7.76602042966703
2,0.5,2.5,0,9,8,5,3.7,7.87172182892427
2,0.5,2.5,0,9,8,5,3.8,7.97628463707271
2,0.5,2.5,0,9,8,5,3.9,8.08049046557744
2,0.5,2.5,0,9,8,5,4,8.18547060000517
2,0.5,2.5,0,9,8,5,4.1,8.29196873597131
2,0.5,2.5,0,9,8,5,4.2,8.40075603181502
2,0.5,2.5,0,9,8,5,4.3,8.51260647535757
2,0.5,2.5,0,9,8,5,4.4,8.62835465468707
2,0.5,2.5,0,9,8,5,4.5,8.74885396458182
2,0.5,2.5,0,9,8,5,4.6,8.87452610327729
2,0.5,2.5,0,9,8,5,4.7,9.00584307982549
2,0.5,2.5,0,9,8,5,4.8,9.14336121510846
2,0.5,2.5,0,9,8,5,4.9,9.28738153109861
2,0.5,2.5,0,9,8,5,5,9.43784707187193
2,0.5,2.5,0,9,8,5,5.1,9.59494701717367
2,0.5,2.5,0,9,8,5,5.2,9.75857007358284
2,0.5,2.5,0,9,8,5,5.3,9.92865009018202
2,0.5,2.5,0,9,8,5,5.4,10.1048760712635
2,0.5,2.5,0,9,8,5,5.5,10.2869808099497
2,0.5,2.5,0,9,8,5,5.6,10.4746380807134
2,0.5,2.5,0,9,8,5,5.7,10.6677854937994
2,0.5,2.5,0,9,8,5,5.8,10.8659841050596
2,0.5,2.5,0,9,8,5,5.9,11.0687976421706
2,0.5,2.5,0,9,8,5,6,11.2759781170035
2,0.5,2.5,0,9,8,5,6.1,11.4871294502639
2,0.5,2.5,0,9,8,5,6.2,11.7017985194467
2,0.5,2.5,0,9,8,5,6.3,11.9194705596924
2,0.5,2.5,0,9,8,5,6.4,12.1395209261117
2,0.5,2.5,0,9,8,5,6.5,12.3613463005693
2,0.5,2.5,0,9,8,5,6.6,12.5843216843647
2,0.5,2.5,0,9,8,5,6.7,12.8077802308542
2,0.5,2.5,0,9,8,5,6.8,13.0310121032077
2,0.5,2.5,0,9,8,5,6.9,13.2533175733241
2,0.5,2.5,0,9,8,5,7,13.4740291180081
2,0.5,2.5,0,9,8,5,7.1,13.6924930156817
2,0.5,2.5,0,9,8,5,7.2,13.9081659866711
2,0.5,2.5,0,9,8,5,7.3,14.1206024865251
2,0.5,2.5,0,9,8,5,7.4,14.3293420925879
2,0.5,2.5,0,9,8,5,7.5,14.5339528060198
2,0.5,2.5,0,9,8,5,7.6,14.7341413808071
2,0.5,2.5,0,9,8,5,7.7,14.9297017096385
2,0.5,2.5,0,9,8,5,7.8,15.1204837209268
2,0.5,2.5,0,9,8,5,7.9,15.3062843004712
2,0.5,2.5,0,9,8,5,8,15.4869511201704
2,0.5,2.5,0,9,8,5,8.1,15.6625930724839
2,0.5,2.5,0,9,8,5,8.2,15.8331678610962
2,0.5,2.5,0,9,8,5,8.3,15.9985407353932
2,0.5,2.5,0,9,8,5,8.4,16.1587703510587
2,0.5,2.5,0,9,8,5,8.5,16.3139122199333
2,0.5,2.5,0,9,8,5,8.6,16.4641864234722
2,0.5,2.5,0,9,8,5,8.7,16.6097347419393
2,0.5,2.5,0,9,8,5,8.8,16.7505971013943
2,0.5,2.5,0,9,8,5,8.9,16.8870165649357
2,0.5,2.5,0,9,8,5,9,17.0193062322099
2,0.5,2.5,0,9,8,5,9.1,17.1476433189438
2,0.5,2.5,0,9,8,5,9.2,17.272396527554
2,0.5,2.5,0,9,8,5,9.3,17.3938367896354
2,0.5,2.5,0,9,8,5,9.4,17.5123186500918
2,0.5,2.5,0,9,8,5,9.5,17.6282178871958
2,0.5,2.5,0,9,8,5,9.6,17.741888412627
2,0.5,2.5,0,9,8,5,9.7,17.8536809356072
2,0.5,2.5,0,9,8,5,9.8,17.9641062584213
2,0.5,2.5,0,9,8,5,9.9,18.0734093504091
2,0.5,2.5,0,9,8,5,10,18.1816851510808
2,0.5,2.5,0,9,8,5,10.1,18.2890833895714
2,0.5,2.5,0,9,8,5,10.2,18.3958380338575
2,0.5,2.5,0,9,8,5,10.3,18.5020849180004
2,0.5,2.5,0,9,8,5,10.4,18.6082658652317
2,0.5,2.5,0,9,8,5,10.5,18.7140857933385
2,0.5,2.5,0,9,8,5,10.6,18.8195298427824
-2,0.5,2.5,0,9,12,5,0.6,8.13515732799434
-2,0.5,2.5,0,9,12,5,0.7,7.98019533224391
-2,0.5,2.5,0,9,12,5,0.8,7.70263222286876
-2,0.5,2.5,0,9,12,5,0.9,7.38087415328557
-2,0.5,2.5,0,9,12,5,1,7.05933145185106
-2,0.5,2.5,0,9,12,5,1.1,6.75985382812108
-2,0.5,2.5,0,9,12,5,1.2,6.49239124159457
-2,0.5,2.5,0,9,12,5,1.3,6.26406772726462
-2,0.5,2.5,0,9,12,5,1.4,6.07079266705844
-2,0.5,2.5,0,9,12,5,1.5,5.91567009861232
-2,0.5,2.5,0,9,12,5,1.6,5.79309318785614
-2,0.5,2.5,0,9,12,5,1.7,5.69897739619975
-2,0.5,2.5,0,9,12,5,1.8,5.62948318721307
-2,0.5,2.5,0,9,12,5,1.9,5.57939011121389
-2,0.5,2.5,0,9,12,5,2,5.55070417130863
-2,0.5,2.5,0,9,12,5,2.1,5.53678570825028
-2,0.5,2.5,0,9,12,5,2.2,5.5363951671396
-2,0.5,2.5,0,9,12,5,2.3,5.54923562928083
-2,0.5,2.5,0,9,12,5,2.4,5.57219030079235
-2,0.5,2.5,0,9,12,5,2.5,5.60550601003388
-2,0.5,2.5,0,9,12,5,2.6,5.64671385725718
-2,0.5,2.5,0,9,12,5,2.7,5.69942970846903
-2,0.5,2.5,0,9,12,5,2.8,5.76339944148105
-2,0.5,2.5,0,9,12,5,2.9,5.83290459963569
-2,0.5,2.5,0,9,12,5,3,5.9078774162529
-2,0.5,2.5,0,9,12,5,3.1,5.9869182007384
-2,0.5,2.5,0,9,12,5,3.2,6.06995320858535
-2,0.5,2.5,0,9,12,5,3.3,6.15629127420184
-2,0.5,2.5,0,9,12,5,3.4,6.24526861142017
-2,0.5,2.5,0,9,12,5,3.5,6.33661605287451
-2,0.5,2.5,0,9,12,5,3.6,6.42891076622612
-2,0.5,2.5,0,9,12,5,3.7,6.52267834776552
-2,0.5,2.5,0,9,12,5,3.8,6.61647914125686
-2,0.5,2.5,0,9,12,5,3.9,6.70994862406538
-2,0.5,2.5,0,9,12,5,4,6.80292199708172
-2,0.5,2.5,0,9,12,5,4.1,6.89489699847075
-2,0.5,2.5,0,9,12,5,4.2,6.9855595134865
-2,0.5,2.5,0,9,12,5,4.3,7.07432115222529
-2,0.5,2.5,0,9,12,5,4.4,7.16064234016592
-2,0.5,2.5,0,9,12,5,4.5,7.24432880772306
-2,0.5,2.5,0,9,12,5,4.6,7.32488359029047
-2,0.5,2.5,0,9,12,5,4.7,7.40230001000092
-2,0.5,2.5,0,9,12,5,4.8,7.47632006902212
-2,0.5,2.5,0,9,12,5,4.9,7.5471624241573
-2,0.5,2.5,0,9,12,5,5,7.61448748552649
-2,0.5,2.5,0,9,12,5,5.1,7.67809324904007
-2,0.5,2.5,0,9,12,5,5.2,7.7382314185488
-2,0.5,2.5,0,9,12,5,5.3,7.79507406356793
-2,0.5,2.5,0,9,12,5,5.4,7.84894175417941
-2,0.5,2.5,0,9,12,5,5.5,7.89996282847132
-2,0.5,2.5,0,9,12,5,5.6,7.94857627142728
-2,0.5,2.5,0,9,12,5,5.7,7.99516972116823
-2,0.5,2.5,0,9,12,5,5.8,8.03957796848001
-2,0.5,2.5,0,9,12,5,5.9,8.08234403532451
-2,0.5,2.5,0,9,12,5,6,8.12350603238754
-2,0.5,2.5,0,9,12,5,6.1,8.16312314354317
-2,0.5,2.5,0,9,12,5,6.2,8.20145926744184
-2,0.5,2.5,0,9,12,5,6.3,8.23882022962823
-2,0.5,2.5,0,9,12,5,6.4,8.27525670508796
-2,0.5,2.5,0,9,12,5,6.5,8.31083367321463
-2,0.5,2.5,0,9,12,5,6.6,8.34589951512587
-2,0.5,2.5,0,9,12,5,6.7,8.38067762877697
-2,0.5,2.5,0,9,12,5,6.8,8.41558765881842
-2,0.5,2.5,0,9,12,5,6.9,8.45075762759293
-2,0.5,2.5,0,9,12,5,7,8.48671018709475
-2,0.5,2.5,0,9,12,5,7.1,8.52360372255943
-2,0.5,2.5,0,9,12,5,7.2,8.56192872021219
-2,0.5,2.5,0,9,12,5,7.3,8.60201426616204
-2,0.5,2.5,0,9,12,5,7.4,8.64414827766147
-2,0.5,2.5,0,9,12,5,7.5,8.6886755633347
-2,0.5,2.5,0,9,12,5,7.6,8.73568197553484
-2,0.5,2.5,0,9,12,5,7.7,8.78539132710691
-2,0.5,2.5,0,9,12,5,7.8,8.83810558054079
-2,0.5,2.5,0,9,12,5,7.9,8.89393445623249
-2,0.5,2.5,0,9,12,5,8,8.95289781864124
-2,0.5,2.5,0,9,12,5,8.1,9.0151726731083
-2,0.5,2.5,0,9,12,5,8.2,9.08075083554512
-2,0.5,2.5,0,9,12,5,8.3,9.14960565247253
-2,0.5,2.5,0,9,12,5,8.4,9.22182598874423
-2,0.5,2.5,0,9,12,5,8.5,9.29753968717966
-2,0.5,2.5,0,9,12,5,8.6,9.37675012451706
-2,0.5,2.5,0,9,12,5,8.7,9.45948411541398
-2,0.5,2.5,0,9,12,5,8.8,9.54582585087151
-2,0.5,2.5,0,9,12,5,8.9,9.63579124360908
-2,0.5,2.5,0,9,12,5,9,9.72949864505532
-2,0.5,2.5,0,9,12,5,9.1,9.82699841733823
-2,0.5,2.5,0,9,12,5,9.2,9.92818883480259
-2,0.5,2.5,0,9,12,5,9.3,10.0330703170552
-2,0.5,2.5,0,9,12,5,9.4,10.141698194279
-2,0.5,2.5,0,9,12,5,9.5,10.2539310356657
-2,0.5,2.5,0,9,12,5,9.6,10.3697313718053
-2,0.5,2.5,0,9,12,5,9.7,10.4891726673986
-2,0.5,2.5,0,9,12,5,9.8,10.6120738362585
-2,0.5,2.5,0,9,12,5,9.9,10.7383956157685
-2,0.5,2.5,0,9,12,5,10,10.8681137893988
-2,0.5,2.5,0,9,12,5,10.1,11.0011146989634
-2,0.5,2.5,0,9,12,5,10.2,11.137382810675
-2,0.5,2.5,0,9,12,5,10.3,11.2767744687854
-2,0.5,2.5,0,9,12,5,10.4,11.419198607968
-2,0.5,2.5,0,9,12,5,10.5,11.5646121278664
-2,0.5,2.5,0,9,12,5,10.6,11.7129235733326
2,0.5,2.5,0,9,12,5,0.6,7.65147202986179
2,0.5,2.5,0,9,12,5,0.7,8.21573609296374
2,0.5,2.5,0,9,12,5,0.8,8.57033363912533
2,0.5,2.5,0,9,12,5,0.9,8.75033843625408
2,0.5,2.5,0,9,12,5,1,8.795729091866
2,0.5,2.5,0,9,12,5,1.1,8.73784458244811
2,0.5,2.5,0,9,12,5,1.2,8.61150188240884
2,0.5,2.5,0,9,12,5,1.3,8.44274026939991
2,0.5,2.5,0,9,12,5,1.4,8.25063320736038
2,0.5,2.5,0,9,12,5,1.5,8.05273894810322
2,0.5,2.5,0,9,12,5,1.6,7.85763944065554
2,0.5,2.5,0,9,12,5,1.7,7.67241563759344
2,0.5,2.5,0,9,12,5,1.8,7.50050124335445
2,0.5,2.5,0,9,12,5,1.9,7.34255243235763
2,0.5,2.5,0,9,12,5,2,7.20266277049393
2,0.5,2.5,0,9,12,5,2.1,7.07810742212642
2,0.5,2.5,0,9,12,5,2.2,6.96868902637427
2,0.5,2.5,0,9,12,5,2.3,6.87440130665565
2,0.5,2.5,0,9,12,5,2.4,6.79300096074725
2,0.5,2.5,0,9,12,5,2.5,6.72448355123618
2,0.5,2.5,0,9,12,5,2.6,6.66660244419591
2,0.5,2.5,0,9,12,5,2.7,6.61945197024828
2,0.5,2.5,0,9,12,5,2.8,6.58133798997439
2,0.5,2.5,0,9,12,5,2.9,6.55591928651644
2,0.5,2.5,0,9,12,5,3,6.53990875930422
2,0.5,2.5,0,9,12,5,3.1,6.53199175399664
2,0.5,2.5,0,9,12,5,3.2,6.53276007015304
2,0.5,2.5,0,9,12,5,3.3,6.54189166594151
2,0.5,2.5,0,9,12,5,3.4,6.55960244745366
2,0.5,2.5,0,9,12,5,3.5,6.58610032371493
2,0.5,2.5,0,9,12,5,3.6,6.62110517215344
2,0.5,2.5,0,9,12,5,3.7,6.66532740464577
2,0.5,2.5,0,9,12,5,3.8,6.718546130887
2,0.5,2.5,0,9,12,5,3.9,6.78086357369702
2,0.5,2.5,0,9,12,5,4,6.85256682644027
2,0.5,2.5,0,9,12,5,4.1,6.93365377171896
2,0.5,2.5,0,9,12,5,4.2,7.02410149996212
2,0.5,2.5,0,9,12,5,4.3,7.12382952661131
2,0.5,2.5,0,9,12,5,4.4,7.23286057086148
2,0.5,2.5,0,9,12,5,4.5,7.35122553412339
2,0.5,2.5,0,9,12,5,4.6,7.47879650600364
2,0.5,2.5,0,9,12,5,4.7,7.61540657700161
2,0.5,2.5,0,9,12,5,4.8,7.76116413735765
2,0.5,2.5,0,9,12,5,4.9,7.91566592233741
2,0.5,2.5,0,9,12,5,5,8.07859334191776
2,0.5,2.5,0,9,12,5,5.1,8.24971818067384
2,0.5,2.5,0,9,12,5,5.2,8.42856271553479
2,0.5,2.5,0,9,12,5,5.3,8.61472654119687
2,0.5,2.5,0,9,12,5,5.4,8.80780242712138
2,0.5,2.5,0,9,12,5,5.5,9.00745027684502
2,0.5,2.5,0,9,12,5,5.6,9.21326681932618
2,0.5,2.5,0,9,12,5,5.7,9.42476634221182
2,0.5,2.5,0,9,12,5,5.8,9.64155216975547
2,0.5,2.5,0,9,12,5,5.9,9.86320764097463
2,0.5,2.5,0,9,12,5,6,10.0893278415933
2,0.5,2.5,0,9,12,5,6.1,10.3194016584342
2,0.5,2.5,0,9,12,5,6.2,10.5528237015391
2,0.5,2.5,0,9,12,5,6.3,10.7890854792405
2,0.5,2.5,0,9,12,5,6.4,11.027557550096
2,0.5,2.5,0,9,12,5,6.5,11.2675010177939
2,0.5,2.5,0,9,12,5,6.6,11.5082136038082
2,0.5,2.5,0,9,12,5,6.7,11.74898881311
2,0.5,2.5,0,9,12,5,6.8,11.9890875868001
2,0.5,2.5,0,9,12,5,6.9,12.2276477477651
2,0.5,2.5,0,9,12,5,7,12.4640009547525
2,0.5,2.5,0,9,12,5,7.1,12.697450370009
2,0.5,2.5,0,9,12,5,7.2,12.9273425894946
2,0.5,2.5,0,9,12,5,7.3,13.1531838249018
2,0.5,2.5,0,9,12,5,7.4,13.3745492998912
2,0.5,2.5,0,9,12,5,7.5,13.5909223381057
2,0.5,2.5,0,9,12,5,7.6,13.8018763125626
2,0.5,2.5,0,9,12,5,7.7,14.0070613398452
2,0.5,2.5,0,9,12,5,7.8,14.2062678450705
2,0.5,2.5,0,9,12,5,7.9,14.3992012922773
2,0.5,2.5,0,9,12,5,8,14.5856736151128
2,0.5,2.5,0,9,12,5,8.1,14.7656230565721
2,0.5,2.5,0,9,12,5,8.2,14.9389738498588
2,0.5,2.5,0,9,12,5,8.3,15.1056587451309
2,0.5,2.5,0,9,12,5,8.4,15.2655928262073
2,0.5,2.5,0,9,12,5,8.5,15.4188338095592
2,0.5,2.5,0,9,12,5,8.6,15.5654680221806
2,0.5,2.5,0,9,12,5,8.7,15.7057196563302
2,0.5,2.5,0,9,12,5,8.8,15.8397247890129
2,0.5,2.5,0,9,12,5,8.9,15.9676272365063
2,0.5,2.5,0,9,12,5,9,16.0897488725906
2,0.5,2.5,0,9,12,5,9.1,16.206290308363
2,0.5,2.5,0,9,12,5,9.2,16.3176825497159
2,0.5,2.5,0,9,12,5,9.3,16.4241464624094
2,0.5,2.5,0,9,12,5,9.4,16.5258802494583
2,0.5,2.5,0,9,12,5,9.5,16.6234868565753
2,0.5,2.5,0,9,12,5,9.6,16.7175516513075
2,0.5,2.5,0,9,12,5,9.7,16.8082735497879
2,0.5,2.5,0,9,12,5,9.8,16.8959324870329
2,0.5,2.5,0,9,12,5,9.9,16.9810239405221
2,0.5,2.5,0,9,12,5,10,17.0638365211623
2,0.5,2.5,0,9,12,5,10.1,17.1447460448129
2,0.5,2.5,0,9,12,5,10.2,17.2238932936205
2,0.5,2.5,0,9,12,5,10.3,17.3014168141067
2,0.5,2.5,0,9,12,5,10.4,17.3775186548862
2,0.5,2.5,0,9,12,5,10.5,17.4522669722238
2,0.5,2.5,0,9,12,5,10.6,17.5257370309812
-2,0.5,2.5,0,11,8,5,0.6,8.03731839707085
-2,0.5,2.5,0,11,8,5,0.7,7.86495119561831
-2,0.5,2.5,0,11,8,5,0.8,7.57231044005432
-2,0.5,2.5,0,11,8,5,0.9,7.2397768006686
-2,0.5,2.5,0,11,8,5,1,6.91328870925532
-2,0.5,2.5,0,11,8,5,1.1,6.61308573874737
-2,0.5,2.5,0,11,8,5,1.2,6.34907497169273
-2,0.5,2.5,0,11,8,5,1.3,6.12895982030785
-2,0.5,2.5,0,11,8,5,1.4,5.94764126230535
-2,0.5,2.5,0,11,8,5,1.5,5.80891261282101
-2,0.5,2.5,0,11,8,5,1.6,5.70536201362989
-2,0.5,2.5,0,11,8,5,1.7,5.63236138975721
-2,0.5,2.5,0,11,8,5,1.8,5.58649559523733
-2,0.5,2.5,0,11,8,5,1.9,5.56104508270498
-2,0.5,2.5,0,11,8,5,2,5.55840400413249
-2,0.5,2.5,0,11,8,5,2.1,5.57118937963683
-2,0.5,2.5,0,11,8,5,2.2,5.59696162549193
-2,0.5,2.5,0,11,8,5,2.3,5.63610632712963
-2,0.5,2.5,0,11,8,5,2.4,5.68427380018093
-2,0.5,2.5,0,11,8,5,2.5,5.74201945766493
-2,0.5,2.5,0,11,8,5,2.6,5.80657498632012
-2,0.5,2.5,0,11,8,5,2.7,5.8776594435346
-2,0.5,2.5,0,11,8,5,2.8,5.9539055423514
-2,0.5,2.5,0,11,8,5,2.9,6.03461787555899
-2,0.5,2.5,0,11,8,5,3,6.1200502814506
-2,0.5,2.5,0,11,8,5,3.1,6.20871251405496
-2,0.5,2.5,0,11,8,5,3.2,6.30064001251958
-2,0.5,2.5,0,11,8,5,3.3,6.39511113388543
-2,0.5,2.5,0,11,8,5,3.4,6.49153793088808
-2,0.5,2.5,0,11,8,5,3.5,6.58977020765516
-2,0.5,2.5,0,11,8,5,3.6,6.68883227695982
-2,0.5,2.5,0,11,8,5,3.7,6.78874390894209
-2,0.5,2.5,0,11,8,5,3.8,6.88815759628179
-2,0.5,2.5,0,11,8,5,3.9,6.98712833726331
-2,0.5,2.5,0,11,8,5,4,7.08535083346866
-2,0.5,2.5,0,11,8,5,4.1,7.18224145251939
-2,0.5,2.5,0,11,8,5,4.2,7.27771437326025
-2,0.5,2.5,0,11,8,5,4.3,7.37118591231379
-2,0.5,2.5,0,11,8,5,4.4,7.46210283124428
-2,0.5,2.5,0,11,8,5,4.5,7.55016544561952
-2,0.5,2.5,0,11,8,5,4.6,7.63526179567099
-2,0.5,2.5,0,11,8,5,4.7,7.71718317806247
-2,0.5,2.5,0,11,8,5,4.8,7.79570703528952
-2,0.5,2.5,0,11,8,5,4.9,7.87073293633273
-2,0.5,2.5,0,11,8,5,5,7.94232175337201
-2,0.5,2.5,0,11,8,5,5.1,8.01018059606455
-2,0.5,2.5,0,11,8,5,5.2,8.07463279038112
-2,0.5,2.5,0,11,8,5,5.3,8.13576030746833
-2,0.5,2.5,0,11,8,5,5.4,8.19404014839174
-2,0.5,2.5,0,11,8,5,5.5,8.249511263498
-2,0.5,2.5,0,11,8,5,5.6,8.30256631759678
-2,0.5,2.5,0,11,8,5,5.7,8.35372285041562
-2,0.5,2.5,0,11,8,5,5.8,8.403181835905
-2,0.5,2.5,0,11,8,5,5.9,8.45070299747343
-2,0.5,2.5,0,11,8,5,6,8.49681196303946
-2,0.5,2.5,0,11,8,5,6.1,8.54182826344177
-2,0.5,2.5,0,11,8,5,6.2,8.58554413641194
-2,0.5,2.5,0,11,8,5,6.3,8.62813981423557
-2,0.5,2.5,0,11,8,5,6.4,8.66984050664405
-2,0.5,2.5,0,11,8,5,6.5,8.71100034407986
-2,0.5,2.5,0,11,8,5,6.6,8.75179015635514
-2,0.5,2.5,0,11,8,5,6.7,8.79253206142088
-2,0.5,2.5,0,11,8,5,6.8,8.83341540360847
-2,0.5,2.5,0,11,8,5,6.9,8.87478381267859
-2,0.5,2.5,0,11,8,5,7,8.91697441741877
-2,0.5,2.5,0,11,8,5,7.1,8.96041703142561
-2,0.5,2.5,0,11,8,5,7.2,9.00534460386755
-2,0.5,2.5,0,11,8,5,7.3,9.05204084277565
-2,0.5,2.5,0,11,8,5,7.4,9.10076194924965
-2,0.5,2.5,0,11,8,5,7.5,9.15199424898048
-2,0.5,2.5,0,11,8,5,7.6,9.20587001470725
-2,0.5,2.5,0,11,8,5,7.7,9.26255420966303
-2,0.5,2.5,0,11,8,5,7.8,9.32227024092883
-2,0.5,2.5,0,11,8,5,7.9,9.3852149155613
-2,0.5,2.5,0,11,8,5,8,9.45131776730612
-2,0.5,2.5,0,11,8,5,8.1,9.52080574761361
-2,0.5,2.5,0,11,8,5,8.2,9.59366405960826
-2,0.5,2.5,0,11,8,5,8.3,9.66994789737311
-2,0.5,2.5,0,11,8,5,8.4,9.7497749962164
-2,0.5,2.5,0,11,8,5,8.5,9.83317414965031
-2,0.5,2.5,0,11,8,5,8.6,9.92018118931798
-2,0.5,2.5,0,11,8,5,8.7,10.0107728386366
-2,0.5,2.5,0,11,8,5,8.8,10.1050681619982
-2,0.5,2.5,0,11,8,5,8.9,10.2031473794167
-2,0.5,2.5,0,11,8,5,9,10.3049695079975
-2,0.5,2.5,0,11,8,5,9.1,10.4105022978197
-2,0.5,2.5,0,11,8,5,9.2,10.5199342979814
-2,0.5,2.5,0,11,8,5,9.3,10.6331584494043
-2,0.5,2.5,0,11,8,5,9.4,10.7502349866793
-2,0.5,2.5,0,11,8,5,9.5,10.871080486165
-2,0.5,2.5,0,11,8,5,9.6,10.9956081799647
-2,0.5,2.5,0,11,8,5,9.7,11.1237246467316
-2,0.5,2.5,0,11,8,5,9.8,11.2553637202025
-2,0.5,2.5,0,11,8,5,9.9,11.3905222769278
-2,0.5,2.5,0,11,8,5,10,11.5290935707144
-2,0.5,2.5,0,11,8,5,10.1,11.6710574188395
-2,0.5,2.5,0,11,8,5,10.2,11.8162988609214
-2,0.5,2.5,0,11,8,5,10.3,11.9647631956841
-2,0.5,2.5,0,11,8,5,10.4,12.1163619932667
-2,0.5,2.5,0,11,8,5,10.5,12.2710222314254
-2,0.5,2.5,0,11,8,5,10.6,12.4287055901214
-2,0.5,2.5,0,11,12,5,0.6,7.8805370410048
-2,0.5,2.5,0,11,12,5,0.7,7.6878065806951
-2,0.5,2.5,0,11,12,5,0.8,7.38557614539027
-2,0.5,2.5,0,11,12,5,0.9,7.05396224172329
-2,0.5,2.5,0,11,12,5,1,6.73550544343848
-2,0.5,2.5,0,11,12,5,1.1,6.45089472355024
-2,0.5,2.5,0,11,12,5,1.2,6.20778758964228
-2,0.5,2.5,0,11,12,5,1.3,6.01194308290075
-2,0.5,2.5,0,11,12,5,1.4,5.85889109910712
-2,0.5,2.5,0,11,12,5,1.5,5.74881708006956
-2,0.5,2.5,0,11,12,5,1.6,5.67553512879109
-2,0.5,2.5,0,11,12,5,1.7,5.63282607300642
-2,0.5,2.5,0,11,12,5,1.8,5.61662769733888
-2,0.5,2.5,0,11,12,5,1.9,5.6198831041229
-2,0.5,2.5,0,11,12,5,2,5.64388572576682
-2,0.5,2.5,0,11,12,5,2.1,5.6809659790751
-2,0.5,2.5,0,11,12,5,2.2,5.72852181891862
-2,0.5,2.5,0,11,12,5,2.3,5.78613650780268
-2,0.5,2.5,0,11,12,5,2.4,5.84937320773425
-2,0.5,2.5,0,11,12,5,2.5,5.91868885388598
-2,0.5,2.5,0,11,12,5,2.6,5.99137766754557
-2,0.5,2.5,0,11,12,5,2.7,6.06772041126745
-2,0.5,2.5,0,11,12,5,2.8,6.14624256394269
-2,0.5,2.5,0,11,12,5,2.9,6.22625515466697
-2,0.5,2.5,0,11,12,5,3,6.30856842815826
-2,0.5,2.5,0,11,12,5,3.1,6.39192294787116
-2,0.5,2.5,0,11,12,5,3.2,6.47693218595392
-2,0.5,2.5,0,11,12,5,3.3,6.56339922038521
-2,0.5,2.5,0,11,12,5,3.4,6.6506102909861
-2,0.5,2.5,0,11,12,5,3.5,6.73909146341147
-2,0.5,2.5,0,11,12,5,3.6,6.82781020266496
-2,0.5,2.5,0,11,12,5,3.7,6.91717728437493
-2,0.5,2.5,0,11,12,5,3.8,7.00616269300729
-2,0.5,2.5,0,11,12,5,3.9,7.09460794261911
-2,0.5,2.5,0,11,12,5,4,7.18259830179466
-2,0.5,2.5,0,11,12,5,4.1,7.26976839800745
-2,0.5,2.5,0,11,12,5,4.2,7.35590758613661
-2,0.5,2.5,0,11,12,5,4.3,7.44045814252011
-2,0.5,2.5,0,11,12,5,4.4,7.52334684808274
-2,0.5,2.5,0,11,12,5,4.5,7.60411582559344
-2,0.5,2.5,0,11,12,5,4.6,7.68259534292924
-2,0.5,2.5,0,11,12,5,4.7,7.75855225907423
-2,0.5,2.5,0,11,12,5,4.8,7.83198931773585
-2,0.5,2.5,0,11,12,5,4.9,7.90289816812435
-2,0.5,2.5,0,11,12,5,5,7.97100956413532
-2,0.5,2.5,0,11,12,5,5.1,8.03628191795797
-2,0.5,2.5,0,11,12,5,5.2,8.09871124422467
-2,0.5,2.5,0,11,12,5,5.3,8.15851502562646
-2,0.5,2.5,0,11,12,5,5.4,8.21582286333464
-2,0.5,2.5,0,11,12,5,5.5,8.27112308868504
-2,0.5,2.5,0,11,12,5,5.6,8.32467674504491
-2,0.5,2.5,0,11,12,5,5.7,8.37678490529797
-2,0.5,2.5,0,11,12,5,5.8,8.4271243227222
-2,0.5,2.5,0,11,12,5,5.9,8.4759626157998
-2,0.5,2.5,0,11,12,5,6,8.52357451572922
-2,0.5,2.5,0,11,12,5,6.1,8.56995833378351
-2,0.5,2.5,0,11,12,5,6.2,8.61548744097036
-2,0.5,2.5,0,11,12,5,6.3,8.6600513223913
-2,0.5,2.5,0,11,12,5,6.4,8.70388675740953
-2,0.5,2.5,0,11,12,5,6.5,8.74698669739625
-2,0.5,2.5,0,11,12,5,6.6,8.78944393817612
-2,0.5,2.5,0,11,12,5,6.7,8.83172804815293
-2,0.5,2.5,0,11,12,5,6.8,8.87400229949384
-2,0.5,2.5,0,11,12,5,6.9,8.91638260600874
-2,0.5,2.5,0,11,12,5,7,8.95926508063059
-2,0.5,2.5,0,11,12,5,7.1,9.00303536344901
-2,0.5,2.5,0,11,12,5,7.2,9.04790243453419
-2,0.5,2.5,0,11,12,5,7.3,9.09437501849173
-2,0.5,2.5,0,11,12,5,7.4,9.14259559476683
-2,0.5,2.5,0,11,12,5,7.5,9.19288358157181
-2,0.5,2.5,0,11,12,5,7.6,9.24551993204351
-2,0.5,2.5,0,11,12,5,7.7,9.30077047994927
-2,0.5,2.5,0,11,12,5,7.8,9.35877648813907
-2,0.5,2.5,0,11,12,5,7.9,9.41968436461867
-2,0.5,2.5,0,11,12,5,8,9.48358518002244
-2,0.5,2.5,0,11,12,5,8.1,9.55044475208137
-2,0.5,2.5,0,11,12,5,8.2,9.6203819240214
-2,0.5,2.5,0,11,12,5,8.3,9.69357391653837
-2,0.5,2.5,0,11,12,5,8.4,9.76999823962004
-2,0.5,2.5,0,11,12,5,8.5,9.84968094945291
-2,0.5,2.5,0,11,12,5,8.6,9.93266753687877
-2,0.5,2.5,0,11,12,5,8.7,10.0190965173681
-2,0.5,2.5,0,11,12,5,8.8,10.1089959793522
-2,0.5,2.5,0,11,12,5,8.9,10.2024605117231
-2,0.5,2.5,0,11,12,5,9,10.299468543258
-2,0.5,2.5,0,11,12,5,9.1,10.4000868883351
-2,0.5,2.5,0,11,12,5,9.2,10.5044331222221
-2,0.5,2.5,0,11,12,5,9.3,10.6125074028179
-2,0.5,2.5,0,11,12,5,9.4,10.7241904016479
-2,0.5,2.5,0,11,12,5,9.5,10.8394855961573
-2,0.5,2.5,0,11,12,5,9.6,10.958417416821
-2,0.5,2.5,0,11,12,5,9.7,11.0809596125005
-2,0.5,2.5,0,11,12,5,9.8,11.2070484794834
-2,0.5,2.5,0,11,12,5,9.9,11.3365698980182
-2,0.5,2.5,0,11,12,5,10,11.4695576665645
-2,0.5,2.5,0,11,12,5,10.1,11.6058470301956
-2,0.5,2.5,0,11,12,5,10.2,11.7454457589459
-2,0.5,2.5,0,11,12,5,10.3,11.8883229802027
-2,0.5,2.5,0,11,12,5,10.4,12.0344192598773
-2,0.5,2.5,0,11,12,5,10.5,12.1836311828731
-2,0.5,2.5,0,11,12,5,10.6,12.3360386666399
